timestamp,patient_id,heart_rate,spo2,temperature,is_anomaly
2024-01-01 00:00:00,1,75.99342830602247,97.13257625373349,36.776176876667506,0
2024-01-01 00:01:00,1,74.7671348121282,97.23906107132191,36.790549723009505,0
2024-01-01 00:02:00,1,76.3827030726983,97.0449365784175,36.944552509257555,0
2024-01-01 00:03:00,1,78.17704662646668,96.75373117801702,37.05362607549052,0
2024-01-01 00:04:00,1,74.70633858408844,97.09739946007291,36.735723974254775,0
2024-01-01 00:05:00,1,74.75002650990297,96.89155346144038,36.96311668531445,0
2024-01-01 00:06:00,1,78.42037698317853,96.92046280996829,36.96307791570871,0
2024-01-01 00:07:00,1,76.84046674472198,97.14781825923977,37.15714678329434,0
2024-01-01 00:08:00,1,74.41028862257771,97.28255904955716,36.98241798621344,0
2024-01-01 00:09:00,1,76.47799093143011,97.04351106874834,37.0618226382234,0
2024-01-01 00:10:00,1,74.50966141834998,97.1053746803414,37.040248989847,0
2024-01-01 00:11:00,1,74.5486549347271,97.38839906562798,36.815661681634474,0
2024-01-01 00:12:00,1,76.00764746949687,97.10045105435952,37.10812917747599,0
2024-01-01 00:13:00,1,71.7407609367539,97.57697739464193,37.05543286055491,0
2024-01-01 00:14:00,1,72.16107344474895,97.17407873486505,37.087299012672,0
2024-01-01 00:15:00,1,74.529910087999,96.71315563776447,37.43166860003998,0
2024-01-01 00:16:00,1,73.67238646474007,97.22030291728719,36.83319951670637,0
2024-01-01 00:17:00,1,76.37009362120895,97.1501873631968,37.21663931718136,0
2024-01-01 00:18:00,1,73.96908691698026,97.33622169034857,37.01797616304945,0
2024-01-01 00:19:00,1,73.00404880873391,97.21721689416022,37.07799705169574,0
2024-01-01 00:20:00,1,78.80345909427513,97.05919261390589,37.047247730094945,0
2024-01-01 00:21:00,1,75.46409767270154,96.84632072450349,37.01190122683096,0
2024-01-01 00:22:00,1,76.0941779433945,97.05366532797044,36.99985815166598,0
2024-01-01 00:23:00,1,73.1530781362564,96.92964821573526,37.092299149336384,0
2024-01-01 00:24:00,1,74.957242920186,96.98792233667963,36.91012755424144,0
2024-01-01 00:25:00,1,76.3112674670298,97.22600949451306,37.13938887724806,0
2024-01-01 00:26:00,1,73.83082828127219,97.44653324302838,37.025186518490564,0
2024-01-01 00:27:00,1,76.9275830241563,97.19573659343831,36.95626256078635,0
2024-01-01 00:28:00,1,75.01825873493708,96.881866713069,37.02671985912915,0
2024-01-01 00:29:00,1,75.67947449200706,97.21419566638858,37.199875410718704,0
2024-01-01 00:30:00,1,75.10275056745388,97.3688236838918,37.02305359974973,0
2024-01-01 00:31:00,1,80.0539970591997,97.01175318407854,37.11484594863959,0
2024-01-01 00:32:00,1,76.3656974118499,97.11110851331428,37.0083048824507,0
2024-01-01 00:33:00,1,74.32049462284786,97.14504125017048,37.15957865126836,0
2024-01-01 00:34:00,1,78.1242035486113,96.98930477639803,37.15470882006918,0
2024-01-01 00:35:00,1,74.08059546876284,97.28011019795827,37.27337572617141,0
2024-01-01 00:36:00,1,76.98314998064998,97.13042268004996,37.07330005729448,0
2024-01-01 00:37:00,1,72.6891927199864,97.24266520643879,37.16004795189337,0
2024-01-01 00:38:00,1,73.99524038032767,96.98539458308261,37.10529925640961,0
2024-01-01 00:39:00,1,77.0883829722024,97.07952323738304,37.227373326782875,0
2024-01-01 00:40:00,1,78.21460937404386,97.31560031130356,37.02817977752842,0
2024-01-01 00:41:00,1,77.12339536117531,97.10065350173333,37.17682324614965,0
2024-01-01 00:42:00,1,76.59231087045048,97.52469563256851,37.08509512697676,0
2024-01-01 00:43:00,1,76.26431391335223,97.10344468177749,37.10037023904439,0
2024-01-01 00:44:00,1,73.95235560781795,97.23236393673258,37.11817018217208,0
2024-01-01 00:45:00,1,75.51255305302779,97.37798593750298,37.136406148655944,0
2024-01-01 00:46:00,1,76.07376858962279,96.91182080280348,37.1017273030189,0
2024-01-01 00:47:00,1,79.15205721009399,96.84734345693583,37.13697017498876,0
2024-01-01 00:48:00,1,77.76777711194856,96.89837001214161,37.275439494119475,0
2024-01-01 00:49:00,1,73.5971483316771,97.45999863250825,37.218281305695776,0
2024-01-01 00:50:00,1,77.8140442113685,97.10107489690029,37.20873990042595,0
2024-01-01 00:51:00,1,76.43831804942977,97.72703497260906,37.078337689603565,0
2024-01-01 00:52:00,1,75.89720284255006,97.1064777591628,37.03701350270379,0
2024-01-01 00:53:00,1,78.51692073747107,97.26015297710897,37.22349197591281,0
2024-01-01 00:54:00,1,79.39804479446624,97.53556312012458,37.2175689778046,0
2024-01-01 00:55:00,1,79.24103904061295,97.63224079865837,37.27921144491525,0
2024-01-01 00:56:00,1,75.74243146307536,97.64718641007244,37.073503754109666,0
2024-01-01 00:57:00,1,76.84478331106925,97.4804045022579,37.112881415251444,0
2024-01-01 00:58:00,1,78.16802951769796,97.44737111710967,36.973799021408986,0
2024-01-01 00:59:00,1,79.49883973377517,97.36487286013646,37.10038784880047,0
2024-01-01 01:00:00,1,76.63159925556305,97.40582975595657,37.241155573213724,0
2024-01-01 01:01:00,1,77.26077865222186,97.14369139093291,37.09668826823055,0
2024-01-01 01:02:00,1,75.4615253508365,97.09404038646288,37.2092004753294,0
2024-01-01 01:03:00,1,75.32382976037668,97.26073724998889,37.12789196915382,0
2024-01-01 01:04:00,1,79.38329057776552,97.23108726006515,37.18111255371173,0
2024-01-01 01:05:00,1,80.512662328654,97.17817039949956,37.035676767465134,0
2024-01-01 01:06:00,1,77.6980519813321,97.41176482380945,37.160680092995875,0
2024-01-01 01:07:00,1,79.89097378906926,97.46719892116914,36.85473268459358,0
2024-01-01 01:08:00,1,78.64896083038485,97.29744874364454,37.13681740210042,0
2024-01-01 01:09:00,1,76.67717427974371,97.57888153453878,36.994093747405664,0
2024-01-01 01:10:00,1,78.7318734348067,97.05862423729626,37.279347614544,0
2024-01-01 01:11:00,1,81.12676642331938,97.25179482640714,37.23806875077987,0
2024-01-01 01:12:00,1,78.02059411721058,97.15070475678758,37.20854745674011,0
2024-01-01 01:13:00,1,81.26302745833968,96.92428197449317,37.315505548369714,0
2024-01-01 01:14:00,1,72.93568414496815,97.28455054365325,37.07000980316185,0
2024-01-01 01:15:00,1,79.86035303354451,97.28021160126399,37.34110601032757,0
2024-01-01 01:16:00,1,78.43195450933707,97.61070224795418,37.26102853603054,0
2024-01-01 01:17:00,1,77.7010959087948,97.43760234364072,37.14556474670161,0
2024-01-01 01:18:00,1,78.52381950202555,97.11000659895073,37.284164150625486,0
2024-01-01 01:19:00,1,74.40628377610516,97.68904242424807,37.061325372710506,0
2024-01-01 01:20:00,1,77.98313701908504,97.56578632957489,37.090826391322985,0
2024-01-01 01:21:00,1,79.17769987754279,97.4413302870728,37.113712187136706,0
2024-01-01 01:22:00,1,81.46019073251702,97.28292030490589,37.12293678718274,0
2024-01-01 01:23:00,1,77.50872330346512,97.1396106258719,37.07141202200731,0
2024-01-01 01:24:00,1,76.96907004065024,97.26031318655227,37.30057893945169,0
2024-01-01 01:25:00,1,77.6232682974081,97.55573480595935,37.15355745094053,0
2024-01-01 01:26:00,1,80.49824261341237,97.71810710879942,37.21583485668542,0
2024-01-01 01:27:00,1,79.36552667094143,97.65301729980825,37.1246597068607,0
2024-01-01 01:28:00,1,77.68901942410997,97.24975119487482,37.00071382133947,0
2024-01-01 01:29:00,1,79.81551861187403,97.12672357578172,37.21082783417467,0
2024-01-01 01:30:00,1,79.02351052126356,97.38192355477169,36.99361300697375,0
2024-01-01 01:31:00,1,80.80694407378314,97.00313069862182,37.17895979092828,0
2024-01-01 01:32:00,1,77.50577280004698,97.42449717002103,37.04994449855922,0
2024-01-01 01:33:00,1,78.29470504773613,97.33336072226356,37.386424361670294,0
2024-01-01 01:34:00,1,78.20588808037537,97.2726638782561,37.27972158768172,0
2024-01-01 01:35:00,1,76.1030734646296,97.04989260303802,37.20001689025999,0
2024-01-01 01:36:00,1,79.66226605524172,97.47448714853788,37.316635869609755,0
2024-01-01 01:37:00,1,79.63198059053889,97.26813251915574,37.106424648520644,0
2024-01-01 01:38:00,1,79.15986314974103,97.1435663073646,37.24616244653879,0
2024-01-01 01:39:00,1,78.72014904704966,96.80594542742487,37.21252090232486,0
2024-01-01 01:40:00,1,76.39818903747462,97.37771407559894,37.219634180786386,0
2024-01-01 01:41:00,1,78.42716645913929,97.74045733843374,37.32112668099322,0
2024-01-01 01:42:00,1,78.62247327645467,97.72101938770112,37.26776643111912,0
2024-01-01 01:43:00,1,77.74271084562287,97.30007917185007,37.223982101119226,0
2024-01-01 01:44:00,1,79.06397415455353,97.27375703389866,37.03018002768109,0
2024-01-01 01:45:00,1,80.23384385571761,97.49062525843831,37.10018960479357,0
2024-01-01 01:46:00,1,83.2372261318125,97.19983401539967,37.184415140369396,0
2024-01-01 01:47:00,1,79.85303701978299,97.4624797125982,37.206481322569466,0
2024-01-01 01:48:00,1,80.05792337366555,97.5579169520357,37.08454793749877,0
2024-01-01 01:49:00,1,79.4327853497462,97.65263624247069,37.43912630297008,0
2024-01-01 01:50:00,1,75.78290198993294,97.38973642698018,37.34995440003217,0
2024-01-01 01:51:00,1,79.60609581998048,97.37151888807544,37.25884915814391,0
2024-01-01 01:52:00,1,79.81817431478521,97.2391120782346,37.20612926102754,0
2024-01-01 01:53:00,1,84.66269888184868,97.25175585667898,37.17795879444158,0
2024-01-01 01:54:00,1,79.38990319322339,97.37422767063094,37.10420778609794,0
2024-01-01 01:55:00,1,80.41603924499634,97.49535607914522,37.20733341101835,0
2024-01-01 01:56:00,1,79.78174869953688,97.60692725910874,37.22551209477726,0
2024-01-01 01:57:00,1,77.55195135458958,97.26586954963189,37.07567799334988,0
2024-01-01 01:58:00,1,82.21299503495443,97.72730553427492,37.23335461118485,0
2024-01-01 01:59:00,1,81.46916350733683,97.37677288326255,37.184459677340044,0
2024-01-01 02:00:00,1,81.58521470855104,97.42892105981969,37.00921912505565,0
2024-01-01 02:01:00,1,78.22213389216424,97.2859160627722,37.11394136179163,0
2024-01-01 02:02:00,1,82.88415930584473,96.9526410261367,37.15856497839366,0
2024-01-01 02:03:00,1,77.31243361751193,97.61639547424505,37.38860566249845,0
2024-01-01 02:04:00,1,81.32731745054724,97.58901896842407,37.255369285617036,0
2024-01-01 02:05:00,1,84.57188378082378,97.38741479148145,37.06600862511513,0
2024-01-01 02:06:00,1,78.24717017916035,97.45907472530037,37.247968979261906,0
2024-01-01 02:07:00,1,79.13281799383553,97.55082671716156,37.04440931200135,0
2024-01-01 02:08:00,1,80.50178642157815,97.13705785717994,37.30714900785485,0
2024-01-01 02:09:00,1,79.33250152952955,97.34565036415506,37.15147350442996,0
2024-01-01 02:10:00,1,77.27499332516825,97.61217327832018,37.18889434389198,0
2024-01-01 02:11:00,1,80.55021098675353,97.20428733043724,37.33047560296325,0
2024-01-01 02:12:00,1,78.32513925890972,97.51564696491914,37.06878360119999,0
2024-01-01 02:13:00,1,111.43348929727682,92.18737433519786,37.55735827174626,0
2024-01-01 02:14:00,1,108.68390912063298,92.55369703060794,37.63824647592989,0
2024-01-01 02:15:00,1,113.65897426069891,92.45496796482982,37.79994687764108,0
2024-01-01 02:16:00,1,109.02884074305078,92.14071988593071,37.54364331998201,0
2024-01-01 02:17:00,1,109.98735949691502,92.69830874265246,37.41179774484686,0
2024-01-01 02:18:00,1,82.29454480129392,97.32002169074663,37.14929933496261,0
2024-01-01 02:19:00,1,78.24170151966821,97.30643304432022,37.24895785857866,0
2024-01-01 02:20:00,1,81.19416107166751,97.51010517034888,37.31314526132878,0
2024-01-01 02:21:00,1,83.38922834215013,97.70119075854637,37.14610512194687,0
2024-01-01 02:22:00,1,77.59556789613913,97.26973492895013,37.15054775301302,0
2024-01-01 02:23:00,1,81.21528283599922,97.48663520361848,37.306316751888644,0
2024-01-01 02:24:00,1,81.40115000665965,97.56142630467684,37.00315601344526,0
2024-01-01 02:25:00,1,82.48028733218402,97.61561162308314,37.15044898772659,0
2024-01-01 02:26:00,1,78.47788453639933,97.51356993452906,37.207481855208485,0
2024-01-01 02:27:00,1,78.34590363054411,97.40613070386279,37.23246740629238,0
2024-01-01 02:28:00,1,82.06561674766964,97.31523630643909,37.1356387531531,0
2024-01-01 02:29:00,1,81.65050491810234,97.49916454386064,37.18910539121661,0
2024-01-01 02:30:00,1,81.59220775950459,97.26865262923542,36.93583856594338,0
2024-01-01 02:31:00,1,81.81868883566148,96.89991815972158,37.11782478482008,0
2024-01-01 02:32:00,1,79.80019654295822,97.57257111796434,37.22794731091002,0
2024-01-01 02:33:00,1,81.65908950461959,97.6670800203201,37.08328251937149,0
2024-01-01 02:34:00,1,81.81494508119282,97.0147033753777,37.18629468372432,0
2024-01-01 02:35:00,1,79.83419657058853,97.28630337132395,37.22393689746864,0
2024-01-01 02:36:00,1,85.02842829862088,97.61300278046085,37.14381735691978,0
2024-01-01 02:37:00,1,82.27840493766219,97.9015561340668,37.193910729533435,0
2024-01-01 02:38:00,1,78.98187122521927,97.49506352189655,37.07935282440396,0
2024-01-01 02:39:00,1,82.7112032217195,97.34611449607658,37.15369654699834,0
2024-01-01 02:40:00,1,79.48222846894183,97.45590860199272,37.234080969136244,0
2024-01-01 02:41:00,1,83.03913420334483,97.76819842293095,37.18742863142762,0
2024-01-01 02:42:00,1,83.8154060855963,97.3647279390905,37.11172072533714,0
2024-01-01 02:43:00,1,79.88997633394682,97.33474234312436,37.19140877641578,0
2024-01-01 02:44:00,1,83.49109475200589,97.39865429295284,37.23903240341098,0
2024-01-01 02:45:00,1,82.42278072088051,97.30512176461528,36.961132832429826,0
2024-01-01 02:46:00,1,83.27408978432103,97.52086822971374,37.2805613981486,0
2024-01-01 02:47:00,1,85.45617962640769,97.82177868813673,37.129527297312045,0
2024-01-01 02:48:00,1,81.20431460332375,97.56192979187111,37.20417254977703,0
2024-01-01 02:49:00,1,80.21998803874662,97.44727625259095,37.279791302223465,0
2024-01-01 02:50:00,1,79.98067278111903,97.43977975694293,37.02131482882061,0
2024-01-01 02:51:00,1,80.16019346944323,97.18586091851107,37.08592649412254,0
2024-01-01 02:52:00,1,81.66959353342169,97.6754400897887,37.1263772042603,0
2024-01-01 02:53:00,1,82.5379537188756,97.48353170931908,37.07519156602134,0
2024-01-01 02:54:00,1,82.44075348173652,97.46324611918934,37.32536907051924,0
2024-01-01 02:55:00,1,83.57332918704145,98.13816848895812,37.064480639104175,0
2024-01-01 02:56:00,1,81.97642536839727,97.55946433521625,37.092859841544,0
2024-01-01 02:57:00,1,84.88881612464255,97.34948421363185,37.16708462823908,0
2024-01-01 02:58:00,1,81.48362758231441,97.41466145665905,37.02463681613273,0
2024-01-01 02:59:00,1,87.4843391585072,97.72967454522473,37.10346488711427,0
2024-01-01 03:00:00,1,83.3262608033191,97.52265378421603,37.172934931929575,0
2024-01-01 03:01:00,1,80.39140139374976,97.21232027531556,37.10603598713414,0
2024-01-01 03:02:00,1,79.99458643856562,97.68375969872945,37.12809185814824,0
2024-01-01 03:03:00,1,83.13183513815494,97.36618501223175,37.0825822685038,0
2024-01-01 03:04:00,1,81.75034697302962,97.8743351864303,36.982130132378146,0
2024-01-01 03:05:00,1,83.65551855167207,97.71550894103797,37.16377524839722,0
2024-01-01 03:06:00,1,83.2041000396132,97.4098205537774,37.305125415329485,0
2024-01-01 03:07:00,1,82.14193582530712,97.75523573492585,37.129466209468745,0
2024-01-01 03:08:00,1,80.62383613645815,97.5123130382629,37.14812449787122,0
2024-01-01 03:09:00,1,79.31741953830836,97.6689681108248,37.192820850908305,0
2024-01-01 03:10:00,1,81.48363442569361,97.59499337002252,36.99454481614754,0
2024-01-01 03:11:00,1,84.11887162430645,97.32837092540348,37.28963777847491,0
2024-01-01 03:12:00,1,82.8635300327392,97.36848978970187,37.137507154493264,0
2024-01-01 03:13:00,1,79.97299174085659,97.70271150311592,37.27832780466815,0
2024-01-01 03:14:00,1,82.83981559346478,97.4292459769198,37.0396868986769,0
2024-01-01 03:15:00,1,83.29293008179278,97.41491521426634,37.29262508674942,0
2024-01-01 03:16:00,1,80.7832786177308,97.30402645686158,37.18614412551469,0
2024-01-01 03:17:00,1,82.88699790991599,97.57913909920315,37.161723627488826,0
2024-01-01 03:18:00,1,82.72437483851591,97.90625487899467,37.12759484732576,0
2024-01-01 03:19:00,1,80.35028146363696,97.27953626811296,37.077094445417075,0
2024-01-01 03:20:00,1,83.37991585287786,97.4971420987913,37.21973788597346,0
2024-01-01 03:21:00,1,83.81388313691873,97.77396013249431,37.111441015801546,0
2024-01-01 03:22:00,1,84.88624286834651,97.47476807422737,36.89840165409427,0
2024-01-01 03:23:00,1,84.85542359918306,97.58031362241034,36.98107725488823,0
2024-01-01 03:24:00,1,80.02001215991686,97.27646611319487,37.071882680239476,0
2024-01-01 03:25:00,1,80.92708397943214,97.57367450711973,37.119122985525195,0
2024-01-01 03:26:00,1,83.86003899776385,97.44961528777492,37.0801049496382,0
2024-01-01 03:27:00,1,83.88462549068316,97.68318405114475,37.20528687321077,0
2024-01-01 03:28:00,1,83.91408429203244,97.7224721084141,36.88589129525338,0
2024-01-01 03:29:00,1,90.61623692281795,98.0018274870073,37.09295806425024,0
2024-01-01 03:30:00,1,84.07918916585234,97.59872435052995,36.8943856506989,0
2024-01-01 03:31:00,1,85.2350223008722,97.54680311845395,37.149726033612104,0
2024-01-01 03:32:00,1,84.89822559173311,97.51933012466304,37.061867508369446,0
2024-01-01 03:33:00,1,84.31918327778261,97.40859277574941,37.11082071659696,0
2024-01-01 03:34:00,1,82.4118881634054,97.54565902731004,36.98000594775404,0
2024-01-01 03:35:00,1,84.58623764209433,97.41758175161344,37.191863869268694,0
2024-01-01 03:36:00,1,81.54836749810015,97.50901765379093,37.165602007658734,0
2024-01-01 03:37:00,1,82.64594512708028,97.73747214235348,37.117285596434336,0
2024-01-01 03:38:00,1,82.17426485821836,97.27123515536113,37.043470954736364,0
2024-01-01 03:39:00,1,83.33399456146175,97.69907437776577,37.111890240064916,0
2024-01-01 03:40:00,1,117.82466197887041,87.73304075026411,37.980687837747475,1
2024-01-01 03:41:00,1,109.48575677869114,87.44448728972264,38.13439642801919,1
2024-01-01 03:42:00,1,114.61759314296582,87.04217757637876,38.211244338855074,1
2024-01-01 03:43:00,1,110.04426942563246,87.3433961409447,38.1508047490733,1
2024-01-01 03:44:00,1,112.3503081801394,87.72273597208428,37.968223384069944,1
2024-01-01 03:45:00,1,85.4963857207356,97.45710464075191,37.074758234339214,0
2024-01-01 03:46:00,1,83.47119858792982,97.26012378972392,36.906728593858965,0
2024-01-01 03:47:00,1,81.21114396417657,97.35730015662539,37.09070184064973,0
2024-01-01 03:48:00,1,81.95986156170503,97.62461510443734,37.07593747046396,0
2024-01-01 03:49:00,1,59.773339973753835,87.56403895914478,37.84130451687725,1
2024-01-01 03:50:00,1,56.97692629220549,87.40507229732141,37.909511934667236,1
2024-01-01 03:51:00,1,58.8939309503391,87.37762577155047,37.99477618958813,1
2024-01-01 03:52:00,1,58.57535035704946,87.37073656842794,37.99039990288565,1
2024-01-01 03:53:00,1,57.20403713645477,87.26266945830635,37.896930467365195,1
2024-01-01 03:54:00,1,87.81799497400988,97.7682558304078,37.054165249559794,0
2024-01-01 03:55:00,1,84.82065117695893,97.37871184661095,37.03780133361269,0
2024-01-01 03:56:00,1,79.52507123634523,97.68456909607097,36.99061148440729,0
2024-01-01 03:57:00,1,83.97064482712248,97.74332841271556,36.93184195005668,0
2024-01-01 03:58:00,1,82.29637913988437,97.63662170938306,37.109673241846366,0
2024-01-01 03:59:00,1,85.34687027121925,97.34849647220753,37.167723845613,0
2024-01-01 04:00:00,1,82.07884889692207,97.51339439851061,36.95120721643008,0
2024-01-01 04:01:00,1,83.45613908569744,97.42560411119972,36.935726978529026,0
2024-01-01 04:02:00,1,84.7171425299962,97.24746488687296,37.04344526662994,0
2024-01-01 04:03:00,1,85.460068361374,97.49080648707816,36.955903365778,0
2024-01-01 04:04:00,1,81.34918874971417,97.18782356254805,36.97514981040825,0
2024-01-01 04:05:00,1,83.10183586810089,97.65883198248439,37.06043994442083,0
2024-01-01 04:06:00,1,,,,1
2024-01-01 04:07:00,1,82.50579137944065,97.45676100073157,37.113082469729946,0
2024-01-01 04:08:00,1,87.36391226067397,97.47075538815199,36.98591369497423,0
2024-01-01 04:09:00,1,84.66335273608857,97.35985398439172,36.93489339742802,0
2024-01-01 04:10:00,1,81.35183814943187,97.52647951353654,36.96452047647021,0
2024-01-01 04:11:00,1,85.72937752059437,97.31163459505416,36.96709256398124,0
2024-01-01 04:12:00,1,88.15784403113311,97.57831835062396,36.795140236431926,0
2024-01-01 04:13:00,1,85.99817023209843,97.13227570640676,37.11517037380286,0
2024-01-01 04:14:00,1,80.91403754050671,97.42412969356168,36.96723118788866,0
2024-01-01 04:15:00,1,83.00367640314317,97.78399129617078,37.004827242961866,0
2024-01-01 04:16:00,1,86.52516286951831,97.1934607356124,37.05311718512368,0
2024-01-01 04:17:00,1,82.59502624201264,97.25526950033209,36.85328835343303,0
2024-01-01 04:18:00,1,84.91685684877895,97.49086175455146,37.000201832031394,0
2024-01-01 04:19:00,1,85.5971667762831,97.42122863629217,36.92354866532231,0
2024-01-01 04:20:00,1,82.21254590476019,97.45264101122518,37.03245650970514,0
2024-01-01 04:21:00,1,83.96569146297972,97.47752595836842,36.73253230808529,0
2024-01-01 04:22:00,1,77.62036962128366,97.5037774120669,36.93283063134014,0
2024-01-01 04:23:00,1,82.07211759794173,97.59588893556185,36.87995283186607,0
2024-01-01 04:24:00,1,83.63357126692979,97.45300003011741,36.9809662832682,0
2024-01-01 04:25:00,1,81.66078166517194,97.31984380423354,36.98226018046624,0
2024-01-01 04:26:00,1,87.43863653031428,97.4996410409649,36.86202005478739,0
2024-01-01 04:27:00,1,81.33082216085523,97.74210580882989,36.8591036737528,0
2024-01-01 04:28:00,1,83.32813170903081,97.33257817780147,36.91680489494227,0
2024-01-01 04:29:00,1,84.4866420476555,97.16114718611882,36.83576995673567,0
2024-01-01 04:30:00,1,87.12447180391874,97.57439014836878,37.00720809091441,0
2024-01-01 04:31:00,1,81.38678905856295,97.3257918314688,36.88367775345527,0
2024-01-01 04:32:00,1,86.60125248654599,96.91220152395356,36.62750202765679,0
2024-01-01 04:33:00,1,84.31162589888035,97.51306069552567,36.87833505536554,0
2024-01-01 04:34:00,1,82.34420013312443,97.2333254487965,36.80959373471535,0
2024-01-01 04:35:00,1,85.24730459976037,97.31907319727885,36.747966241864006,0
2024-01-01 04:36:00,1,,,,1
2024-01-01 04:37:00,1,83.15389079420784,97.36878043229437,36.91737224953921,0
2024-01-01 04:38:00,1,84.50927480444187,97.46928323025222,37.036988157508745,0
2024-01-01 04:39:00,1,83.61421089363705,97.23698299629793,36.93315164508458,0
2024-01-01 04:40:00,1,84.62686130855619,97.42336411935405,36.83890882565253,0
2024-01-01 04:41:00,1,85.73889728982653,97.26547185373087,36.94289278471468,0
2024-01-01 04:42:00,1,87.60129940550334,97.46175731154368,36.84915415607526,0
2024-01-01 04:43:00,1,81.96808483876643,97.4336587930905,36.8233819774615,0
2024-01-01 04:44:00,1,88.72405260422856,97.1200639516435,36.77520296133193,0
2024-01-01 04:45:00,1,80.56789995759706,97.52089108774052,36.71327232571505,0
2024-01-01 04:46:00,1,84.18241448290647,97.19302178825644,36.847297953168045,0
2024-01-01 04:47:00,1,85.67634735171421,97.45832295542809,36.899950300905736,0
2024-01-01 04:48:00,1,85.07524382768462,97.36664314980771,36.872357091767455,0
2024-01-01 04:49:00,1,83.28122683546806,97.65727435557471,36.838317516293564,0
2024-01-01 04:50:00,1,84.12356553189555,97.24137426913687,36.783254958027314,0
2024-01-01 04:51:00,1,83.56681044404314,97.2126121363496,36.93659050065334,0
2024-01-01 04:52:00,1,83.38690295558406,97.27497806284688,36.742010323350186,0
2024-01-01 04:53:00,1,86.27747445057057,97.21459124996342,36.94930560749682,0
2024-01-01 04:54:00,1,85.30475640551919,97.43155982066642,36.76948242861283,0
2024-01-01 04:55:00,1,83.21717857267464,96.94463284236814,36.79248427772927,0
2024-01-01 04:56:00,1,86.41428676224325,97.05346157440052,36.719095649032724,0
2024-01-01 04:57:00,1,85.24159198940285,97.04692042041026,36.813703350916526,0
2024-01-01 04:58:00,1,86.26443958270549,97.44680560540068,36.95946757110346,0
2024-01-01 04:59:00,1,85.90951166386999,97.59511026456222,36.91161558314058,0
2024-01-01 05:00:00,1,83.00361861080664,97.22832195660767,36.956035447114935,0
2024-01-01 05:01:00,1,83.55241700604091,97.2116526611168,36.908572283762204,0
2024-01-01 05:02:00,1,86.17835233865648,97.25561392837743,36.7441804861036,0
2024-01-01 05:03:00,1,85.91530707999381,97.4701472216541,36.81968294350435,0
2024-01-01 05:04:00,1,84.66337995472796,97.0484508672721,36.77298161357771,0
2024-01-01 05:05:00,1,84.95026947320996,97.27772738484013,36.98232424306209,0
2024-01-01 05:06:00,1,87.2811908336341,97.42120766460336,36.72787897745845,0
2024-01-01 05:07:00,1,83.55277917603247,97.32248427546271,36.93524485697721,0
2024-01-01 05:08:00,1,85.83999201206157,97.25626211771527,36.933514166212824,0
2024-01-01 05:09:00,1,84.35110143696873,97.41461871483388,37.025551219958196,0
2024-01-01 05:10:00,1,84.32962783886433,96.66981038883085,36.800017970137525,0
2024-01-01 05:11:00,1,86.97186128295806,97.34206321306046,36.91064355897558,0
2024-01-01 05:12:00,1,86.43427126317206,97.07168856751761,37.06602879458421,0
2024-01-01 05:13:00,1,86.41940230187454,96.83237723687867,36.77457953101003,0
2024-01-01 05:14:00,1,87.41209841679762,97.29672931041031,36.68134784237478,0
2024-01-01 05:15:00,1,84.85171939934143,97.46519064212663,36.64538736878642,0
2024-01-01 05:16:00,1,86.18200154981933,97.15892484840649,36.903224667848065,0
2024-01-01 05:17:00,1,84.20575880292341,97.37293086308343,36.64223237088214,0
2024-01-01 05:18:00,1,85.48263439142507,97.50073910113184,36.791938488319985,0
2024-01-01 05:19:00,1,84.58183745680873,97.43718024029081,36.87155402571274,0
2024-01-01 05:20:00,1,85.04374973425915,97.49809087124176,36.84502211679638,0
2024-01-01 05:21:00,1,86.0475183079639,97.31441110774692,36.86776067451703,0
2024-01-01 05:22:00,1,83.22802141555938,97.17694732345676,36.846186788607945,0
2024-01-01 05:23:00,1,89.0563077920694,96.83733007599226,36.950616205150055,0
2024-01-01 05:24:00,1,82.86638073530867,97.10436135550613,36.72630022313206,0
2024-01-01 05:25:00,1,82.45673219806916,96.98076343732559,36.75266520685947,0
2024-01-01 05:26:00,1,87.20783663608843,97.57942880896556,36.74196245805133,0
2024-01-01 05:27:00,1,86.48125715853803,97.10587953607032,36.90114228298446,0
2024-01-01 05:28:00,1,86.15229958188904,97.1615033360558,36.90708886685507,0
2024-01-01 05:29:00,1,86.16669032230068,97.24295468895858,36.861128837458686,0
2024-01-01 05:30:00,1,84.8912561796465,97.13716322564001,36.9333445399311,0
2024-01-01 05:31:00,1,83.12680235988577,97.46322827205569,36.69621169791692,0
2024-01-01 05:32:00,1,85.07829244668304,96.99545404638809,36.97979071896582,0
2024-01-01 05:33:00,1,83.57754288220889,97.15466211460415,36.96447676745277,0
2024-01-01 05:34:00,1,86.88709939569198,96.96299438488775,36.884831933859225,0
2024-01-01 05:35:00,1,84.6475493429578,96.84322337616852,36.98859883678434,0
2024-01-01 05:36:00,1,83.29528435137311,96.98060525944565,36.6439383658124,0
2024-01-01 05:37:00,1,84.30793207456048,97.09127506579749,36.75637028292665,0
2024-01-01 05:38:00,1,85.78080196887528,97.00853780238707,36.734531964551216,0
2024-01-01 05:39:00,1,83.83153546597674,96.9516226746123,36.879490390320726,0
2024-01-01 05:40:00,1,83.31839942338777,96.80454512962179,36.701641588083966,0
2024-01-01 05:41:00,1,85.45388033860777,97.06488271585536,36.881751555693285,0
2024-01-01 05:42:00,1,85.45991474722538,96.77624874813807,36.94243532064109,0
2024-01-01 05:43:00,1,83.9593808656662,97.22488712153995,36.87431505493712,0
2024-01-01 05:44:00,1,84.03428607594861,97.08504142774655,36.832616419896794,0
2024-01-01 05:45:00,1,85.44336783303835,96.77271549775318,36.70493412491932,0
2024-01-01 05:46:00,1,82.08581429143821,96.99805140487943,36.71855018195135,0
2024-01-01 05:47:00,1,82.16958013499962,96.90512479437248,36.92774475014414,0
2024-01-01 05:48:00,1,83.54995359564417,97.11504959608318,36.880299180179115,0
2024-01-01 05:49:00,1,84.56209168969356,97.31495949609292,36.79807765896967,0
2024-01-01 05:50:00,1,85.61275463897884,96.66748605159881,36.75983796439708,0
2024-01-01 05:51:00,1,87.94341497880102,97.06117365739092,36.59873147684899,0
2024-01-01 05:52:00,1,86.70959431726622,97.00178686776576,36.693944458930936,0
2024-01-01 05:53:00,1,84.67577999575653,97.16372384888332,36.99192318608853,0
2024-01-01 05:54:00,1,84.95881605721256,97.0677353196604,36.672521479410634,0
2024-01-01 05:55:00,1,82.9927905708758,96.87034037427048,36.81933499709057,0
2024-01-01 05:56:00,1,84.96163324601825,96.9525601189023,36.90098564095549,0
2024-01-01 05:57:00,1,84.4219618332857,96.85280115165108,36.67463748072505,0
2024-01-01 05:58:00,1,85.64514518838386,97.22284225210845,36.81852359324536,0
2024-01-01 05:59:00,1,83.34548449246543,97.00753707281272,36.89380120535945,0
2024-01-01 06:00:00,1,86.03868707065206,97.37914654918744,36.80125100459932,0
2024-01-01 06:01:00,1,88.06532888060309,96.98241000147665,37.086867115206616,0
2024-01-01 06:02:00,1,84.78199712266708,96.8484949792734,36.63322693299851,0
2024-01-01 06:03:00,1,85.80241658767696,96.68306837169928,36.90605406283274,0
2024-01-01 06:04:00,1,86.37856621971028,96.62081931456753,36.78302967258529,0
2024-01-01 06:05:00,1,84.19493176786585,96.66025747564258,36.877664761739965,0
2024-01-01 06:06:00,1,85.44446155041213,97.02614915638874,36.844800596857446,0
2024-01-01 06:07:00,1,85.02017468421063,97.07011007284939,36.72758559908252,0
2024-01-01 06:08:00,1,85.18886482083347,96.64777058228594,36.824066357126696,0
2024-01-01 06:09:00,1,83.44582527051064,97.1386627846824,36.61567618825426,0
2024-01-01 06:10:00,1,85.0390069064186,96.85869238739564,36.8621247639817,0
2024-01-01 06:11:00,1,85.9839344006923,96.9803160844548,36.831983548817284,0
2024-01-01 06:12:00,1,87.887985873773,97.26905823200433,36.86643535205034,0
2024-01-01 06:13:00,1,86.90181077270535,97.12164266501684,36.90881667642324,0
2024-01-01 06:14:00,1,89.28701416659972,96.88423376986225,36.84023613769876,0
2024-01-01 06:15:00,1,83.44314397547976,96.75537128464785,36.81878612593005,0
2024-01-01 06:16:00,1,86.71947999658961,96.49892154265797,36.716407014754196,0
2024-01-01 06:17:00,1,85.3383321859328,96.78113424500528,36.73386197864067,0
2024-01-01 06:18:00,1,89.34787338244264,96.8784248691755,36.924361167885884,0
2024-01-01 06:19:00,1,83.34810024154389,96.71890707073936,36.949958238002395,0
2024-01-01 06:20:00,1,83.2814924469108,96.88579002164346,36.78318387676834,0
2024-01-01 06:21:00,1,83.75820025387124,96.92311693824574,36.81229853449779,0
2024-01-01 06:22:00,1,80.70505367941341,96.85848754710864,36.717973157370054,0
2024-01-01 06:23:00,1,83.89700491666919,96.76917777133396,36.926479483874544,0
2024-01-01 06:24:00,1,83.42572980019975,96.92863645455904,36.876547423594275,0
2024-01-01 06:25:00,1,85.24007327698557,96.97902889722543,37.00496202654806,0
2024-01-01 06:26:00,1,85.61789874354824,96.66830453867664,36.72387497346634,0
2024-01-01 06:27:00,1,88.68164015901914,97.16432308126893,36.77480579740894,0
2024-01-01 06:28:00,1,86.82486854319437,96.85818021825035,36.83668263922788,0
2024-01-01 06:29:00,1,83.76474673999171,96.87743832016362,36.87915045412785,0
2024-01-01 06:30:00,1,83.11606879559837,97.01109146511006,36.79393001838357,0
2024-01-01 06:31:00,1,85.89089157860111,96.9118819474142,36.72922761250561,0
2024-01-01 06:32:00,1,82.26055304058754,97.05166646550842,36.90572289528015,0
2024-01-01 06:33:00,1,88.55771444216018,96.91427498645103,36.89078539929623,0
2024-01-01 06:34:00,1,87.24726596313157,96.73018460973904,36.72816528647862,0
2024-01-01 06:35:00,1,83.9434347063615,96.9208059561549,36.95648873066226,0
2024-01-01 06:36:00,1,81.44872884473912,96.61560472904783,36.93914679838996,0
2024-01-01 06:37:00,1,87.57576627648521,96.861918500898,36.83676957412254,0
2024-01-01 06:38:00,1,84.63177732877098,96.82942933665241,36.83254301944195,0
2024-01-01 06:39:00,1,87.32913713682484,96.79033323921948,36.88126241767088,0
2024-01-01 06:40:00,1,81.65710883154652,96.80214319922582,36.74098962094184,0
2024-01-01 06:41:00,1,83.63948602589792,96.44738811131627,36.831496019723204,0
2024-01-01 06:42:00,1,84.84080782766094,96.70993359794683,36.61461688890576,0
2024-01-01 06:43:00,1,84.91617855683401,96.834181970069,36.918892373437494,0
2024-01-01 06:44:00,1,83.91379610657191,96.8435327398934,36.676518007355114,0
2024-01-01 06:45:00,1,86.05114949165235,96.60198927523781,36.984458544608536,0
2024-01-01 06:46:00,1,82.66154440444254,97.05664339167363,36.802582247325866,0
2024-01-01 06:47:00,1,84.50317515342522,96.62625935883739,36.81593346272935,0
2024-01-01 06:48:00,1,85.01948763990868,96.98939356407774,36.7758606253694,0
2024-01-01 06:49:00,1,85.79854986268133,96.87696438679585,36.811391671312855,0
2024-01-01 06:50:00,1,86.1834915097417,96.65831934111411,36.98363765568463,0
2024-01-01 06:51:00,1,82.50138104921977,97.13868247052127,36.594619765079564,0
2024-01-01 06:52:00,1,81.67265447404529,96.54096491562711,36.97274014870655,0
2024-01-01 06:53:00,1,87.28626833172608,96.95961190729106,36.88051552546654,0
2024-01-01 06:54:00,1,85.38538906413488,96.97200342564778,36.72770688125378,0
2024-01-01 06:55:00,1,83.21344899272296,96.63388620553737,36.74259968585982,0
2024-01-01 06:56:00,1,87.80220191306805,97.0426442841597,37.01951782200763,0
2024-01-01 06:57:00,1,84.92053819796453,96.71030088379003,36.75910084055383,0
2024-01-01 06:58:00,1,87.0368895401992,96.81422615381412,36.74011459767065,0
2024-01-01 06:59:00,1,84.8022538606112,96.80474760716871,36.97100402554271,0
2024-01-01 07:00:00,1,88.7774501675087,96.72203616289116,36.89297527112203,0
2024-01-01 07:01:00,1,88.15518933154061,96.90729338657066,36.76719901065353,0
2024-01-01 07:02:00,1,84.13494880579236,96.90008273299313,36.884549502155615,0
2024-01-01 07:03:00,1,86.56420480967904,96.38795157309525,36.76223069882857,0
2024-01-01 07:04:00,1,85.89981718612185,96.99481900131667,36.97683026662027,0
2024-01-01 07:05:00,1,87.33414758409396,96.39776582896602,36.974850246616974,0
2024-01-01 07:06:00,1,82.65467376507083,96.93310731125639,36.923901319965,0
2024-01-01 07:07:00,1,85.94407709426962,96.94829379113143,36.90887654173221,0
2024-01-01 07:08:00,1,86.67609414605317,96.50113529865385,37.05086082435391,0
2024-01-01 07:09:00,1,81.02885495030738,96.63356295196907,36.876763713016516,0
2024-01-01 07:10:00,1,82.16672364749334,96.49100377940472,36.7606818760252,0
2024-01-01 07:11:00,1,80.44150131547084,96.66560136235846,36.92591167212012,0
2024-01-01 07:12:00,1,83.96769550185121,96.64344179008522,37.09168440257502,0
2024-01-01 07:13:00,1,85.92795594021327,96.85746632479899,36.78373922663223,0
2024-01-01 07:14:00,1,87.48376680883007,96.96010429991784,36.851224072744074,0
2024-01-01 07:15:00,1,84.61324282308426,96.97371067240047,36.931189452028136,0
2024-01-01 07:16:00,1,87.70810445948376,96.57869495619279,36.8863478143566,0
2024-01-01 07:17:00,1,81.67631037683776,96.64586239248436,36.79571996813421,0
2024-01-01 07:18:00,1,81.0152084320887,96.34762114991793,37.00836633503897,0
2024-01-01 07:19:00,1,84.29615830034753,96.51976087072477,37.130432658522274,0
2024-01-01 07:20:00,1,85.16048563380127,96.8705556381315,36.920307197063124,0
2024-01-01 07:21:00,1,84.31188721200562,96.99737689097341,36.81256972624745,0
2024-01-01 07:22:00,1,80.22713570233749,96.42409040746578,36.75037965435709,0
2024-01-01 07:23:00,1,84.16834453043886,96.54919227808362,36.9333887097115,0
2024-01-01 07:24:00,1,81.72203212259994,96.65915426884395,37.02031010644924,0
2024-01-01 07:25:00,1,85.65452484018452,96.71724353239233,36.959785863091824,0
2024-01-01 07:26:00,1,85.03240725946566,96.49609231297843,36.91439047381471,0
2024-01-01 07:27:00,1,82.40330492964645,96.73965302203197,36.85808011009195,0
2024-01-01 07:28:00,1,83.23900742076766,96.55692706165483,36.81018156951032,0
2024-01-01 07:29:00,1,82.13181429411688,96.6456851564809,37.00527755287645,0
2024-01-01 07:30:00,1,84.10820686968744,96.75473993938107,37.01559748722561,0
2024-01-01 07:31:00,1,86.12699739339412,96.64370205823744,36.772078253770765,0
2024-01-01 07:32:00,1,82.22823263098711,96.55210220980915,37.08807862301782,0
2024-01-01 07:33:00,1,85.19057433370898,96.61444671160642,36.9889575061942,0
2024-01-01 07:34:00,1,83.10458758067578,96.61571309546198,37.07397725232005,0
2024-01-01 07:35:00,1,82.56180393469688,96.5564284541541,36.80228373808853,0
2024-01-01 07:36:00,1,83.91576126281957,96.57574460369024,36.8024037186507,0
2024-01-01 07:37:00,1,82.04143566108073,96.9443348128838,36.92658929341748,0
2024-01-01 07:38:00,1,82.98654629939557,96.73391945843046,36.99427479725927,0
2024-01-01 07:39:00,1,81.67984035467029,96.55979854164688,37.12615217631573,0
2024-01-01 07:40:00,1,87.98662460893978,96.75547358556769,37.019652901790906,0
2024-01-01 07:41:00,1,84.10910697502244,96.54653618356434,36.927314542128386,0
2024-01-01 07:42:00,1,82.62036206228296,96.8451718755222,36.85149171603762,0
2024-01-01 07:43:00,1,84.42883414393232,96.6817519525264,37.07968253182034,0
2024-01-01 07:44:00,1,83.75710786535245,96.58366955864881,36.86277320227181,0
2024-01-01 07:45:00,1,83.52054317035194,96.69200995866325,37.12465886370618,0
2024-01-01 07:46:00,1,85.17136330420769,96.28565824493894,36.93594835906344,0
2024-01-01 07:47:00,1,85.4384223597979,96.37187740002148,37.1260259576993,0
2024-01-01 07:48:00,1,82.84261155505703,96.355874026046,37.037447473631836,0
2024-01-01 07:49:00,1,82.73201453191173,96.62070669100237,36.95844661382924,0
2024-01-01 07:50:00,1,83.31341541476102,96.93611122164452,36.92280312298551,0
2024-01-01 07:51:00,1,79.23937529221767,97.03338969705857,36.943252903543055,0
2024-01-01 07:52:00,1,80.79236571372024,96.71229281956923,37.02278017906386,0
2024-01-01 07:53:00,1,86.53585838349592,96.68243609773239,36.990272418493134,0
2024-01-01 07:54:00,1,87.07123947362383,96.21967211557428,36.92578688007276,0
2024-01-01 07:55:00,1,83.26225874971098,96.46899740008645,36.971218676772736,0
2024-01-01 07:56:00,1,84.8923045211808,96.41765612457212,36.99825541413457,0
2024-01-01 07:57:00,1,84.34038405748412,96.44875646438422,36.78014184266957,0
2024-01-01 07:58:00,1,89.85417231193316,96.5370428979561,37.041450803002846,0
2024-01-01 07:59:00,1,85.9139216671997,96.4740319642442,36.90028135759838,0
2024-01-01 08:00:00,1,83.39713242590443,96.17040144570831,36.88554002796884,0
2024-01-01 08:01:00,1,81.71991752312645,96.71368786380366,36.83475847195963,0
2024-01-01 08:02:00,1,80.39597200904292,96.34743485341085,36.826722695941534,0
2024-01-01 08:03:00,1,83.99349403827338,96.60774388039188,36.87318518576827,0
2024-01-01 08:04:00,1,82.05140368981107,96.97265565286554,36.94044433275835,0
2024-01-01 08:05:00,1,80.69697290011568,96.37194053102266,37.209286887860834,0
2024-01-01 08:06:00,1,82.22554684619165,96.04777214846557,36.96398515663857,0
2024-01-01 08:07:00,1,81.33264649369606,96.49467503715306,37.03695744130718,0
2024-01-01 08:08:00,1,86.84691368574522,96.77014821087653,37.06183658440283,0
2024-01-01 08:09:00,1,85.21263631323387,96.93974049729017,37.03749724091708,0
2024-01-01 08:10:00,1,83.40997681320843,96.30031027411711,37.019244467731035,0
2024-01-01 08:11:00,1,61.36221502968351,86.64374382935134,37.41005289812818,1
2024-01-01 08:12:00,1,58.53330783266148,50.0,37.67726341418284,1
2024-01-01 08:13:00,1,56.63208754247346,86.51968626400551,37.71547318864484,1
2024-01-01 08:14:00,1,61.3768295456793,87.06803303178383,37.36906455667835,1
2024-01-01 08:15:00,1,59.384168101747676,86.23689386742623,37.437498063542215,1
2024-01-01 08:16:00,1,81.20746396820218,96.58659470718386,37.01448353861036,0
2024-01-01 08:17:00,1,82.87672928743214,96.62777964722686,36.94856715737222,0
2024-01-01 08:18:00,1,81.4814630758811,96.74982803451465,37.0981661313932,0
2024-01-01 08:19:00,1,80.44223610312102,96.55073279528449,36.977282832857156,0
2024-01-01 08:20:00,1,85.03517015989307,96.59124742299377,37.269147538891644,0
2024-01-01 08:21:00,1,86.97647183994772,96.44984462185226,37.1742196380939,0
2024-01-01 08:22:00,1,80.3351713799352,96.58057272513679,37.078935562928926,0
2024-01-01 08:23:00,1,84.23275792686493,96.45671797346944,37.16288027080777,0
2024-01-01 08:24:00,1,81.77989268440652,96.64831609442166,37.173264845369964,0
2024-01-01 08:25:00,1,82.08113135640164,96.44876123663359,37.00876245865139,0
2024-01-01 08:26:00,1,81.84464500064438,96.5968213700668,36.986006707651946,0
2024-01-01 08:27:00,1,81.27534895358745,96.51430321381154,37.07790235915765,0
2024-01-01 08:28:00,1,83.07411880893777,96.74415690476592,37.15869926014134,0
2024-01-01 08:29:00,1,81.28876829715426,96.50749587294959,37.08887683649822,0
2024-01-01 08:30:00,1,83.46502357874213,96.16203266146908,36.919693433635246,0
2024-01-01 08:31:00,1,82.79692403210868,96.76792485367385,36.99951964333771,0
2024-01-01 08:32:00,1,82.39264391693777,96.33333243653567,37.07480011456415,0
2024-01-01 08:33:00,1,81.02840239418143,96.38270099787378,37.07701204999892,0
2024-01-01 08:34:00,1,81.66282722760432,96.39333447954652,37.2841995253603,0
2024-01-01 08:35:00,1,84.29984349155418,96.78640400890598,36.95069829234793,0
2024-01-01 08:36:00,1,83.7634380676424,96.08346845103087,37.14219246780916,0
2024-01-01 08:37:00,1,80.77888788009187,97.13727722538412,37.24286558873089,0
2024-01-01 08:38:00,1,82.90491020894345,96.72010049334799,37.32340386574886,0
2024-01-01 08:39:00,1,84.18112015343262,96.55273597923556,37.05810724580009,0
2024-01-01 08:40:00,1,79.31148926516677,96.49634597423285,37.14996112130709,0
2024-01-01 08:41:00,1,83.70882827970561,96.56370973856382,37.1600481009788,0
2024-01-01 08:42:00,1,81.26852312888603,96.61013518514733,37.12485644221615,0
2024-01-01 08:43:00,1,83.7064859603422,96.63430327166743,37.097641883622074,0
2024-01-01 08:44:00,1,81.0101440540058,96.61576823142128,37.15332362767013,0
2024-01-01 08:45:00,1,78.89812822301391,96.52198843368522,36.858682338032494,0
2024-01-01 08:46:00,1,79.22389446764568,96.46406739190917,37.182275552056986,0
2024-01-01 08:47:00,1,82.5460935688495,96.47278105806764,37.12882847767143,0
2024-01-01 08:48:00,1,82.94017097807722,96.46359259592793,37.09608534209477,0
2024-01-01 08:49:00,1,80.58275354718074,96.72890474213546,37.32512089190067,0
2024-01-01 08:50:00,1,83.63909162069966,96.62047650384346,37.055022446454295,0
2024-01-01 08:51:00,1,79.00924612940122,95.91333986434434,37.08426840378541,0
2024-01-01 08:52:00,1,82.17036641719234,96.63228820024317,37.32577011213724,0
2024-01-01 08:53:00,1,79.8505941526433,96.539783782917,37.04542570570294,0
2024-01-01 08:54:00,1,80.93891622141261,96.49686135780074,37.07561529111935,0
2024-01-01 08:55:00,1,82.30720958434354,96.42270406747114,37.11789684694355,0
2024-01-01 08:56:00,1,80.4612718109916,96.72507304986486,37.218622655562186,0
2024-01-01 08:57:00,1,81.38253682603528,96.6896366568427,37.15725618978033,0
2024-01-01 08:58:00,1,84.13364655948791,96.34547480926132,37.00911671906417,0
2024-01-01 08:59:00,1,80.93655446534703,96.58141790469502,37.087041968663094,0
2024-01-01 09:00:00,1,83.73086451435796,96.30567133411324,37.08137888681043,0
2024-01-01 09:01:00,1,79.76907407755385,96.22411241148592,37.13622334635132,0
2024-01-01 09:02:00,1,83.0569696410211,96.37476409007444,37.1883362388754,0
2024-01-01 09:03:00,1,84.84923861993545,96.67269584169239,37.18935386218535,0
2024-01-01 09:04:00,1,76.99141966287284,96.69098988183012,36.97168821056077,0
2024-01-01 09:05:00,1,80.30939322627594,96.60316778436359,37.257413968558744,0
2024-01-01 09:06:00,1,83.02567145627273,96.64579377318196,37.17798132578563,0
2024-01-01 09:07:00,1,81.43364888865848,96.60427225950683,37.29285601239931,0
2024-01-01 09:08:00,1,82.55011346648834,96.37304032013498,37.200474513914315,0
2024-01-01 09:09:00,1,80.56780361400021,96.58805921315358,37.26781207416198,0
2024-01-01 09:10:00,1,81.9167766497396,96.6621326764663,37.205932351555234,0
2024-01-01 09:11:00,1,81.39993712450115,96.65332307806939,37.295471108674,0
2024-01-01 09:12:00,1,84.01442228813089,96.74069946899684,37.21461671041298,0
2024-01-01 09:13:00,1,82.15513908831839,96.64506745417854,37.154115372266176,0
2024-01-01 09:14:00,1,82.28881525092169,96.57422408636543,37.39263749540493,0
2024-01-01 09:15:00,1,80.7570424309199,96.71853008247469,37.25575648322277,0
2024-01-01 09:16:00,1,80.57264488834319,96.49979915961958,37.22565733161813,0
2024-01-01 09:17:00,1,80.64967709908552,96.32936959857223,37.042053691891,0
2024-01-01 09:18:00,1,82.2705096929947,96.47380994517633,37.0422255009001,0
2024-01-01 09:19:00,1,80.60632480811904,96.3581592581842,37.20167058960261,0
2024-01-01 09:20:00,1,81.99440890816938,96.37285816672791,37.18826435914945,0
2024-01-01 09:21:00,1,85.53210391681102,96.47978165005138,37.113583374775686,0
2024-01-01 09:22:00,1,83.08987319181654,96.35103042999621,37.19034726685297,0
2024-01-01 09:23:00,1,80.66177716842212,96.44878854257853,37.3363348139664,0
2024-01-01 09:24:00,1,83.68233215165137,96.13256168766006,37.24820504167495,0
2024-01-01 09:25:00,1,80.42971390929145,96.55488440438276,37.06572596044762,0
2024-01-01 09:26:00,1,77.13545685540225,96.51344499738724,37.16980709067419,0
2024-01-01 09:27:00,1,79.16125614799606,96.35080153845674,37.101561437943175,0
2024-01-01 09:28:00,1,77.4014499989965,96.64712080623015,37.144356968941175,0
2024-01-01 09:29:00,1,80.40549482706767,96.70387507320356,37.142802847085534,0
2024-01-01 09:30:00,1,81.11073004848934,96.19597532812507,37.137405708958035,0
2024-01-01 09:31:00,1,84.39202361067206,96.36610539690427,37.06063081150707,0
2024-01-01 09:32:00,1,81.65814429311354,96.36602164188274,37.17432102281869,0
2024-01-01 09:33:00,1,80.53111457547989,96.3331058669518,37.13193576867634,0
2024-01-01 09:34:00,1,82.59303907780432,96.68825435271832,36.89592944772817,0
2024-01-01 09:35:00,1,76.47675644353696,96.48490347848997,37.39501689590972,0
2024-01-01 09:36:00,1,81.3349428587662,96.47211138480063,37.29940948292385,0
2024-01-01 09:37:00,1,82.3700190194497,96.12562374928655,37.153682576896955,0
2024-01-01 09:38:00,1,77.8355799127539,96.65489781422085,37.193941860237985,0
2024-01-01 09:39:00,1,83.0446138243756,96.28141652399009,37.0756088721688,0
2024-01-01 09:40:00,1,81.39834212721372,96.54274462168523,37.363027869509786,0
2024-01-01 09:41:00,1,79.85490798099876,96.58775916016538,37.38383253233044,0
2024-01-01 09:42:00,1,81.91507364367753,96.80597683660604,37.210387811898734,0
2024-01-01 09:43:00,1,85.15481402167089,96.27367793133412,37.297652869324914,0
2024-01-01 09:44:00,1,80.94097219060555,95.93317190078974,37.21337633849086,0
2024-01-01 09:45:00,1,81.03738589728225,96.57551186429657,37.062689368257,0
2024-01-01 09:46:00,1,79.58582233152501,96.90054699046334,37.15566013441452,0
2024-01-01 09:47:00,1,78.76834985330909,96.7899718691328,37.21048205231772,0
2024-01-01 09:48:00,1,82.09210043864874,96.58588723902442,37.15224741659855,0
2024-01-01 09:49:00,1,78.6825478167191,96.44743565411842,37.176215871212186,0
2024-01-01 09:50:00,1,80.50103175554806,96.70902958585624,37.18928626630624,0
2024-01-01 09:51:00,1,79.36566605164897,96.3547725013966,37.19064934879058,0
2024-01-01 09:52:00,1,81.24192081608854,96.64666432642746,37.20423992420708,0
2024-01-01 09:53:00,1,80.914164855716,96.65443204628352,37.093196297650756,0
2024-01-01 09:54:00,1,82.28469998303781,96.76735930017554,37.12776372941537,0
2024-01-01 09:55:00,1,79.15226742463686,97.10926254207388,37.07118123291866,0
2024-01-01 09:56:00,1,79.59513186953278,96.63786070120635,37.29756127483096,0
2024-01-01 09:57:00,1,78.13983792966135,96.45966535786937,36.98932080723321,0
2024-01-01 09:58:00,1,79.17116528076431,96.55845723890991,37.31531602033472,0
2024-01-01 09:59:00,1,80.7766427623845,96.21190422059063,37.33862910108044,0
2024-01-01 10:00:00,1,81.49821323959416,96.42895719370085,37.1697789623937,0
2024-01-01 10:01:00,1,78.10200456335535,96.4882567024982,36.939651855943026,0
2024-01-01 10:02:00,1,81.64755195530729,96.46754166379694,37.16376874145621,0
2024-01-01 10:03:00,1,82.58152715844706,96.60510908282342,37.193381315029136,0
2024-01-01 10:04:00,1,80.6589397215432,96.4124653249648,37.09860556041781,0
2024-01-01 10:05:00,1,83.54738789091992,96.80349890967067,37.14797493508214,0
2024-01-01 10:06:00,1,78.2078528244422,96.58170973698188,37.35231345613142,0
2024-01-01 10:07:00,1,77.22766611044028,96.58221570943223,37.265549618790835,0
2024-01-01 10:08:00,1,76.12098938439566,96.52093599829684,37.106329302642855,0
2024-01-01 10:09:00,1,82.63188367592463,96.62002377857807,37.038720500376904,0
2024-01-01 10:10:00,1,80.9098030785715,96.75650733879907,37.16543933295078,0
2024-01-01 10:11:00,1,79.45109141739525,96.4205948398298,37.176422036498735,0
2024-01-01 10:12:00,1,80.08330002557717,96.46496174212956,37.24698034929942,0
2024-01-01 10:13:00,1,77.23340045402196,96.53843475548611,37.14338761172594,0
2024-01-01 10:14:00,1,84.33681278872871,96.3326312642798,37.24759430492228,0
2024-01-01 10:15:00,1,79.66459672438232,96.44060973098027,37.389451109270176,0
2024-01-01 10:16:00,1,79.58570547712,96.51190314584812,37.276943546135705,0
2024-01-01 10:17:00,1,80.7791274078101,96.78474113317942,37.19000880557725,0
2024-01-01 10:18:00,1,80.25020838988262,96.66512129104473,37.175893394211386,0
2024-01-01 10:19:00,1,79.69647198690076,96.6541022780644,37.15789859002344,0
2024-01-01 10:20:00,1,77.62818803772352,96.78836848946868,37.3109542441783,0
2024-01-01 10:21:00,1,80.11242642584189,96.59354825741887,37.129449961143905,0
2024-01-01 10:22:00,1,82.89381197603552,96.70197820386902,37.19596175438545,0
2024-01-01 10:23:00,1,81.780797612862,96.60613218449947,37.19578460364461,0
2024-01-01 10:24:00,1,82.23644733614073,96.68276876809695,37.13967900929127,0
2024-01-01 10:25:00,1,77.98768207753164,96.51609256909367,37.05177091257841,0
2024-01-01 10:26:00,1,76.99086668448209,96.14785688581368,37.22044252432458,0
2024-01-01 10:27:00,1,78.67838968978688,96.61176828938834,37.181140000862804,0
2024-01-01 10:28:00,1,79.0012256346838,96.92620511183657,37.23632764179414,0
2024-01-01 10:29:00,1,81.03789696848186,96.8299572551192,37.1319747944649,0
2024-01-01 10:30:00,1,75.42424940245104,96.84087945565183,37.306416384929136,0
2024-01-01 10:31:00,1,81.82787140904288,96.89813874584485,37.095624678227225,0
2024-01-01 10:32:00,1,78.41227522948252,96.67178338374381,37.353442434520176,0
2024-01-01 10:33:00,1,77.83397806328979,96.696680653019,37.006379835879315,0
2024-01-01 10:34:00,1,76.62291032233637,96.53687891894442,37.22349449290497,0
2024-01-01 10:35:00,1,,,,1
2024-01-01 10:36:00,1,80.21201015860609,96.79002454689923,37.098117313469935,0
2024-01-01 10:37:00,1,78.6714775260607,96.9109159440834,37.21889435054845,0
2024-01-01 10:38:00,1,75.90402519199802,96.64554369633129,37.303158483552494,0
2024-01-01 10:39:00,1,75.85282842560042,96.58671389723672,36.95224632996505,0
2024-01-01 10:40:00,1,,,,1
2024-01-01 10:41:00,1,81.69891083709909,96.8037043949939,36.92195502157459,0
2024-01-01 10:42:00,1,77.8005294879237,96.39808406644123,37.07334836966618,0
2024-01-01 10:43:00,1,75.27220739813777,96.23103470385767,37.331435078406926,0
2024-01-01 10:44:00,1,77.74572578535688,96.5836030092683,37.108914915563396,0
2024-01-01 10:45:00,1,77.65042166565082,96.45303073623536,37.04825112909621,0
2024-01-01 10:46:00,1,72.76069148155055,96.59903111763491,37.14436293840253,0
2024-01-01 10:47:00,1,78.0044108567249,96.67461185680503,37.369436764367826,0
2024-01-01 10:48:00,1,77.60960800222504,96.61704956224867,36.977939417758016,0
2024-01-01 10:49:00,1,79.42230770735337,97.00174636521488,37.05441051989703,0
2024-01-01 10:50:00,1,81.68616731766724,96.78017744529366,37.3076911733381,0
2024-01-01 10:51:00,1,80.1996883657529,96.77852074545584,37.34209763212859,0
2024-01-01 10:52:00,1,77.36702792821049,96.84648615627549,37.144336844964755,0
2024-01-01 10:53:00,1,75.64994511430353,96.49791815464353,37.029100726295525,0
2024-01-01 10:54:00,1,82.96785357763522,96.93716810562698,37.36089012264404,0
2024-01-01 10:55:00,1,77.89765409351357,96.71787450080481,37.30902382604316,0
2024-01-01 10:56:00,1,77.76510607780392,96.87082545079619,37.215722434724015,0
2024-01-01 10:57:00,1,77.64697540255,96.52607992693179,37.064810285396,0
2024-01-01 10:58:00,1,78.04932179654524,96.43344145964197,37.139345310750414,0
2024-01-01 10:59:00,1,77.32230756697743,96.91153249151732,37.1263852107167,0
2024-01-01 11:00:00,1,76.42153071354994,96.82701703312134,37.17365488619894,0
2024-01-01 11:01:00,1,76.43291420602613,96.57512431763706,37.28379431707568,0
2024-01-01 11:02:00,1,77.41885473895864,96.5854201557286,37.22473649732863,0
2024-01-01 11:03:00,1,76.35519356358824,96.98827622403904,37.0271343337974,0
2024-01-01 11:04:00,1,75.97398680934516,96.5291614428826,37.27057559303628,0
2024-01-01 11:05:00,1,77.57012834899038,97.09945073158725,37.16227036073108,0
2024-01-01 11:06:00,1,76.8048580362924,96.59468178336446,37.19767245498108,0
2024-01-01 11:07:00,1,80.2802988938613,96.90639127801725,37.27360656162693,0
2024-01-01 11:08:00,1,71.92783042376116,96.7169130356469,37.01375926815533,0
2024-01-01 11:09:00,1,79.37019835761402,96.90721463098296,37.11927811895032,0
2024-01-01 11:10:00,1,79.6367279532485,96.68171103388715,37.06763752458651,0
2024-01-01 11:11:00,1,72.9551091318699,96.76194791647659,36.961898615772206,0
2024-01-01 11:12:00,1,76.37380636437342,96.80667866703445,37.15123677039401,0
2024-01-01 11:13:00,1,76.27355251803546,96.60206104179713,37.36558264140294,0
2024-01-01 11:14:00,1,74.15862511470787,96.95468216444816,36.92826079167067,0
2024-01-01 11:15:00,1,75.37519175541325,96.70790809942332,37.106862821507164,0
2024-01-01 11:16:00,1,74.66681325487869,96.7688787943509,37.17194860287821,0
2024-01-01 11:17:00,1,80.34960965376746,96.61979100584944,37.11798704345753,0
2024-01-01 11:18:00,1,78.67349419803634,96.31027008124032,37.09213319919536,0
2024-01-01 11:19:00,1,79.30228188874983,96.78862071075399,36.97127339967375,0
2024-01-01 11:20:00,1,78.15951657520951,97.31345200405723,37.12220537852823,0
2024-01-01 11:21:00,1,74.4150369341735,96.99196532709328,37.02096500060033,0
2024-01-01 11:22:00,1,75.58103607506244,96.83532052281342,36.87534733984341,0
2024-01-01 11:23:00,1,77.56573078363488,96.79073482682277,37.21148065736865,0
2024-01-01 11:24:00,1,74.09960084110159,96.85195851404305,37.18552615295658,0
2024-01-01 11:25:00,1,77.92669868326934,96.96105313358734,37.09250441544331,0
2024-01-01 11:26:00,1,75.97686777972432,96.61964203727398,37.10788154758742,0
2024-01-01 11:27:00,1,75.66466592642423,97.08285522535816,37.19002706093327,0
2024-01-01 11:28:00,1,77.79298947959965,97.00726411266135,37.10263623428568,0
2024-01-01 11:29:00,1,77.21633202835409,97.0120323148641,37.16819727167826,0
2024-01-01 11:30:00,1,75.56258362128528,96.96030767378542,37.04562719531505,0
2024-01-01 11:31:00,1,78.55986161786014,96.88076292840022,37.204140755314526,0
2024-01-01 11:32:00,1,200.0,97.01564830707433,37.10257540442695,1
2024-01-01 11:33:00,1,77.38637517701406,97.00368441875881,37.08744438050758,0
2024-01-01 11:34:00,1,77.29732402574876,96.81876772729868,36.93856375721628,0
2024-01-01 11:35:00,1,75.44862499430724,96.77911821330049,37.091784880778846,0
2024-01-01 11:36:00,1,76.67655992447098,96.91848062116959,36.97740240780509,0
2024-01-01 11:37:00,1,73.47862320607567,97.21219195680817,36.994267833533556,0
2024-01-01 11:38:00,1,77.78544217617956,96.65885251964268,36.97404678167808,0
2024-01-01 11:39:00,1,75.52410377246768,96.61746200690975,36.94643955231027,0
2024-01-01 11:40:00,1,74.80496486952113,96.9482191432241,37.26300978207183,0
2024-01-01 11:41:00,1,77.9049160143303,96.9297508919839,37.18112747369283,0
2024-01-01 11:42:00,1,74.35468145014326,96.95855419443883,37.237483008548345,0
2024-01-01 11:43:00,1,72.90290295342541,96.97699481554372,36.920601649409505,0
2024-01-01 11:44:00,1,72.56301019053392,96.88788751456394,37.04745405999163,0
2024-01-01 11:45:00,1,76.84471853862325,97.23482958814074,36.9084085363958,0
2024-01-01 11:46:00,1,73.02825796687213,96.62100985493144,36.96561394625552,0
2024-01-01 11:47:00,1,79.05511184024002,96.77982948066345,36.940788833810785,0
2024-01-01 11:48:00,1,71.3380610644898,96.92922032253603,37.153972437102645,0
2024-01-01 11:49:00,1,,,,1
2024-01-01 11:50:00,1,75.83671974677017,96.92339630854336,37.13166197359203,0
2024-01-01 11:51:00,1,75.17762877988494,97.29521408534468,37.082634519155086,0
2024-01-01 11:52:00,1,,,,1
2024-01-01 11:53:00,1,76.0820472242672,97.01777410984026,36.86906379589721,0
2024-01-01 11:54:00,1,75.16485705538575,96.7239613248721,37.14031983490173,0
2024-01-01 11:55:00,1,77.40307711092306,96.8570841761792,37.126426420477365,0
2024-01-01 11:56:00,1,75.38127178509872,96.90968085961441,36.91182825049982,0
2024-01-01 11:57:00,1,,,,1
2024-01-01 11:58:00,1,74.33827043713889,97.24977941331822,37.037543963240424,0
2024-01-01 11:59:00,1,74.9079405118211,97.1093550414215,36.97856227123599,0
2024-01-01 12:00:00,1,75.59377177852089,96.77989157933612,36.91629655407147,0
2024-01-01 12:01:00,1,71.51416835312014,97.05585030136893,36.92415958791728,0
2024-01-01 12:02:00,1,72.19447244058,97.11055937088943,37.19843284716435,0
2024-01-01 12:03:00,1,76.33371170027078,97.24330967202506,36.990902147593225,0
2024-01-01 12:04:00,1,75.14525752936586,97.33575167952658,37.06643066671585,0
2024-01-01 12:05:00,1,74.39190686705919,96.8209868837278,36.9065135509102,0
2024-01-01 12:06:00,1,74.75309287056773,96.8661945690614,36.90500648716665,0
2024-01-01 12:07:00,1,75.36774529001104,96.78120868554113,37.08858147374807,0
2024-01-01 12:08:00,1,73.54942563575555,96.99027597597953,36.84281994864861,0
2024-01-01 12:09:00,1,73.02870573683043,97.1347044854595,36.93365458298684,0
2024-01-01 12:10:00,1,74.93338379506898,97.24324941700155,36.97598135024337,0
2024-01-01 12:11:00,1,72.5413345645127,97.03493852070567,36.98112322372552,0
2024-01-01 12:12:00,1,75.27098203515766,96.99050160972953,36.94948913934594,0
2024-01-01 12:13:00,1,71.00571611965962,97.089160947823,37.00439854413437,0
2024-01-01 12:14:00,1,76.42561263871931,96.89611451925367,37.03152627666557,0
2024-01-01 12:15:00,1,75.26892642724437,97.48537977884806,37.033135069545395,0
2024-01-01 12:16:00,1,74.79223392247523,96.75026361861437,36.85852846776815,0
2024-01-01 12:17:00,1,76.20201313666226,97.11306225421438,36.9261382318732,0
2024-01-01 12:18:00,1,77.52405132626865,97.48514789223323,37.0714827186937,0
2024-01-01 12:19:00,1,76.17832921947705,97.08609299393521,37.038932076987244,0
2024-01-01 12:20:00,1,70.42434349198305,97.05102513293947,36.809651009351704,0
2024-01-01 12:21:00,1,71.50345792876286,97.02183698066445,36.97956364552553,0
2024-01-01 12:22:00,1,72.76951248576238,97.06153373713839,36.74408136887612,0
2024-01-01 12:23:00,1,74.02788822043492,97.37646033281811,36.94409559065151,0
2024-01-01 12:24:00,1,74.96760016800303,96.66378904985423,37.12668740632592,0
2024-01-01 12:25:00,1,72.43739086388108,97.41711087077239,36.839640862185625,0
2024-01-01 12:26:00,1,74.21902956582862,96.82988697749944,36.848528509303854,0
2024-01-01 12:27:00,1,72.29136972950526,97.06559347427215,37.0059061463236,0
2024-01-01 12:28:00,1,72.53576238288447,97.03731151907886,36.7727774670219,0
2024-01-01 12:29:00,1,70.90216185338011,97.24509812793067,36.86134908160906,0
2024-01-01 12:30:00,1,71.82572810239618,96.81197995990073,36.981848597556045,0
2024-01-01 12:31:00,1,70.92556124557466,97.22824668364329,36.85636914662318,0
2024-01-01 12:32:00,1,71.63394595252191,97.54487103823298,36.893807741617195,0
2024-01-01 12:33:00,1,75.6497650171751,96.87156059874569,36.98944449226465,0
2024-01-01 12:34:00,1,71.60050039941157,97.18631192296978,36.95481629059545,0
2024-01-01 12:35:00,1,78.7209076707893,97.02013822896005,36.936994268657166,0
2024-01-01 12:36:00,1,74.39965414058274,97.24186444857419,36.874066336755725,0
2024-01-01 12:37:00,1,73.73959563976776,97.16465695672285,36.94266660118563,0
2024-01-01 12:38:00,1,71.61014396302961,97.03665814867746,36.890985333688114,0
2024-01-01 12:39:00,1,74.68444731169494,97.26664553723955,36.946853856758366,0
2024-01-01 12:40:00,1,72.08955264876293,97.53404335868332,36.84911176146987,0
2024-01-01 12:41:00,1,73.4418822175493,97.13908242865516,36.87829709811512,0
2024-01-01 12:42:00,1,78.27510030961739,97.32529070765848,36.79532499745288,0
2024-01-01 12:43:00,1,72.91991525474035,96.92674663100688,36.88860492962864,0
2024-01-01 12:44:00,1,75.36772152197634,96.99816191191876,36.808809031025,0
2024-01-01 12:45:00,1,71.61999864560471,97.28796396021194,36.776326788862555,0
2024-01-01 12:46:00,1,72.91358876897904,97.49432467275378,36.91143912854104,0
2024-01-01 12:47:00,1,76.4824197187369,97.27262783780182,36.90470820495225,0
2024-01-01 12:48:00,1,71.64417628773826,97.14288189620433,36.95960281518611,0
2024-01-01 12:49:00,1,76.48033954774063,97.20932444677467,36.83610446332006,0
2024-01-01 12:50:00,1,74.22831921714186,96.96334130843955,36.917944607862715,0
2024-01-01 12:51:00,1,71.64529640766428,97.33826633447438,36.93016246412068,0
2024-01-01 12:52:00,1,73.99250256141514,97.39775371956911,36.91752490508409,0
2024-01-01 12:53:00,1,74.63029642811934,97.13477600313935,36.7884687563246,0
2024-01-01 12:54:00,1,73.88635203082781,97.13507542951201,36.883979201497354,0
2024-01-01 12:55:00,1,69.4598721855196,97.28613182447435,36.90348808157115,0
2024-01-01 12:56:00,1,71.10368254249448,97.14946678563578,36.865845905194924,0
2024-01-01 12:57:00,1,72.02060144950634,97.22742070509129,36.654557440948004,0
2024-01-01 12:58:00,1,72.32450105329299,97.66440972932473,36.8773547891348,0
2024-01-01 12:59:00,1,73.67248946779095,97.19885973194896,37.08068334820234,0
2024-01-01 13:00:00,1,72.7443736110412,97.18037740968344,36.821574854303115,0
2024-01-01 13:01:00,1,69.67615900757028,97.12629842602779,36.782944045380255,0
2024-01-01 13:02:00,1,73.06517012524192,97.40838702076017,36.8912843356814,0
2024-01-01 13:03:00,1,73.48392399658961,97.22702583800843,36.883410085098866,0
2024-01-01 13:04:00,1,73.34036367037751,97.13709803422381,36.9696939296734,0
2024-01-01 13:05:00,1,74.34042747997374,97.53491505831167,36.722907411946,0
2024-01-01 13:06:00,1,73.80484737731092,97.55823582270305,36.92013202870931,0
2024-01-01 13:07:00,1,73.01355484913674,97.15787055938544,36.904362238731366,0
2024-01-01 13:08:00,1,71.9131102704253,96.9082661361942,36.82945794853113,0
2024-01-01 13:09:00,1,68.68982300519146,97.48667424559419,36.87592072677203,0
2024-01-01 13:10:00,1,72.82934146053864,97.15182117652726,36.94340423709887,0
2024-01-01 13:11:00,1,72.34389831168382,97.45042587577927,36.92612389552423,0
2024-01-01 13:12:00,1,72.43015708463021,96.90181131588909,36.723051938241156,0
2024-01-01 13:13:00,1,69.29203808092569,97.4778603104955,36.917859107374554,0
2024-01-01 13:14:00,1,69.64201811403731,97.06059239272565,36.82789201395964,0
2024-01-01 13:15:00,1,73.86909379313704,97.45244244464669,36.84019429089895,0
2024-01-01 13:16:00,1,71.64239638791271,97.31258371908216,36.83880125718334,0
2024-01-01 13:17:00,1,73.04328920409435,97.12235708645274,36.81506085110168,0
2024-01-01 13:18:00,1,71.69576896574063,97.23512969220657,36.94788864610311,0
2024-01-01 13:19:00,1,71.65755297164193,97.45716849161393,36.819008235928536,0
2024-01-01 13:20:00,1,73.43358164222434,97.34442714041604,36.71411717326123,0
2024-01-01 13:21:00,1,70.48396355208513,97.44344964462701,36.785440397826555,0
2024-01-01 13:22:00,1,71.66739996219808,97.72514906025347,36.8414145149187,0
2024-01-01 13:23:00,1,70.50978043190766,97.02028136071279,36.94524845816568,0
2024-01-01 13:24:00,1,70.5245791350357,97.65981553336681,36.88144887041247,0
2024-01-01 13:25:00,1,70.73453668020602,97.36046188947334,36.734928985676014,0
2024-01-01 13:26:00,1,71.7565273400828,97.1630256787975,37.067375504805746,0
2024-01-01 13:27:00,1,70.31421173003257,97.07988540930067,36.84423912497941,0
2024-01-01 13:28:00,1,73.74274148102539,97.31126332036098,36.94423701745149,0
2024-01-01 13:29:00,1,69.40160673368031,97.5365300636513,36.80049430159445,0
2024-01-01 13:30:00,1,70.77674278013734,97.3297760012536,36.86800109936173,0
2024-01-01 13:31:00,1,70.23076207334525,97.66057550143289,36.89764325560135,0
2024-01-01 13:32:00,1,73.9639922387213,97.07114074016408,36.93457907312708,0
2024-01-01 13:33:00,1,71.42303322802391,97.36196189296183,36.91759175657501,0
2024-01-01 13:34:00,1,73.05357564854327,97.11687701050138,36.89820223264047,0
2024-01-01 13:35:00,1,67.97880517106411,97.44303007830797,36.778633898308165,0
2024-01-01 13:36:00,1,71.44414301118647,97.5506009429335,36.75216058234789,0
2024-01-01 13:37:00,1,72.64949860816142,97.29196240738055,36.84182126754697,0
2024-01-01 13:38:00,1,70.99507826698095,96.85813461357581,36.90113150149507,0
2024-01-01 13:39:00,1,72.92182380151655,97.42160073232422,36.78483777698926,0
2024-01-01 13:40:00,1,69.71671916145675,97.47196341455582,36.91295129313001,0
2024-01-01 13:41:00,1,73.53050495396198,97.468249925748,36.9510532332319,0
2024-01-01 13:42:00,1,75.27020208722581,97.63729314132755,36.71355025178233,0
2024-01-01 13:43:00,1,69.90740699121048,97.17864194351313,36.7209144857291,0
2024-01-01 13:44:00,1,69.7028405967666,97.53158191816551,36.79002678884531,0
2024-01-01 13:45:00,1,73.46146012474036,97.63669605352115,36.83431691943283,0
2024-01-01 13:46:00,1,73.67476574284272,97.04510252195725,36.75062401564059,0
2024-01-01 13:47:00,1,69.43091717275594,97.46734532523918,36.93785983732363,0
2024-01-01 13:48:00,1,69.59736560659212,97.30514315082648,36.84463897171806,0
2024-01-01 13:49:00,1,69.83535901641561,97.39220777951412,36.80580364011231,0
2024-01-01 13:50:00,1,67.6713039249852,97.4805496549014,36.6579286302767,0
2024-01-01 13:51:00,1,68.4842662248274,97.31603934557788,36.66963270427659,0
2024-01-01 13:52:00,1,68.27474294943275,97.28078261050771,36.82904402246752,0
2024-01-01 13:53:00,1,68.7089736471424,97.42516215949937,36.58744650113943,0
2024-01-01 13:54:00,1,70.13683395942265,97.20325803602167,36.90176696650144,0
2024-01-01 13:55:00,1,70.63635954997726,97.20588566278172,36.78451923315207,0
2024-01-01 13:56:00,1,73.23074954479101,97.56123654817462,37.12450956580145,0
2024-01-01 13:57:00,1,68.09495180342645,97.19788184958442,37.030891827408674,0
2024-01-01 13:58:00,1,72.02230958524257,97.56314931006102,36.78188952834949,0
2024-01-01 13:59:00,1,69.58778630524552,97.52461843865213,36.78936927865491,0
2024-01-01 14:00:00,1,69.87903080440034,97.08911925267344,36.89956399004605,0
2024-01-01 14:01:00,1,71.28988718341668,97.30091496818456,36.97036027498877,0
2024-01-01 14:02:00,1,67.65719059564944,97.67736379759862,36.63631159283916,0
2024-01-01 14:03:00,1,70.62993775224858,97.24438938600147,36.62158273360218,0
2024-01-01 14:04:00,1,70.16060419407978,97.34978861324646,36.7381568599559,0
2024-01-01 14:05:00,1,70.77528243349428,97.53709485997462,36.858808413989216,0
2024-01-01 14:06:00,1,70.33149664267354,97.60334008740632,36.850430554760344,0
2024-01-01 14:07:00,1,74.62663911522604,97.39829945023489,36.907963070341054,0
2024-01-01 14:08:00,1,68.40353908631818,97.33101621972419,36.68129304858634,0
2024-01-01 14:09:00,1,68.5801068088871,97.73686890581092,36.56995939164596,0
2024-01-01 14:10:00,1,68.35900347861364,97.80201704151469,36.887720220574515,0
2024-01-01 14:11:00,1,68.45761695611925,97.65181625418687,36.71947818423058,0
2024-01-01 14:12:00,1,68.2571871531483,97.47488102996809,36.60086195792061,0
2024-01-01 14:13:00,1,71.87348893160961,97.29790210151064,36.81766390328506,0
2024-01-01 14:14:00,1,72.30006377129813,97.29516916334286,36.88295565667728,0
2024-01-01 14:15:00,1,68.28126773201248,97.56742848909924,36.79194662619041,0
2024-01-01 14:16:00,1,67.72186054772946,97.5482376330198,36.75891535647538,0
2024-01-01 14:17:00,1,70.29332120130785,97.74647460115098,36.78934533771133,0
2024-01-01 14:18:00,1,68.2100701026377,97.5978062459335,36.768838060906795,0
2024-01-01 14:19:00,1,70.54451432328612,97.16862584401606,36.671739707077286,0
2024-01-01 14:20:00,1,69.64874030374087,97.6811213205838,36.7357576254004,0
2024-01-01 14:21:00,1,66.17575936569195,97.27257366635813,36.86006803523746,0
2024-01-01 14:22:00,1,72.26672177098436,97.39680952344163,36.840855204748195,0
2024-01-01 14:23:00,1,72.728041603642,97.5250256881876,36.826273463094495,0
2024-01-01 14:24:00,1,67.8753955574785,97.87546479171226,36.71076545835511,0
2024-01-01 14:25:00,1,68.29036896469069,98.0996243268691,36.792975367058034,0
2024-01-01 14:26:00,1,69.6024151483522,97.60025812465366,36.59429696299464,0
2024-01-01 14:27:00,1,69.66462403438884,97.44351056441572,36.83076117541803,0
2024-01-01 14:28:00,1,70.27793955922417,97.5882507770786,36.956741422076945,0
2024-01-01 14:29:00,1,72.94651578742247,97.6600437841759,36.66741651957735,0
2024-01-01 14:30:00,1,68.53758374986162,97.4195054292103,36.75724281901973,0
2024-01-01 14:31:00,1,67.26037166987489,97.8437705986388,36.849783717288986,0
2024-01-01 14:32:00,1,66.06393277414007,97.53179488716789,36.94322617741432,0
2024-01-01 14:33:00,1,67.3264339943582,97.58634471550349,36.7742195649815,0
2024-01-01 14:34:00,1,68.68788139891785,97.62095918750272,36.75094815565051,0
2024-01-01 14:35:00,1,72.3092114197121,97.57303270107207,36.62444289153847,0
2024-01-01 14:36:00,1,67.65095316916988,97.6574072515876,36.83287169176877,0
2024-01-01 14:37:00,1,69.09995211832464,97.3670349484944,37.027958607122606,0
2024-01-01 14:38:00,1,68.58585188833435,97.37965426501631,36.852740214919955,0
2024-01-01 14:39:00,1,70.96192735251962,97.27207533168287,36.824059862709,0
2024-01-01 14:40:00,1,73.60557108198768,97.58076045897856,36.85980918968828,0
2024-01-01 14:41:00,1,67.45665704592128,97.64936396273735,36.82783453695868,0
2024-01-01 14:42:00,1,67.50632764023878,97.58581004441261,36.749014429229156,0
2024-01-01 14:43:00,1,70.54046441764997,97.82979507520011,36.91404510205008,0
2024-01-01 14:44:00,1,69.78298661608778,97.49438076142279,36.855723381316395,0
2024-01-01 14:45:00,1,72.0798047247008,97.62981388626137,36.83636730183313,0
2024-01-01 14:46:00,1,69.52155896893596,97.2782531400338,36.7385565003617,0
2024-01-01 14:47:00,1,67.60255765361462,97.41966326480322,36.96795914638227,0
2024-01-01 14:48:00,1,69.47001806609931,97.63664273940647,36.905621741479585,0
2024-01-01 14:49:00,1,70.47381008637201,97.66776965072786,36.78543009585305,0
2024-01-01 14:50:00,1,69.86519037496288,97.43953190624836,36.94250270697979,0
2024-01-01 14:51:00,1,69.20672634246888,97.48434351044882,36.79418823497623,0
2024-01-01 14:52:00,1,70.29360971843384,97.19538864857999,36.767396843108976,0
2024-01-01 14:53:00,1,70.4670639789797,97.42781954402632,36.771305247066,0
2024-01-01 14:54:00,1,70.86113424485818,97.67752593235983,36.67187327488853,0
2024-01-01 14:55:00,1,69.36271111205187,97.6146761304664,36.89786485207621,0
2024-01-01 14:56:00,1,67.69966246074665,97.5999159970604,36.66935222556961,0
2024-01-01 14:57:00,1,68.29606608767611,97.50984720244377,36.73140374386101,0
2024-01-01 14:58:00,1,70.38453014614763,97.50137658728192,36.64849574821852,0
2024-01-01 14:59:00,1,66.30664836779785,97.36793309108381,36.84927870058927,0
2024-01-01 15:00:00,1,68.64700841335247,97.6397582367704,36.844709128997,0
2024-01-01 15:01:00,1,67.09226143428626,97.58414424605184,36.82895112490197,0
2024-01-01 15:02:00,1,67.90584173137471,97.59827240518044,36.75926629148795,0
2024-01-01 15:03:00,1,70.37480518365508,97.39454252559882,36.748227417307106,0
2024-01-01 15:04:00,1,68.16978589432911,97.06892365793682,36.91383759706802,0
2024-01-01 15:05:00,1,67.85028465929537,97.71882743326081,36.814317987416146,0
2024-01-01 15:06:00,1,65.00766116587195,97.40339596482507,36.90300399596568,0
2024-01-01 15:07:00,1,69.18998111756747,97.32633680225416,36.784860349470804,0
2024-01-01 15:08:00,1,68.95868210834301,97.63727819110561,36.8935302715852,0
2024-01-01 15:09:00,1,71.964602743466,97.41983231262888,37.00781195539825,0
2024-01-01 15:10:00,1,66.99305673270445,97.70983655404729,36.93818190771056,0
2024-01-01 15:11:00,1,68.01757468069363,97.62082693791687,36.84042578640576,0
2024-01-01 15:12:00,1,68.04884369189477,97.63367814984176,36.90950920973036,0
2024-01-01 15:13:00,1,70.67592721611494,97.22327378178926,36.86186487949625,0
2024-01-01 15:14:00,1,67.30151651088315,97.7383164996431,36.88888107191501,0
2024-01-01 15:15:00,1,68.02138068444984,97.54760276802618,36.85771280606502,0
2024-01-01 15:16:00,1,68.6505043962772,97.42088441767334,36.87604007566545,0
2024-01-01 15:17:00,1,67.77944759953499,97.522766993997,36.9159010662466,0
2024-01-01 15:18:00,1,66.4850248759532,97.13815402982806,36.79759206478287,0
2024-01-01 15:19:00,1,67.7378801583871,97.57440578794002,36.79759394126592,0
2024-01-01 15:20:00,1,69.46891759303053,97.28603750195386,36.76259875649839,0
2024-01-01 15:21:00,1,,,,1
2024-01-01 15:22:00,1,67.53194097860477,97.18580064410429,36.78431745287989,0
2024-01-01 15:23:00,1,65.83815467772801,97.71193438117137,36.924312707054845,0
2024-01-01 15:24:00,1,69.60103221794701,97.36263093098964,36.821424161862986,0
2024-01-01 15:25:00,1,64.13725630169145,97.79427880362807,36.96441613874178,0
2024-01-01 15:26:00,1,66.03862658719221,97.379385441786,36.91889276444375,0
2024-01-01 15:27:00,1,67.88388373945844,97.14404951177322,36.72095217773261,0
2024-01-01 15:28:00,1,70.23364780746172,97.26115455847922,36.98569547068937,0
2024-01-01 15:29:00,1,66.94438955067157,97.73052316889094,37.003686782704825,0
2024-01-01 15:30:00,1,65.93893241663726,97.45104574674538,36.82564293588363,0
2024-01-01 15:31:00,1,70.78523858583307,97.3713956860904,36.96948350659795,0
2024-01-01 15:32:00,1,64.10064170622043,97.51184786862203,36.844262123398394,0
2024-01-01 15:33:00,1,62.57295523763772,97.57895525594714,36.942138605568694,0
2024-01-01 15:34:00,1,67.82464677617563,97.70079645933818,36.80839295184729,0
2024-01-01 15:35:00,1,65.9147137286446,97.76569812952815,36.75801455181231,0
2024-01-01 15:36:00,1,64.85071491225477,97.40268984227326,36.90153663656291,0
2024-01-01 15:37:00,1,68.28440636702521,97.20804312589583,36.929948945506816,0
2024-01-01 15:38:00,1,67.32996286853495,97.38913263243872,36.90506725197899,0
2024-01-01 15:39:00,1,65.68902767369676,97.52241878622362,36.82895501206676,0
2024-01-01 15:40:00,1,64.23155563760852,97.27611205016757,36.90990004068907,0
2024-01-01 15:41:00,1,68.51221507390967,97.27589904749422,36.97935989921046,0
2024-01-01 15:42:00,1,68.04299571231797,97.5345165634362,36.950489760124505,0
2024-01-01 15:43:00,1,66.51969199558616,97.45442275480096,36.975785530211866,0
2024-01-01 15:44:00,1,70.38692597771697,97.46907146597707,36.893087557323724,0
2024-01-01 15:45:00,1,64.5292490762077,97.30913657067957,37.07984136538099,0
2024-01-01 15:46:00,1,63.59429371302055,97.41304392229252,36.84762914206346,0
2024-01-01 15:47:00,1,65.23761264287127,97.27253085110742,37.01658537035375,0
2024-01-01 15:48:00,1,66.50650121538554,97.63363569752093,37.0886068348079,0
2024-01-01 15:49:00,1,67.06075680280371,97.66082967393716,37.021101995471255,0
2024-01-01 15:50:00,1,66.06817108495237,97.08269142110633,36.95535685499802,0
2024-01-01 15:51:00,1,67.2314803774285,97.26414154408471,36.9253818495815,0
2024-01-01 15:52:00,1,64.00117865069426,97.1488182674529,37.08442633442425,0
2024-01-01 15:53:00,1,69.36883659346982,97.31616556010378,36.84112938324574,0
2024-01-01 15:54:00,1,66.29421732390382,97.42749495670199,36.88902659985386,0
2024-01-01 15:55:00,1,68.67048648279659,97.15223183714474,36.94889779492944,0
2024-01-01 15:56:00,1,67.09888392621647,97.25573352980528,37.1150354396717,0
2024-01-01 15:57:00,1,67.30464178874949,97.23722506702488,37.03186481787577,0
2024-01-01 15:58:00,1,67.50853615613711,97.47734765329963,36.899702517478275,0
2024-01-01 15:59:00,1,67.24244951116867,97.44760745962378,36.9680959611721,0
2024-01-01 16:00:00,1,67.61067367540454,97.28720240954893,36.94031420552031,0
2024-01-01 16:01:00,1,68.96189436524219,97.46469251275484,36.93338710925267,0
2024-01-01 16:02:00,1,66.6751585910059,97.3177379990481,37.10487370374463,0
2024-01-01 16:03:00,1,67.67881692010775,97.37045610298102,36.872427975911,0
2024-01-01 16:04:00,1,66.0601977826018,97.75715825802645,37.17309626776893,0
2024-01-01 16:05:00,1,69.09893038427768,97.68820854795324,37.09765494813883,0
2024-01-01 16:06:00,1,64.84510554727458,97.15781654987099,37.12652939818901,0
2024-01-01 16:07:00,1,69.77913302770428,97.58126388429476,36.973757538971135,0
2024-01-01 16:08:00,1,66.07646647702248,97.57514964307828,37.00766223681442,0
2024-01-01 16:09:00,1,63.27493098669959,97.18073912050197,36.8819420583794,0
2024-01-01 16:10:00,1,66.37255781662049,97.57163745670134,36.97538759651984,0
2024-01-01 16:11:00,1,64.73428283477215,97.7129273563567,37.07981114013841,0
2024-01-01 16:12:00,1,67.75788015827416,97.17826014494767,37.16263855574063,0
2024-01-01 16:13:00,1,64.75172213727438,97.2166659604445,36.92489749429566,0
2024-01-01 16:14:00,1,65.14515076415206,97.6010657198675,37.001637398072525,0
2024-01-01 16:15:00,1,62.239154573374826,97.44916907471547,37.02562633312987,0
2024-01-01 16:16:00,1,65.09451303903798,97.50247174096113,36.90373860523233,0
2024-01-01 16:17:00,1,61.132428268473944,97.45757089527524,37.10500628737162,0
2024-01-01 16:18:00,1,62.793614481949575,97.46483910267008,36.97601829701615,0
2024-01-01 16:19:00,1,67.4636549691816,97.11862286967224,37.031415954472905,0
2024-01-01 16:20:00,1,67.49600417745367,97.59056893607158,37.00828896878578,0
2024-01-01 16:21:00,1,66.75707021348,97.61218242964334,36.97706979485828,0
2024-01-01 16:22:00,1,63.95412740782209,97.32951647240355,37.057809277057736,0
2024-01-01 16:23:00,1,65.77475530498735,97.36380079381357,37.03945290795095,0
2024-01-01 16:24:00,1,65.8452453225973,97.06334783935833,37.026317698835086,0
2024-01-01 16:25:00,1,63.518167804194256,97.46946526390052,36.9931360500265,0
2024-01-01 16:26:00,1,68.824315300861,97.47804281595124,37.1004020829735,0
2024-01-01 16:27:00,1,67.55503985749314,97.34818240868567,37.23626700164947,0
2024-01-01 16:28:00,1,65.34135889994904,97.58245306769885,37.08733749084408,0
2024-01-01 16:29:00,1,65.82020661375529,97.28770146402368,37.17539149640406,0
2024-01-01 16:30:00,1,66.16652427800032,97.46434557452217,36.93917538724069,0
2024-01-01 16:31:00,1,61.64978900771037,97.14437220119257,37.096378211147254,0
2024-01-01 16:32:00,1,65.22258073265765,97.34044875668599,36.973255892832015,0
2024-01-01 16:33:00,1,64.33682073673245,97.30711613145667,36.93767664934021,0
2024-01-01 16:34:00,1,63.68158023768572,97.38385028377978,37.01379377081181,0
2024-01-01 16:35:00,1,65.10682829061845,97.2616591939976,37.20926756132374,0
2024-01-01 16:36:00,1,69.24878844423462,97.30602035095146,37.18741047127758,0
2024-01-01 16:37:00,1,66.91966582011678,97.49424925244654,37.119024765343,0
2024-01-01 16:38:00,1,64.48036531224061,97.23838682628859,36.94375338878996,0
2024-01-01 16:39:00,1,66.75281082678967,97.00109926834024,37.07967788370047,0
2024-01-01 16:40:00,1,68.39145717503123,97.66898189681709,37.131741414569625,0
2024-01-01 16:41:00,1,67.42729405502654,97.59198202737598,37.12137307354194,0
2024-01-01 16:42:00,1,65.6827474465728,97.05384069374561,36.921670315479986,0
2024-01-01 16:43:00,1,64.25525307624767,97.44681299954058,37.01922991594084,0
2024-01-01 16:44:00,1,66.93139336498247,97.20483113564725,37.10404737536714,0
2024-01-01 16:45:00,1,66.30791806620549,97.35465489237228,37.16625874153824,0
2024-01-01 16:46:00,1,67.29751501143413,97.35731060745758,36.89517204193919,0
2024-01-01 16:47:00,1,66.76383443262361,97.24806979301437,37.100707904830706,0
2024-01-01 16:48:00,1,67.57913975964763,97.13466129846651,37.133340596151,0
2024-01-01 16:49:00,1,64.39628890405397,97.14974707643483,37.20609191028434,0
2024-01-01 16:50:00,1,68.08845420811504,97.10103580734376,37.19249067814605,0
2024-01-01 16:51:00,1,65.8359540370308,97.11430697365701,37.1835151200137,0
2024-01-01 16:52:00,1,69.57854757097779,97.26361157822421,37.0472955137223,0
2024-01-01 16:53:00,1,64.03710367758984,97.13024993178979,36.93849908620487,0
2024-01-01 16:54:00,1,68.87504313730123,97.40614618656937,37.0919815741642,0
2024-01-01 16:55:00,1,65.78675627997373,97.56349827832615,37.23341505574285,0
2024-01-01 16:56:00,1,64.07610108500079,97.1463313839831,37.27453948555984,0
2024-01-01 16:57:00,1,64.39935122914085,97.30649591122439,37.20816790561462,0
2024-01-01 16:58:00,1,64.71479773695715,97.35480529012189,37.181942513973006,0
2024-01-01 16:59:00,1,66.1923775750591,97.3455025429986,37.17884398134515,0
2024-01-01 17:00:00,1,66.37845407828001,97.26250781416876,37.087115554017686,0
2024-01-01 17:01:00,1,64.1743048200513,97.3920490557138,37.1315443219144,0
2024-01-01 17:02:00,1,65.26210188609922,97.33613960382631,37.31325542403454,0
2024-01-01 17:03:00,1,69.58464275520072,96.98831629138769,37.053865680134,0
2024-01-01 17:04:00,1,68.74466427436535,97.40582096552517,37.31134695390624,0
2024-01-01 17:05:00,1,66.15188629917236,97.40557120541416,37.1193881385113,0
2024-01-01 17:06:00,1,65.34509226840734,97.07156170659522,37.28583003355314,0
2024-01-01 17:07:00,1,65.49917983792,97.2278952851111,37.014274888952514,0
2024-01-01 17:08:00,1,66.47637071256531,97.35304550656285,37.215189789383395,0
2024-01-01 17:09:00,1,63.19415311603927,97.17057243300125,37.08453846523541,0
2024-01-01 17:10:00,1,64.7155747305895,97.42307009513169,37.01827772210251,0
2024-01-01 17:11:00,1,61.88393547575994,97.67727237495147,37.18321938826325,0
2024-01-01 17:12:00,1,66.01051212174275,97.0433084649927,37.26384701793713,0
2024-01-01 17:13:00,1,66.49760661619777,96.92028925586855,37.07991159941814,0
2024-01-01 17:14:00,1,64.2281774484439,97.25323941569796,37.01598184218852,0
2024-01-01 17:15:00,1,68.33404647704967,97.3327510395313,37.15814819396721,0
2024-01-01 17:16:00,1,62.72625130469079,97.13821373539028,37.160009658235076,0
2024-01-01 17:17:00,1,62.24092981135579,97.47097355316919,37.22497671938878,0
2024-01-01 17:18:00,1,65.61066756531447,96.90852091963954,37.26646658532965,0
2024-01-01 17:19:00,1,67.24823245608906,97.31073302309271,37.166898553905284,0
2024-01-01 17:20:00,1,68.51435087003782,97.04687122517424,37.35969369092013,0
2024-01-01 17:21:00,1,64.2213744549859,97.50780024646016,37.19784024124919,0
2024-01-01 17:22:00,1,67.2893401387082,97.55829651089093,37.14201742500155,0
2024-01-01 17:23:00,1,65.04798515807771,97.00231871193137,37.01671633661942,0
2024-01-01 17:24:00,1,64.77295938954745,97.0415833217046,37.15278959741668,0
2024-01-01 17:25:00,1,66.87893415328435,97.31924549272883,37.14656860892389,0
2024-01-01 17:26:00,1,66.40984884637538,97.06572371663144,37.277358616586476,0
2024-01-01 17:27:00,1,61.94619623140268,97.12987861768778,37.228666220018894,0
2024-01-01 17:28:00,1,68.04602746386368,97.13983896294698,37.06553936628576,0
2024-01-01 17:29:00,1,67.84728456999983,96.74661678830174,37.20172865650277,0
2024-01-01 17:30:00,1,63.830320545664435,97.1235640552065,37.25265161681763,0
2024-01-01 17:31:00,1,65.86758620005254,96.98415660047996,37.33926508896346,0
2024-01-01 17:32:00,1,66.05876189197811,97.01923883020038,37.27614380943064,0
2024-01-01 17:33:00,1,65.5869607396539,97.40234204652856,37.264377384246835,0
2024-01-01 17:34:00,1,63.960103988276,96.8580578538326,37.19516831655984,0
2024-01-01 17:35:00,1,63.71275814081675,97.26773551718391,37.22882545931725,0
2024-01-01 17:36:00,1,65.0003768979864,97.045029126435,37.31574669072282,0
2024-01-01 17:37:00,1,67.39261291048571,97.04058922283058,37.0582876653826,0
2024-01-01 17:38:00,1,66.13021476442958,97.25032781755635,37.15735780750584,0
2024-01-01 17:39:00,1,64.29783520455543,97.15596884385185,37.11574820472483,0
2024-01-01 17:40:00,1,66.5787006090425,97.1977796232743,37.23159061444081,0
2024-01-01 17:41:00,1,59.334647242732544,97.27298601516553,37.31733451169693,0
2024-01-01 17:42:00,1,67.32588322628811,97.00877341450956,37.13521851632232,0
2024-01-01 17:43:00,1,61.54573371929555,96.94826803017462,36.95645571483273,0
2024-01-01 17:44:00,1,64.29727901593789,96.84936016495753,37.15480074154733,0
2024-01-01 17:45:00,1,62.78001095917111,96.89697799456079,37.28787321952395,0
2024-01-01 17:46:00,1,62.42736792802326,97.64754408321802,37.250758146380456,0
2024-01-01 17:47:00,1,67.33595491657411,97.30232180979412,37.24024928959503,0
2024-01-01 17:48:00,1,64.07665977917482,96.77882764470071,37.16983296759432,0
2024-01-01 17:49:00,1,65.70302120556072,96.78020381091896,37.070296912453465,0
2024-01-01 17:50:00,1,64.91431400402007,97.13671809047652,37.25006309876836,0
2024-01-01 17:51:00,1,65.96056903071045,97.14544423678322,37.115405101115776,0
2024-01-01 17:52:00,1,65.15865389947346,97.14141169886008,37.417508454544524,0
2024-01-01 17:53:00,1,62.43773896483157,96.97628501510282,37.25638083914793,0
2024-01-01 17:54:00,1,66.99516092725676,96.99782448375575,37.141462423488306,0
2024-01-01 17:55:00,1,64.01420859738931,97.08412865501316,37.13855162893619,0
2024-01-01 17:56:00,1,61.88784305920143,97.03136735103682,37.19052436949429,0
2024-01-01 17:57:00,1,64.14425225848738,96.565963592795,37.1759629489115,0
2024-01-01 17:58:00,1,68.00166852667068,96.95949790964538,37.311656567913055,0
2024-01-01 17:59:00,1,66.70044944205726,96.8308103011111,37.21864054456581,0
2024-01-01 18:00:00,1,64.30274935161421,97.03176754070337,37.12682717450076,0
2024-01-01 18:01:00,1,64.30177652365546,97.58941097613196,37.38899152274833,0
2024-01-01 18:02:00,1,64.35745078643924,97.06149001008309,37.20480108562674,0
2024-01-01 18:03:00,1,69.15483644911865,96.9209231567299,37.27664272396092,0
2024-01-01 18:04:00,1,65.76602160431169,97.1636260597772,37.13879033428706,0
2024-01-01 18:05:00,1,65.8632348213642,97.07144158342898,37.235744526263574,0
2024-01-01 18:06:00,1,67.06490985238031,97.05456306449713,37.230329721739764,0
2024-01-01 18:07:00,1,65.48330324719085,97.08755669176404,37.010005369991,0
2024-01-01 18:08:00,1,64.48921316345668,97.37314027140447,37.40021524688594,0
2024-01-01 18:09:00,1,64.61636079404721,96.73130176740685,37.32743552711859,0
2024-01-01 18:10:00,1,64.86781148805461,97.047857008474,37.158300857477975,0
2024-01-01 18:11:00,1,64.93871348883128,96.76350908000435,37.08740874616583,0
2024-01-01 18:12:00,1,66.47075140352123,97.05554645377785,37.23197330176588,0
2024-01-01 18:13:00,1,65.12190879718175,96.75636947741337,37.20543449137755,0
2024-01-01 18:14:00,1,66.48601219610808,96.8523008396328,37.23184543584693,0
2024-01-01 18:15:00,1,64.86220415259757,96.87242853999278,37.21491642208876,0
2024-01-01 18:16:00,1,65.18400316422372,97.1222874150669,37.24582933400187,0
2024-01-01 18:17:00,1,61.03361702592784,97.1064980658442,37.33934886369776,0
2024-01-01 18:18:00,1,66.86614943378099,96.66935269432963,37.25080827975333,0
2024-01-01 18:19:00,1,65.73013673727534,96.92517819984381,37.08837878806483,0
2024-01-01 18:20:00,1,67.0370356481346,96.7679771584631,37.328913827326254,0
2024-01-01 18:21:00,1,59.252550183288584,96.65390077057442,37.35599914572941,0
2024-01-01 18:22:00,1,69.22604565169499,96.85791416470795,37.50639057689829,0
2024-01-01 18:23:00,1,64.77454199873152,96.83534436468213,37.07804991009586,0
2024-01-01 18:24:00,1,67.27470152751296,97.37811541885645,37.21386925540779,0
2024-01-01 18:25:00,1,62.98332821689246,96.97510346304479,36.980520395546456,0
2024-01-01 18:26:00,1,66.29368150489202,96.60873587629244,37.24316201035637,0
2024-01-01 18:27:00,1,62.9664855433571,96.76706128043084,37.132111662372616,0
2024-01-01 18:28:00,1,63.83115097575096,97.08005859511634,37.37832879482794,0
2024-01-01 18:29:00,1,68.91231298239325,97.28924581820847,37.10754332975604,0
2024-01-01 18:30:00,1,64.70863589470119,96.55014572380193,37.01507539067644,0
2024-01-01 18:31:00,1,65.53080579857472,96.48715274827329,37.13582461791418,0
2024-01-01 18:32:00,1,66.84220369076534,97.23313633651757,36.98432812108009,0
2024-01-01 18:33:00,1,66.09974888685691,96.93268257000818,37.25588154287232,0
2024-01-01 18:34:00,1,65.41572838664253,96.6769286972359,36.97312697466905,0
2024-01-01 18:35:00,1,65.85150650662437,96.95335196409238,37.181313896912386,0
2024-01-01 18:36:00,1,69.93529792977807,96.31512721382494,36.96948919419567,0
2024-01-01 18:37:00,1,65.02029962390651,96.83881450564299,37.14401241651848,0
2024-01-01 18:38:00,1,65.54499383633986,96.89957862503607,37.33912162748184,0
2024-01-01 18:39:00,1,67.2515509877415,97.01475606254009,37.20956022603019,0
2024-01-01 18:40:00,1,67.36892830037186,96.62302345996748,37.08582793249467,0
2024-01-01 18:41:00,1,67.53975892467257,96.83885398274657,37.16770925749231,0
2024-01-01 18:42:00,1,66.45116812794802,96.63255912114525,37.17125429551644,0
2024-01-01 18:43:00,1,62.895894567309625,96.86466219980284,37.215309569622406,0
2024-01-01 18:44:00,1,68.45715134852627,96.63047180243336,37.02992579149472,0
2024-01-01 18:45:00,1,62.906168411473665,96.72389104166264,37.22440486025672,0
2024-01-01 18:46:00,1,65.8128879006048,96.60233310479198,36.89321713813632,0
2024-01-01 18:47:00,1,63.70800973476528,96.92772354422164,37.099147933833294,0
2024-01-01 18:48:00,1,65.09741572783034,96.96520207417707,37.11176127273728,0
2024-01-01 18:49:00,1,65.8925345752882,96.74261903857781,37.22234605320665,0
2024-01-01 18:50:00,1,65.88722768906402,96.79323810267155,37.1596738854811,0
2024-01-01 18:51:00,1,66.09804425874908,96.49193592267778,37.015224915412425,0
2024-01-01 18:52:00,1,68.49150058441316,96.7177992289239,37.05562559938,0
2024-01-01 18:53:00,1,66.18120756097072,96.76379093794478,37.172310158853655,0
2024-01-01 18:54:00,1,64.79607202282631,97.29410502991283,37.14282651315536,0
2024-01-01 18:55:00,1,67.22299119392046,96.54368510073496,37.091086062546964,0
2024-01-01 18:56:00,1,67.68437442872239,97.05506388661803,37.0991547551117,0
2024-01-01 18:57:00,1,62.86101924131606,96.95776825893837,37.21506933075929,0
2024-01-01 18:58:00,1,66.52202105326487,96.81071027514322,37.09187271354427,0
2024-01-01 18:59:00,1,66.74073685197101,97.10251229652386,37.13299763968496,0
2024-01-01 19:00:00,1,64.75461901325725,96.82143350447554,37.356940884511864,0
2024-01-01 19:01:00,1,68.11269828159566,96.82108775212761,36.99569541105595,0
2024-01-01 19:02:00,1,65.07289587828532,96.7288948646704,36.950972161237445,0
2024-01-01 19:03:00,1,65.63606589556635,96.98051571825394,37.21258479838557,0
2024-01-01 19:04:00,1,65.05085858823632,96.95139888270671,37.06440789240602,0
2024-01-01 19:05:00,1,65.44043266157385,96.60329310222275,37.09847211672023,0
2024-01-01 19:06:00,1,63.22917956968109,96.46092335454998,37.05018154607442,0
2024-01-01 19:07:00,1,62.55426576533892,96.68054188849644,37.10029647057841,0
2024-01-01 19:08:00,1,68.63619781308913,96.55751679154722,37.2840879297248,0
2024-01-01 19:09:00,1,63.76626727075324,96.70122761946568,37.20238328176482,0
2024-01-01 19:10:00,1,63.490589425978136,96.95785000672115,37.2063081421004,0
2024-01-01 19:11:00,1,61.17995968057802,96.6153539818552,36.97635783565179,0
2024-01-01 19:12:00,1,64.22236356587594,96.69472392796582,37.00073967443099,0
2024-01-01 19:13:00,1,62.86783574020737,96.71139006968242,36.829801810227465,0
2024-01-01 19:14:00,1,68.81195476363067,96.86599151193555,37.0306067115015,0
2024-01-01 19:15:00,1,67.56164832376922,96.24347044115066,37.205031090483345,0
2024-01-01 19:16:00,1,64.17998347322442,96.56807464475904,37.15885263719702,0
2024-01-01 19:17:00,1,70.07560583747599,96.72826152308971,37.08278548660763,0
2024-01-01 19:18:00,1,67.54889503319875,96.92263460203772,37.100467606430584,0
2024-01-01 19:19:00,1,64.95051061492906,96.58087655077993,37.031552281268354,0
2024-01-01 19:20:00,1,60.61635048289227,96.30060918837972,37.118642690542096,0
2024-01-01 19:21:00,1,70.21221451071965,96.79654942236881,37.17246375326414,0
2024-01-01 19:22:00,1,62.86653051794738,96.54224702589632,36.93197991890304,0
2024-01-01 19:23:00,1,62.37040238396135,96.42812375994137,37.12120998396806,0
2024-01-01 19:24:00,1,67.72204321278545,96.53795106831767,37.182149663685365,0
2024-01-01 19:25:00,1,70.57228737745821,96.62270384248154,37.04504185430391,0
2024-01-01 19:26:00,1,68.47738586017985,96.53547470699678,37.15425280018434,0
2024-01-01 19:27:00,1,66.85289325786863,96.21215135542381,37.3632645948583,0
2024-01-01 19:28:00,1,66.93099532240873,96.8295451751179,37.06896724720129,0
2024-01-01 19:29:00,1,67.46490589177411,96.90200099374435,37.11632098363133,0
2024-01-01 19:30:00,1,67.29269628649021,96.77425135121494,37.000760112166674,0
2024-01-01 19:31:00,1,66.35416216551397,96.41335793883705,37.090253684462205,0
2024-01-01 19:32:00,1,66.01729729112725,96.59757227135964,37.11570610232783,0
2024-01-01 19:33:00,1,65.70099982174993,96.63356943622975,37.08670158975742,0
2024-01-01 19:34:00,1,64.335722793165,96.75166354275514,36.96277470629969,0
2024-01-01 19:35:00,1,65.29994227655034,96.76263179901191,37.082896188927755,0
2024-01-01 19:36:00,1,62.49319349099892,96.47921627307369,37.205984696427294,0
2024-01-01 19:37:00,1,65.7004164449887,96.63956599292817,37.10212351508719,0
2024-01-01 19:38:00,1,63.93807561059485,96.71176754858416,37.150943668786745,0
2024-01-01 19:39:00,1,63.7264145176521,96.90864947305889,37.02851937081524,0
2024-01-01 19:40:00,1,96.31188963288253,91.75558902806068,37.62467724953018,0
2024-01-01 19:41:00,1,98.7547865802027,91.76973115285543,37.57507214169379,0
2024-01-01 19:42:00,1,97.82626803875443,91.62594683114881,37.44950432784222,0
2024-01-01 19:43:00,1,92.8676582216086,91.88856482850717,37.57388989241361,0
2024-01-01 19:44:00,1,94.04859917798365,91.68574706283279,37.44030330373884,0
2024-01-01 19:45:00,1,67.9287649035617,96.42892864031288,36.97361334784992,0
2024-01-01 19:46:00,1,64.10178550192725,96.87920235156894,37.05325627967169,0
2024-01-01 19:47:00,1,65.63720206289811,96.7355217633753,37.06146406056159,0
2024-01-01 19:48:00,1,67.20645057156429,96.50477586939563,36.9102271250131,0
2024-01-01 19:49:00,1,64.18970503217078,96.49496065327867,37.13195468522593,0
2024-01-01 19:50:00,1,66.35736169812526,96.64768012989562,37.08115791594581,0
2024-01-01 19:51:00,1,63.49894523005181,96.67853914521076,36.95088151389761,0
2024-01-01 19:52:00,1,64.9848148675095,96.62292938356924,36.8649892831104,0
2024-01-01 19:53:00,1,66.84783596882816,96.64333317382027,37.00164749334498,0
2024-01-01 19:54:00,1,63.043174193153874,96.9186953701232,36.96893099936552,0
2024-01-01 19:55:00,1,67.13116791209508,96.79067710966697,37.02222451523073,0
2024-01-01 19:56:00,1,66.23216642911288,96.61219248751917,36.97198203013174,0
2024-01-01 19:57:00,1,67.39781193679902,96.76005685713451,36.804929813836765,0
2024-01-01 19:58:00,1,66.76221629949808,96.3630519868166,36.96422163592538,0
2024-01-01 19:59:00,1,69.06439048616022,96.64693702954607,36.96987472407844,0
2024-01-01 20:00:00,1,66.60844540366902,96.92704073519548,37.061182968173235,0
2024-01-01 20:01:00,1,65.52123684832833,96.51943129116806,36.92537750333418,0
2024-01-01 20:02:00,1,66.64685880848094,96.39140801194512,37.16044636726475,0
2024-01-01 20:03:00,1,67.51123964841233,96.42844483037553,36.798797547329684,0
2024-01-01 20:04:00,1,66.5449070083285,96.3388974520783,37.11846277706162,0
2024-01-01 20:05:00,1,66.55107658704853,96.39786692586055,36.96230072628761,0
2024-01-01 20:06:00,1,65.08877879272009,96.47874688507595,37.068080326327284,0
2024-01-01 20:07:00,1,65.18999148765627,96.26979839792756,36.98749427080614,0
2024-01-01 20:08:00,1,63.73377568522547,96.55213301287651,37.090865474340035,0
2024-01-01 20:09:00,1,70.0614939307341,96.72759671760198,36.93557348448625,0
2024-01-01 20:10:00,1,64.09812905333293,96.36375651846613,36.86185180665175,0
2024-01-01 20:11:00,1,65.22372062418322,96.84736568559192,37.11117329954939,0
2024-01-01 20:12:00,1,65.19655194882642,96.6439032768345,36.95518912587963,0
2024-01-01 20:13:00,1,68.44721020414998,96.7461318809419,36.98611309912759,0
2024-01-01 20:14:00,1,,,,1
2024-01-01 20:15:00,1,69.2013122336292,96.70756798264127,36.85562084473987,0
2024-01-01 20:16:00,1,65.3833175835005,96.31665268155734,37.01580539668854,0
2024-01-01 20:17:00,1,67.31291556223081,96.71150094398682,36.894714274931026,0
2024-01-01 20:18:00,1,65.10901872960585,96.56626687283784,36.937942202318446,0
2024-01-01 20:19:00,1,71.09495341002338,96.64103250720082,36.95585080199222,0
2024-01-01 20:20:00,1,64.45455687925187,96.29378241333508,36.796073302319904,0
2024-01-01 20:21:00,1,67.47464946657749,96.34844236312762,36.865693616295246,0
2024-01-01 20:22:00,1,68.1479714213039,96.64549300841878,37.07617612310816,0
2024-01-01 20:23:00,1,67.7335802677277,96.33500494061815,37.02718957760563,0
2024-01-01 20:24:00,1,66.5611254811368,96.61597922477858,36.92981866616436,0
2024-01-01 20:25:00,1,66.69793194784705,96.24861018009025,36.95791810203828,0
2024-01-01 20:26:00,1,67.0712221687872,96.69040880822178,36.901716030041804,0
2024-01-01 20:27:00,1,66.71577393199631,96.27304207269873,37.064344958769155,0
2024-01-01 20:28:00,1,68.96386721307881,96.62881613239838,36.90620993815689,0
2024-01-01 20:29:00,1,71.48363785871669,96.64232847084197,36.94700063597587,0
2024-01-01 20:30:00,1,65.97424248847582,96.37673087771051,37.03600374381448,0
2024-01-01 20:31:00,1,64.3764051214215,96.6314104153158,36.841261369858174,0
2024-01-01 20:32:00,1,66.96638231443875,96.56605040065793,37.07248912421829,0
2024-01-01 20:33:00,1,72.32945021196211,96.40518748798563,36.761190060497476,0
2024-01-01 20:34:00,1,65.58991680479814,96.31027597550656,37.074841125902644,0
2024-01-01 20:35:00,1,70.5028827150571,96.11853004284124,36.87226518614605,0
2024-01-01 20:36:00,1,70.60758213303963,96.58009074629955,36.88293422415855,0
2024-01-01 20:37:00,1,66.17268313458806,96.19634309325107,36.71589035842872,0
2024-01-01 20:38:00,1,68.44565207418829,96.52755281847703,36.857115499445484,0
2024-01-01 20:39:00,1,70.59245211407577,96.45501214932679,36.79633462677124,0
2024-01-01 20:40:00,1,66.60552245872682,96.64278570412382,36.83728805823813,0
2024-01-01 20:41:00,1,66.98488187817135,96.445841004956,36.882076501530676,0
2024-01-01 20:42:00,1,66.25709047407777,96.43969115664613,36.9893595425437,0
2024-01-01 20:43:00,1,65.4194930484812,96.65132316812621,36.91213175902885,0
2024-01-01 20:44:00,1,66.17914958753289,96.57136669890208,36.91994877084648,0
2024-01-01 20:45:00,1,65.05866572471308,96.56703014809544,36.777457862886145,0
2024-01-01 20:46:00,1,67.60369763823789,96.59713417836201,36.79678247628049,0
2024-01-01 20:47:00,1,66.02471099340391,96.19568581919322,37.06259822698415,0
2024-01-01 20:48:00,1,68.061497787922,96.65371547959575,36.80709358386172,0
2024-01-01 20:49:00,1,64.51154437776509,96.6244469522391,37.04414295940352,0
2024-01-01 20:50:00,1,68.31464647674882,96.29824999848434,36.85214530471529,0
2024-01-01 20:51:00,1,69.34963435062289,96.45244196910774,36.87463070746788,0
2024-01-01 20:52:00,1,63.72493506423623,96.49310607989565,36.97941046963259,0
2024-01-01 20:53:00,1,68.49048834922904,96.4738157102105,36.9975571340291,0
2024-01-01 20:54:00,1,70.22782042145869,96.56727266541867,36.857302816708795,0
2024-01-01 20:55:00,1,65.38344541893626,96.78659772517945,36.827598531351626,0
2024-01-01 20:56:00,1,71.17825446600682,96.71653951619501,36.858892475399145,0
2024-01-01 20:57:00,1,68.70166658404425,96.23764224949932,36.89636520878498,0
2024-01-01 20:58:00,1,66.48425978190086,96.62443812708217,36.94980834111458,0
2024-01-01 20:59:00,1,67.8135357368955,96.7657869617986,36.85923338009486,0
2024-01-01 21:00:00,1,69.07265299971549,96.57737630075246,36.91885567151242,0
2024-01-01 21:01:00,1,68.13906953403449,96.71826310913704,37.018984204486756,0
2024-01-01 21:02:00,1,69.09576401456482,96.90261166548926,36.891485236147695,0
2024-01-01 21:03:00,1,66.20823122919981,96.70502815567829,36.8827507661078,0
2024-01-01 21:04:00,1,68.41975895910275,96.55031474373921,36.697951069004134,0
2024-01-01 21:05:00,1,65.28519912311356,96.70967559290949,36.58505157338154,0
2024-01-01 21:06:00,1,67.92189810806028,96.52987841789773,36.88527065478923,0
2024-01-01 21:07:00,1,66.36838776482053,96.50596247429772,36.835285503024046,0
2024-01-01 21:08:00,1,66.73712607544637,96.43121807260685,36.79165113814323,0
2024-01-01 21:09:00,1,70.7124847100508,96.8145406610404,36.865870821874985,0
2024-01-01 21:10:00,1,70.45515987372694,96.3385673137954,36.833893017221364,0
2024-01-01 21:11:00,1,69.52318540648486,96.80915960768772,36.95115446861039,0
2024-01-01 21:12:00,1,66.15278080955505,96.60312982830526,36.84545831564575,0
2024-01-01 21:13:00,1,67.73721363627834,96.22380459852482,36.76065367983997,0
2024-01-01 21:14:00,1,70.82897653295086,96.57774237233126,36.93288966360836,0
2024-01-01 21:15:00,1,68.71909133376256,96.08479170108043,36.81071546815806,0
2024-01-01 21:16:00,1,73.10731810931316,96.6305208589118,36.88366653238053,0
2024-01-01 21:17:00,1,69.28842075120725,96.68312552168238,36.78188507708718,0
2024-01-01 21:18:00,1,68.91913323712014,96.38830566976827,36.763285976119484,0
2024-01-01 21:19:00,1,67.95017526219853,96.53222164897744,36.83535747084125,0
2024-01-01 21:20:00,1,68.8689858051127,96.89911640242765,36.82692518938642,0
2024-01-01 21:21:00,1,68.33058210761435,96.40794587878614,36.87235662260426,0
2024-01-01 21:22:00,1,70.08547825753855,96.29816144246422,36.79627107223525,0
2024-01-01 21:23:00,1,70.61652535725779,96.80716075223272,36.6382917446174,0
2024-01-01 21:24:00,1,67.16512167234283,96.90426792584022,36.777472964252794,0
2024-01-01 21:25:00,1,66.10873395828897,96.51344927188349,36.89898558514902,0
2024-01-01 21:26:00,1,65.13300714349583,96.71599955497881,36.78875046927873,0
2024-01-01 21:27:00,1,69.85573666770989,96.78303602597336,36.79276522009397,0
2024-01-01 21:28:00,1,66.66747437098473,96.36731489707182,36.91498802453713,0
2024-01-01 21:29:00,1,64.6029967552822,96.41985840129388,36.74413137598943,0
2024-01-01 21:30:00,1,69.72062163742595,96.76423913537957,36.66005838812969,0
2024-01-01 21:31:00,1,73.96426541842975,96.85624850517287,40.0,1
2024-01-01 21:32:00,1,69.00104132020755,96.63303990035543,36.764037070711254,0
2024-01-01 21:33:00,1,70.72519559074779,96.34575550582596,36.714935901808694,0
2024-01-01 21:34:00,1,69.24701712846573,96.92042172070938,36.79316108916524,0
2024-01-01 21:35:00,1,68.92083627545492,96.41814281582688,36.85902038130987,0
2024-01-01 21:36:00,1,70.99213784704092,96.45867321011683,36.808144465380146,0
2024-01-01 21:37:00,1,68.60891654636112,96.59556827415211,36.839007693544005,0
2024-01-01 21:38:00,1,69.75984179455854,96.83936879548233,36.98891951169614,0
2024-01-01 21:39:00,1,69.90415440993277,96.70080386440776,36.77259302748934,0
2024-01-01 21:40:00,1,67.96038894017778,96.61448956834928,36.8340510848769,0
2024-01-01 21:41:00,1,71.31657433251846,96.62571769991737,36.754663442936575,0
2024-01-01 21:42:00,1,69.01859795728281,96.54334206196768,36.72035072335339,0
2024-01-01 21:43:00,1,67.89316235329106,96.6478816537919,36.74593130712852,0
2024-01-01 21:44:00,1,70.51391423647696,96.03199172317183,36.756015150308684,0
2024-01-01 21:45:00,1,67.68030644731735,96.4802674740648,36.83934117119022,0
2024-01-01 21:46:00,1,69.57005787873179,96.58957369086082,37.037837488412514,0
2024-01-01 21:47:00,1,69.53201532034967,96.31286180479029,36.730895698314,0
2024-01-01 21:48:00,1,71.75870609452168,96.62211944849123,36.760441531229425,0
2024-01-01 21:49:00,1,70.57307627845938,96.50578541340697,36.79542973592297,0
2024-01-01 21:50:00,1,69.61049324474776,96.89963424003878,36.840993915259226,0
2024-01-01 21:51:00,1,71.3330489069977,96.86503691648572,36.82747517872933,0
2024-01-01 21:52:00,1,72.51500164499355,96.45920001255564,36.929269868499624,0
2024-01-01 21:53:00,1,70.88737778328199,96.52415587583127,36.557995442626336,0
2024-01-01 21:54:00,1,69.82973271048293,96.54153018397322,36.56175023095531,0
2024-01-01 21:55:00,1,67.22272427235298,96.46801791576249,36.750698209635324,0
2024-01-01 21:56:00,1,67.75363693075276,96.59941860183278,36.90989312198994,0
2024-01-01 21:57:00,1,69.31097990731814,96.41085450803119,36.643509665103615,0
2024-01-01 21:58:00,1,68.74006679392771,96.33851853441072,36.49925690316104,0
2024-01-01 21:59:00,1,69.62290657956416,96.69134772609068,36.85711805977853,0
2024-01-01 22:00:00,1,,,,1
2024-01-01 22:01:00,1,71.13203610278907,96.41036902758499,36.691042189859694,0
2024-01-01 22:02:00,1,69.96969501405319,96.75256574638456,36.701591989029865,0
2024-01-01 22:03:00,1,71.12183104870503,96.44947412030484,36.70328878727355,0
2024-01-01 22:04:00,1,70.31600426929113,96.6287500698256,36.81146817258093,0
2024-01-01 22:05:00,1,66.27444174450662,96.74454535351124,36.73796884028154,0
2024-01-01 22:06:00,1,68.38511455548438,96.57614555957231,36.85022670046585,0
2024-01-01 22:07:00,1,70.0141109936536,96.67623958684231,36.515611758810394,0
2024-01-01 22:08:00,1,67.92148694343885,96.48446043311165,36.715677487382564,0
2024-01-01 22:09:00,1,71.5794130394614,96.55093944103821,36.689079609402086,0
2024-01-01 22:10:00,1,73.47982448340886,96.55157851613009,36.776407296750506,0
2024-01-01 22:11:00,1,72.89470111117461,96.44598343433319,36.748626914184825,0
2024-01-01 22:12:00,1,70.06923286402028,96.56252383474254,36.882640292847775,0
2024-01-01 22:13:00,1,73.51659794430846,96.29076523698993,36.61738028910503,0
2024-01-01 22:14:00,1,70.87159277231568,96.50489884334827,36.80835491331156,0
2024-01-01 22:15:00,1,69.93928247987837,96.54882545535506,36.86016487101725,0
2024-01-01 22:16:00,1,69.42592928885202,96.5572656263336,36.99055500881947,0
2024-01-01 22:17:00,1,70.08715831751552,96.5629329660343,36.75730618204951,0
2024-01-01 22:18:00,1,69.95518925824754,96.60164014092818,36.838554529452715,0
2024-01-01 22:19:00,1,71.11190192317552,96.71267124700815,36.62638154809074,0
2024-01-01 22:20:00,1,71.13182464829977,96.7945055447453,36.568264520615706,0
2024-01-01 22:21:00,1,70.85645580385072,96.49249728012369,36.89266292890639,0
2024-01-01 22:22:00,1,71.76400629331357,96.38468714183405,36.808387724367975,0
2024-01-01 22:23:00,1,73.31126704846011,96.41982399032744,36.92758606713555,0
2024-01-01 22:24:00,1,72.8690049099888,96.53372619926964,36.67321819997019,0
2024-01-01 22:25:00,1,68.0400996764605,96.56374455780696,36.863404898488625,0
2024-01-01 22:26:00,1,65.94212838926443,96.48311954723721,36.999185022307174,0
2024-01-01 22:27:00,1,72.95876083467685,96.38091303996595,36.85519455839323,0
2024-01-01 22:28:00,1,68.39658851045179,96.55195726277077,36.84183495502228,0
2024-01-01 22:29:00,1,70.72111377364715,96.68253901863335,36.8160171035667,0
2024-01-01 22:30:00,1,68.87079020223396,96.76835883072759,36.659089755951875,0
2024-01-01 22:31:00,1,67.6474992931959,96.54099431014627,36.95278314217671,0
2024-01-01 22:32:00,1,72.3749010047875,96.57303184141749,36.75721939251743,0
2024-01-01 22:33:00,1,72.85087194259707,96.47347049061804,36.86986396578857,0
2024-01-01 22:34:00,1,70.22019681396938,96.65572708390654,36.66425367836536,0
2024-01-01 22:35:00,1,66.23185816927356,96.49555973139536,36.70378340080707,0
2024-01-01 22:36:00,1,70.36224736348262,96.78312708943164,36.966440953638894,0
2024-01-01 22:37:00,1,72.2792053677711,96.31460957693731,36.78943521311508,0
2024-01-01 22:38:00,1,68.57870212793244,96.60316331913043,36.97075638814358,0
2024-01-01 22:39:00,1,71.94423904479824,96.73864187736852,36.8188991266184,0
2024-01-01 22:40:00,1,71.58795869634707,96.71854299228328,36.643855498752544,0
2024-01-01 22:41:00,1,72.81828505024764,97.22376276897953,36.918604624065985,0
2024-01-01 22:42:00,1,71.94005012710177,96.75851999818381,36.77179049280093,0
2024-01-01 22:43:00,1,69.79600174537616,96.49117678132583,36.9020595017472,0
2024-01-01 22:44:00,1,74.17659497853492,96.67634604764154,36.83615139621799,0
2024-01-01 22:45:00,1,71.50776650079843,96.34366405248491,36.68078672196138,0
2024-01-01 22:46:00,1,71.81165077426847,96.68629075223286,36.853024550883276,0
2024-01-01 22:47:00,1,70.04121788642313,96.5393195676917,37.05774195567177,0
2024-01-01 22:48:00,1,71.06274220722953,96.89255133684895,36.88897063034802,0
2024-01-01 22:49:00,1,70.2213123481563,96.60312988495794,36.83550006181014,0
2024-01-01 22:50:00,1,71.68669409119919,96.69327129851322,36.950393268418516,0
2024-01-01 22:51:00,1,75.49772817999511,96.59312106533295,36.86555982860369,0
2024-01-01 22:52:00,1,69.37228972085207,97.07163239091562,36.86710714134263,0
2024-01-01 22:53:00,1,68.93080497975374,96.66326411245832,36.73867833475161,0
2024-01-01 22:54:00,1,75.14215838347486,97.09769539933082,36.872938896132254,0
2024-01-01 22:55:00,1,71.82311371271915,96.89770616785351,36.95483749075212,0
2024-01-01 22:56:00,1,70.94561151414214,96.83500120399599,36.76945150503639,0
2024-01-01 22:57:00,1,74.40561407594359,96.81606646631616,36.99729708631538,0
2024-01-01 22:58:00,1,71.15667231497677,96.82483092544463,36.84749159143212,0
2024-01-01 22:59:00,1,76.06207169584025,96.36430794340762,36.76972452669037,0
2024-01-01 23:00:00,1,73.80810226314809,96.69785585087362,36.960128248285464,0
2024-01-01 23:01:00,1,71.51867452881775,96.9264729822895,36.83357313876464,0
2024-01-01 23:02:00,1,76.8514083637593,96.7514893071659,36.94011520796113,0
2024-01-01 23:03:00,1,71.36770364447268,96.48407633589413,36.83692232006756,0
2024-01-01 23:04:00,1,74.10571194163805,96.75849688885796,36.862073008306865,0
2024-01-01 23:05:00,1,73.26253941133864,97.1136799736401,36.9193917218818,0
2024-01-01 23:06:00,1,75.30991441900827,97.02613562663737,36.90112778566996,0
2024-01-01 23:07:00,1,75.87197555029174,96.7682719192325,36.6745092364282,0
2024-01-01 23:08:00,1,72.85552568786913,96.9748947399362,36.763983983784605,0
2024-01-01 23:09:00,1,71.3272879867287,96.71525206984762,36.97111655730282,0
2024-01-01 23:10:00,1,73.79671564347565,96.45174387081185,36.86705000397559,0
2024-01-01 23:11:00,1,71.56402872768415,96.61160552731846,36.829999181359604,0
2024-01-01 23:12:00,1,76.98896173739709,97.11307253436966,36.748643741802546,0
2024-01-01 23:13:00,1,73.27802453062311,96.74970743424406,36.77867616054132,0
2024-01-01 23:14:00,1,72.31711542755858,96.75985543299663,36.68663802699053,0
2024-01-01 23:15:00,1,73.45996102317702,96.75260536916282,36.880876994402605,0
2024-01-01 23:16:00,1,70.4392261164098,97.1974553990142,36.83336718518665,0
2024-01-01 23:17:00,1,71.23316448775174,97.14588892075058,36.798776354313034,0
2024-01-01 23:18:00,1,75.62016901709347,97.26853591453794,36.89086494262128,0
2024-01-01 23:19:00,1,71.94853522800418,96.79706691818198,36.93633404679598,0
2024-01-01 23:20:00,1,71.21151753417197,96.89211000030168,37.111533644624416,0
2024-01-01 23:21:00,1,74.42169302693004,96.53377847147281,36.75331915558797,0
2024-01-01 23:22:00,1,75.76287534158006,97.13662816756627,37.02275563291248,0
2024-01-01 23:23:00,1,74.87248383068965,96.61183177997489,37.006453704257105,0
2024-01-01 23:24:00,1,75.46981260290674,96.89290100156303,36.83357588322056,0
2024-01-01 23:25:00,1,72.00729609845614,96.63425505545895,36.93416554926844,0
2024-01-01 23:26:00,1,70.72046218575666,96.74012302342761,36.87045020879024,0
2024-01-01 23:27:00,1,76.60997544258521,96.6946355671412,36.937168348019625,0
2024-01-01 23:28:00,1,73.0051996321339,96.74471518292242,37.07191251452183,0
2024-01-01 23:29:00,1,73.19217017517722,96.76267807280753,36.98397351481178,0
2024-01-01 23:30:00,1,76.39352629210451,96.76507110827043,36.9767003482909,0
2024-01-01 23:31:00,1,74.89292390402663,97.04562345688002,36.8852479230758,0
2024-01-01 23:32:00,1,74.73558855669826,96.66222515391378,36.782324838817175,0
2024-01-01 23:33:00,1,78.19718925368537,96.93155594324467,36.91234721996687,0
2024-01-01 23:34:00,1,72.62354125162963,97.13529801683217,37.05632985499051,0
2024-01-01 23:35:00,1,75.8096718869261,96.79333370045674,36.785438290432424,0
2024-01-01 23:36:00,1,74.11145174111086,96.75666391527336,36.83514278740325,0
2024-01-01 23:37:00,1,74.57806302370786,96.85842509553632,36.955785329133555,0
2024-01-01 23:38:00,1,77.14128657915045,97.14476466991078,36.847209661344515,0
2024-01-01 23:39:00,1,75.14350995614721,96.95193771548801,36.86894870066341,0
2024-01-01 23:40:00,1,75.24793594669477,96.81117651717226,36.90837598057175,0
2024-01-01 23:41:00,1,76.35987960659692,97.01850419070558,36.8167173445915,0
2024-01-01 23:42:00,1,73.52849558489581,96.70558588381247,36.85841816317311,0
2024-01-01 23:43:00,1,72.62353195991307,97.06663730902231,37.0287319810225,0
2024-01-01 23:44:00,1,72.25589646547697,97.01641327194471,36.830218192380556,0
2024-01-01 23:45:00,1,70.45637771147297,96.87746150003349,36.803740637845976,0
2024-01-01 23:46:00,1,78.54509283381114,96.77564206850471,36.90310429203733,0
2024-01-01 23:47:00,1,72.2698603421918,96.77036339708148,37.041887094438174,0
2024-01-01 23:48:00,1,74.07737831096084,97.05900739056825,36.95158948958512,0
2024-01-01 23:49:00,1,74.00987659624725,97.20218802267621,36.92741861635019,0
2024-01-01 23:50:00,1,75.22194255136002,96.8332816971931,36.98091214000226,0
2024-01-01 23:51:00,1,76.28223703063098,97.05677490543984,36.80450908932931,0
2024-01-01 23:52:00,1,76.41534969030332,96.55204914079084,37.03115755990401,0
2024-01-01 23:53:00,1,73.57189377069838,96.85689030755032,37.022640801779914,0
2024-01-01 23:54:00,1,74.44745614862585,96.97196337322707,36.94597944966081,0
2024-01-01 23:55:00,1,75.39051456744149,96.80060144688125,37.090117992652345,0
2024-01-01 23:56:00,1,74.37163083398228,96.7996011574339,36.87939297321953,0
2024-01-01 23:57:00,1,78.12736515554307,96.85771182202946,37.10755187228208,0
2024-01-01 23:58:00,1,75.93828648880591,97.05407224584042,37.01282962828651,0
2024-01-01 23:59:00,1,76.46975557209963,96.96253419631873,36.966344741012186,0
2024-01-01 00:00:00,2,74.75142844567513,97.28623042355235,36.88580581808387,0
2024-01-01 00:01:00,2,74.62089495483464,96.95235904978877,37.008610263952654,0
2024-01-01 00:02:00,2,76.58054872570123,96.83272987033861,36.84272690115502,0
2024-01-01 00:03:00,2,75.78214254722477,97.06693375165922,37.01614860220237,0
2024-01-01 00:04:00,2,79.72629618883039,96.97430444445673,36.96898283071526,0
2024-01-01 00:05:00,2,73.51385113780668,96.78627254860048,37.16328499944848,0
2024-01-01 00:06:00,2,76.2981547562237,97.32014299807574,37.15683838753502,0
2024-01-01 00:07:00,2,74.24719526679313,96.90609141090995,37.096847565774524,0
2024-01-01 00:08:00,2,73.61066342047033,96.66684915831132,36.98825878931861,0
2024-01-01 00:09:00,2,75.37113657018824,97.3048899641926,37.22206177927533,0
2024-01-01 00:10:00,2,,,,1
2024-01-01 00:11:00,2,81.3164615519878,96.9263912981778,36.888362466658826,0
2024-01-01 00:12:00,2,75.15543129499841,96.69922290105582,37.022930145823906,0
2024-01-01 00:13:00,2,73.30696396710013,97.40482906912524,37.25929702090139,0
2024-01-01 00:14:00,2,76.1569305447638,96.8030806882968,37.01623825801753,0
2024-01-01 00:15:00,2,71.50520507138822,97.07699808573678,37.020720305075415,0
2024-01-01 00:16:00,2,75.5141351402004,97.25215865757437,36.89741977504505,0
2024-01-01 00:17:00,2,75.77364952060873,97.15829907282087,37.138762610732286,0
2024-01-01 00:18:00,2,77.37433583391311,97.06634027713358,37.14203854042242,0
2024-01-01 00:19:00,2,77.77590071026019,96.74224745224875,37.12817168139543,0
2024-01-01 00:20:00,2,74.86502231861658,96.92493884354919,36.98887688734033,0
2024-01-01 00:21:00,2,75.61442224441475,97.12874043936986,36.983654183333456,0
2024-01-01 00:22:00,2,74.4268798727973,96.93803516543024,36.927529219449355,0
2024-01-01 00:23:00,2,73.74644939906793,97.14042419857687,37.06773552595517,0
2024-01-01 00:24:00,2,76.66579792799764,97.2403757084036,36.95380419098076,0
2024-01-01 00:25:00,2,73.54225119041686,97.30079439078897,36.94658930997095,0
2024-01-01 00:26:00,2,75.30356163497308,96.86731647059555,37.02443688728802,0
2024-01-01 00:27:00,2,74.18583906766648,97.55613149846951,37.020353877171964,0
2024-01-01 00:28:00,2,77.3189024873552,97.27453919438686,37.01792329204653,0
2024-01-01 00:29:00,2,79.86572219012659,97.12493230201073,37.12080494871647,0
2024-01-01 00:30:00,2,73.70298782630601,97.347404703178,37.08449188866638,0
2024-01-01 00:31:00,2,72.64340372438669,97.60679131934242,37.050184983767515,0
2024-01-01 00:32:00,2,76.14291809062563,96.85016792643748,37.099701802853396,0
2024-01-01 00:33:00,2,76.46731207267517,97.09705108272637,36.98463376216554,0
2024-01-01 00:34:00,2,,,,1
2024-01-01 00:35:00,2,75.62964173823619,97.1889844177191,37.103575092126235,0
2024-01-01 00:36:00,2,76.16414419298961,97.22769115815655,36.94055176590865,0
2024-01-01 00:37:00,2,77.34355378882715,97.15092629456882,37.19275184685461,0
2024-01-01 00:38:00,2,78.73247426341422,97.03198630444336,37.00734913193301,0
2024-01-01 00:39:00,2,72.78456295982758,96.75711199421006,37.10681712851722,0
2024-01-01 00:40:00,2,75.99979733599011,97.24583077642036,37.216504190342825,0
2024-01-01 00:41:00,2,77.2082763866775,97.46630702893476,37.19489039063331,0
2024-01-01 00:42:00,2,74.98765522600549,97.06109917117514,37.10799819544532,0
2024-01-01 00:43:00,2,80.32886056806541,97.27138390470503,37.070539156467035,0
2024-01-01 00:44:00,2,75.63857982809533,96.87379812889819,37.2037461245848,0
2024-01-01 00:45:00,2,76.86965609580264,97.28291038386688,37.17865160679414,0
2024-01-01 00:46:00,2,78.10709032522695,97.11681748984115,37.051513705326684,0
2024-01-01 00:47:00,2,75.85524318005237,97.0470216292114,37.03600949197154,0
2024-01-01 00:48:00,2,73.3873944372028,97.0514285468124,36.91039217019366,0
2024-01-01 00:49:00,2,76.2659195885695,97.1287594954162,37.13513952130261,0
2024-01-01 00:50:00,2,79.22475738443299,97.28793318921728,37.11355466667442,0
2024-01-01 00:51:00,2,76.53469235669213,96.95296247523632,37.23751077967021,0
2024-01-01 00:52:00,2,75.55817824024402,97.13990421258072,37.16184309487466,0
2024-01-01 00:53:00,2,79.14491257879477,97.21494836086974,37.261384839506306,0
2024-01-01 00:54:00,2,76.67449595742823,97.00733328470463,37.06022787576001,0
2024-01-01 00:55:00,2,76.35815717508012,97.59035526136155,37.24575941043691,0
2024-01-01 00:56:00,2,77.71977868884726,97.06418659873289,37.08101017879613,0
2024-01-01 00:57:00,2,79.00470848200926,97.10484387341258,37.21359588696671,0
2024-01-01 00:58:00,2,82.26892971835592,97.04689702198287,36.99187159840846,0
2024-01-01 00:59:00,2,79.20222169484529,97.60606348772384,37.16314848934318,0
2024-01-01 01:00:00,2,79.90962766403032,97.36073858644315,36.94302972801119,0
2024-01-01 01:01:00,2,76.62016420757378,97.06661013294989,37.11662405755919,0
2024-01-01 01:02:00,2,75.6224590869096,97.47892647491933,37.189187895197115,0
2024-01-01 01:03:00,2,77.84090570777627,97.30155188032886,37.09484542463049,0
2024-01-01 01:04:00,2,77.97257876349632,97.31657486879244,37.04366308801398,0
2024-01-01 01:05:00,2,75.64315678878316,97.19992056761454,37.23505775337629,0
2024-01-01 01:06:00,2,77.49148316468474,97.12260413692671,37.14181286904779,0
2024-01-01 01:07:00,2,78.68254319672349,97.34369109926595,37.10488921698058,0
2024-01-01 01:08:00,2,78.64647557032573,97.17074992038705,37.15969661003205,0
2024-01-01 01:09:00,2,78.9759894957225,97.64672664424275,37.420807985971734,0
2024-01-01 01:10:00,2,78.59101168406477,97.03310383907434,37.27409844786747,0
2024-01-01 01:11:00,2,77.03667597184733,97.59775807283407,37.2765853823222,0
2024-01-01 01:12:00,2,77.0644449421328,97.27180545114858,37.20543499044274,0
2024-01-01 01:13:00,2,75.73583735072391,97.357406444712,37.180053452911494,0
2024-01-01 01:14:00,2,81.74472443151782,97.46771823414768,36.92529322641129,0
2024-01-01 01:15:00,2,78.24344875403266,97.17851124393975,37.0984716558897,0
2024-01-01 01:16:00,2,77.80815426127103,97.48086197624549,37.11975193828425,0
2024-01-01 01:17:00,2,76.44152644682163,96.76993123565353,36.98173106901875,0
2024-01-01 01:18:00,2,84.2116137536101,97.17084605717218,37.05486055688564,0
2024-01-01 01:19:00,2,,,,1
2024-01-01 01:20:00,2,77.56478494354792,97.07087838799548,37.16944542390601,0
2024-01-01 01:21:00,2,79.29514840709142,97.28191977876328,37.256447756545555,0
2024-01-01 01:22:00,2,79.70482857452254,97.4053671183122,37.28651200985158,0
2024-01-01 01:23:00,2,80.46112785044379,97.47203047291646,37.218546232491256,0
2024-01-01 01:24:00,2,82.20127426197513,97.38292989320655,37.0819309986223,0
2024-01-01 01:25:00,2,79.6390976954986,97.2048463890398,36.986236375125515,0
2024-01-01 01:26:00,2,76.55537677807489,97.41499313517753,37.00489748990958,0
2024-01-01 01:27:00,2,78.1941342013785,97.369225733124,37.054796585776614,0
2024-01-01 01:28:00,2,79.36420457667182,97.53473231281927,37.09388818159075,0
2024-01-01 01:29:00,2,82.92543582865896,97.50603440302582,37.167847248536376,0
2024-01-01 01:30:00,2,76.03374446571888,97.35984158817358,37.08342208270304,0
2024-01-01 01:31:00,2,81.27480710316783,97.17736797050215,37.21972078490365,0
2024-01-01 01:32:00,2,79.26970772689452,97.22927359601765,37.163548652162554,0
2024-01-01 01:33:00,2,80.62569041139062,97.2529233675957,37.18875133292131,0
2024-01-01 01:34:00,2,78.78611495336783,97.30281791184649,37.30261037073137,0
2024-01-01 01:35:00,2,77.3452381006412,97.42244330200933,37.07141833771281,0
2024-01-01 01:36:00,2,80.57177105991524,97.51480200524955,37.232135659673524,0
2024-01-01 01:37:00,2,80.41873210039036,97.36444894848505,37.18965892341961,0
2024-01-01 01:38:00,2,81.09375016793555,97.38077463208674,37.158465880574816,0
2024-01-01 01:39:00,2,79.16271404304268,97.4090591310812,37.281065491039584,0
2024-01-01 01:40:00,2,78.02928647493574,97.28003599398261,37.28113358810872,0
2024-01-01 01:41:00,2,76.15088311462232,97.2009285675712,37.09924225138369,0
2024-01-01 01:42:00,2,80.94664884578702,97.0376799653294,37.17630116245535,0
2024-01-01 01:43:00,2,80.19504434895407,97.25246855155194,37.223230903095136,0
2024-01-01 01:44:00,2,77.45498031215764,97.48882853662457,37.168368096501666,0
2024-01-01 01:45:00,2,78.34859479549529,97.25628811961539,37.254696367550295,0
2024-01-01 01:46:00,2,78.53133670548856,97.35194969575214,37.224805235519995,0
2024-01-01 01:47:00,2,76.53791253015447,97.49540759011677,37.3804002091774,0
2024-01-01 01:48:00,2,77.90745779900975,97.5088387956433,37.04454039637318,0
2024-01-01 01:49:00,2,77.31401646766582,97.19134302726063,37.1857150364375,0
2024-01-01 01:50:00,2,78.79548639675514,97.60917911356691,37.10746474335559,0
2024-01-01 01:51:00,2,78.18172857421979,97.63772365598194,37.259048071648564,0
2024-01-01 01:52:00,2,76.44370405316967,97.18873862414219,37.03720838589461,0
2024-01-01 01:53:00,2,83.78139511801707,97.25236455355872,37.233810962454186,0
2024-01-01 01:54:00,2,82.27970658484409,97.6577415856405,37.136394788965326,0
2024-01-01 01:55:00,2,78.25490571728915,97.39251227353093,37.12616917255436,0
2024-01-01 01:56:00,2,80.3960150322546,96.98025474437172,37.05508702040891,0
2024-01-01 01:57:00,2,80.72423760947122,97.14656903882143,37.15334645627794,0
2024-01-01 01:58:00,2,82.30952111547134,97.37889389544853,37.308387022489455,0
2024-01-01 01:59:00,2,78.32808738864313,97.19838907341413,37.19746671386957,0
2024-01-01 02:00:00,2,82.18736438242979,97.35050976456209,37.26276792263084,0
2024-01-01 02:01:00,2,78.94509819333985,97.44183764133848,37.36644404506621,0
2024-01-01 02:02:00,2,77.4068458756353,97.72993999899823,37.22630109021809,0
2024-01-01 02:03:00,2,81.56440886172548,97.38149561172729,37.143956939558194,0
2024-01-01 02:04:00,2,82.73512011119156,97.65615854892013,37.24643919468194,0
2024-01-01 02:05:00,2,85.3667904762652,97.72943233531245,37.14512716739369,0
2024-01-01 02:06:00,2,77.8287922992413,97.7325385157258,37.148923081990425,0
2024-01-01 02:07:00,2,81.66325282320265,97.50458979229785,37.04715043093329,0
2024-01-01 02:08:00,2,79.48288120381581,97.05690919898946,37.29150565157458,0
2024-01-01 02:09:00,2,81.90617025881002,97.54362587270509,37.159985712046804,0
2024-01-01 02:10:00,2,77.43534108483802,97.66300031995853,37.21646778734749,0
2024-01-01 02:11:00,2,77.88754548574434,97.438931793984,37.094299745348366,0
2024-01-01 02:12:00,2,78.89799704002895,97.80585215250086,37.24109472102996,0
2024-01-01 02:13:00,2,80.64423252734264,97.63065740841604,37.12087596644405,0
2024-01-01 02:14:00,2,79.24059505602386,97.57406570955179,37.18243553639431,0
2024-01-01 02:15:00,2,81.87721413849067,97.67937240353048,37.28389159566306,0
2024-01-01 02:16:00,2,82.64913656423907,97.53042021936399,37.27465385875295,0
2024-01-01 02:17:00,2,81.83063761181708,96.96679877188195,37.19281029740622,0
2024-01-01 02:18:00,2,83.90508564587631,97.36711221581217,37.01760211753284,0
2024-01-01 02:19:00,2,81.53508341144682,97.70791713717267,37.493064835593636,0
2024-01-01 02:20:00,2,78.30544778177892,97.30847306288302,37.36770498338221,0
2024-01-01 02:21:00,2,83.50169586066195,97.42676878761324,37.26468874064424,0
2024-01-01 02:22:00,2,79.6002218940496,97.26393202996519,37.116370035565524,0
2024-01-01 02:23:00,2,82.66685211830575,97.83108375268924,37.17956746229287,0
2024-01-01 02:24:00,2,84.028852851273,97.81196149609433,37.13578814043716,0
2024-01-01 02:25:00,2,81.8300176100902,97.30021672260236,37.31568665915453,0
2024-01-01 02:26:00,2,77.9594683318262,97.50774122355143,37.214689755301166,0
2024-01-01 02:27:00,2,79.15039252369309,97.34343746212664,37.10912914832789,0
2024-01-01 02:28:00,2,83.6672225502061,97.6037432783751,37.13954391255971,0
2024-01-01 02:29:00,2,80.71829020035034,97.58387238269984,37.29778010430301,0
2024-01-01 02:30:00,2,81.25036912869716,97.6454215459552,37.34468108596672,0
2024-01-01 02:31:00,2,82.64344124899475,97.55057194596208,37.33648278240209,0
2024-01-01 02:32:00,2,82.55289171027584,98.0723403984105,37.25829964615997,0
2024-01-01 02:33:00,2,81.75218173506849,97.28070829910072,37.15624943591669,0
2024-01-01 02:34:00,2,80.81146339215452,97.14516919159878,36.85624487903245,0
2024-01-01 02:35:00,2,80.63756251517655,97.40963147212564,37.20896564976919,0
2024-01-01 02:36:00,2,83.01267692691405,97.17557427514775,37.17788940112115,0
2024-01-01 02:37:00,2,82.4378781579742,97.19156458612326,37.19086256206591,0
2024-01-01 02:38:00,2,80.84987821838898,97.29064184952188,37.181015815635746,0
2024-01-01 02:39:00,2,83.56232063043812,97.30727730323608,37.04173145877303,0
2024-01-01 02:40:00,2,81.1735235791369,97.30156426982367,37.228800207862434,0
2024-01-01 02:41:00,2,79.76164064719114,97.5968669291904,37.234952966733964,0
2024-01-01 02:42:00,2,79.98027352977479,97.39268296269834,37.2386077304995,0
2024-01-01 02:43:00,2,79.5738592980307,97.45867782947991,37.263644836344035,0
2024-01-01 02:44:00,2,81.01952246030987,97.67404955228943,37.22797658883948,0
2024-01-01 02:45:00,2,84.0646674236799,97.34252298131074,37.12512401913368,0
2024-01-01 02:46:00,2,80.01977910227103,97.44342498677383,37.1575703068614,0
2024-01-01 02:47:00,2,82.039545183136,97.56999499366141,37.17226525790549,0
2024-01-01 02:48:00,2,80.38171214407467,97.10900037712386,37.172393501363665,0
2024-01-01 02:49:00,2,81.20684228491872,97.02076585122609,37.259888375456114,0
2024-01-01 02:50:00,2,78.73961921639956,97.56736547648558,37.2228490738459,0
2024-01-01 02:51:00,2,81.35073758106103,97.59690193636378,37.36460493832229,0
2024-01-01 02:52:00,2,81.43638619263997,97.91166216132974,37.375878971836336,0
2024-01-01 02:53:00,2,82.9362256573137,97.530718123895,37.16153187639517,0
2024-01-01 02:54:00,2,82.33393370958723,97.66329004535908,36.76820985808961,0
2024-01-01 02:55:00,2,79.52217843906531,97.46045244667194,37.273841095099584,0
2024-01-01 02:56:00,2,84.11881807272854,97.55915919786013,37.094376885593974,0
2024-01-01 02:57:00,2,82.4023540507719,97.8332937920008,37.066497332895686,0
2024-01-01 02:58:00,2,82.4097282831453,97.07513441227502,37.1050072412414,0
2024-01-01 02:59:00,2,82.02563611855768,97.58270865489972,37.09836865360844,0
2024-01-01 03:00:00,2,81.03941121334464,97.92711704812396,37.2024165868151,0
2024-01-01 03:01:00,2,82.54132118607978,97.55638271482091,36.98337844965977,0
2024-01-01 03:02:00,2,83.08754830654502,97.83002850446097,37.02965846945907,0
2024-01-01 03:03:00,2,78.67309892497745,97.37397139943367,37.169831335168375,0
2024-01-01 03:04:00,2,81.11975086898913,97.49326613235405,37.19587156633755,0
2024-01-01 03:05:00,2,81.71762362268072,97.50620426837276,37.1957700917569,0
2024-01-01 03:06:00,2,82.76996600185467,97.0557667170374,37.05092848027143,0
2024-01-01 03:07:00,2,84.67421566247512,97.26539689700878,37.02979948146378,0
2024-01-01 03:08:00,2,80.7739419434014,97.27936692028062,37.07493460276768,0
2024-01-01 03:09:00,2,81.3511902940444,97.66282659140687,37.14753585062509,0
2024-01-01 03:10:00,2,81.35159610853455,97.67247742770043,37.27002560272946,0
2024-01-01 03:11:00,2,80.80301885545042,97.56244954494295,36.914642594084874,0
2024-01-01 03:12:00,2,81.74096955425428,97.6620203355365,37.09520139915515,0
2024-01-01 03:13:00,2,84.0060737382565,97.46388945705534,36.98187427065672,0
2024-01-01 03:14:00,2,80.38578275103372,97.73658737724902,36.94776593049395,0
2024-01-01 03:15:00,2,83.3779241126409,97.49740259544116,37.20751455902811,0
2024-01-01 03:16:00,2,79.1471890300964,97.5066237822168,37.163091033561145,0
2024-01-01 03:17:00,2,81.45687170514053,97.44130075943197,37.15136297049831,0
2024-01-01 03:18:00,2,81.94897880118795,97.63063999067333,37.196294985863545,0
2024-01-01 03:19:00,2,85.98594140512634,97.40880308764123,37.05397541754791,0
2024-01-01 03:20:00,2,82.11473652267591,97.68758448289637,37.056420968492716,0
2024-01-01 03:21:00,2,78.28982713728043,97.26508619326803,37.315978090489004,0
2024-01-01 03:22:00,2,78.72236256827347,97.27091310153088,37.07045151902703,0
2024-01-01 03:23:00,2,82.81587866780661,97.6273246141857,37.16630911236434,0
2024-01-01 03:24:00,2,84.00289260741086,97.47123597590765,37.09110540955508,0
2024-01-01 03:25:00,2,83.5536457745169,97.39723480444758,36.90329723420079,0
2024-01-01 03:26:00,2,83.16510867494851,97.66505568727091,36.881300898148055,0
2024-01-01 03:27:00,2,85.18157278387008,97.36458576919156,37.02549137223741,0
2024-01-01 03:28:00,2,81.80480647794609,97.44495464724108,37.186611606824236,0
2024-01-01 03:29:00,2,84.70059505356215,97.76376034861781,37.157428436263324,0
2024-01-01 03:30:00,2,79.67337837441318,97.79062618504936,37.16759128966002,0
2024-01-01 03:31:00,2,81.15399535463487,97.79612349719159,36.97505018617006,0
2024-01-01 03:32:00,2,79.37613927488307,97.4240281089608,37.232900628825874,0
2024-01-01 03:33:00,2,82.46671017383143,97.72536661530845,36.97237038937591,0
2024-01-01 03:34:00,2,82.9499042181534,97.28817169306396,37.08767668368001,0
2024-01-01 03:35:00,2,83.29650218556083,97.29528145869683,37.06288214711215,0
2024-01-01 03:36:00,2,83.21778463294956,97.00523428801215,37.04404215922139,0
2024-01-01 03:37:00,2,81.26447567893685,97.8085262756116,37.19279037996271,0
2024-01-01 03:38:00,2,82.76451026505013,97.29974769860185,36.98591162740611,0
2024-01-01 03:39:00,2,80.17535294547761,97.44579214959055,36.918943985964205,0
2024-01-01 03:40:00,2,85.9218027957879,97.28755286841049,37.05337664316686,0
2024-01-01 03:41:00,2,82.61303501807863,97.60713404478689,37.008858188688464,0
2024-01-01 03:42:00,2,82.26730052412941,97.39142182403701,37.38403454133095,0
2024-01-01 03:43:00,2,86.44758182489993,97.20399716027701,37.11139444071938,0
2024-01-01 03:44:00,2,80.80967884461981,97.55166957560927,37.000249573528826,0
2024-01-01 03:45:00,2,81.06731029873694,97.17493224824965,36.933005345693196,0
2024-01-01 03:46:00,2,81.15019790000176,97.29250309111981,36.84801390717795,0
2024-01-01 03:47:00,2,83.23089075663621,97.03687731794581,36.93094090095842,0
2024-01-01 03:48:00,2,84.25373223950017,97.1716994766969,37.04237130635362,0
2024-01-01 03:49:00,2,84.89349541212015,97.4903980794486,37.17101901598994,0
2024-01-01 03:50:00,2,88.5816501906297,97.05995150953477,37.13785923329726,0
2024-01-01 03:51:00,2,78.96214886277362,97.15476150898907,37.04599956242715,0
2024-01-01 03:52:00,2,84.70167785549066,97.44861441501014,36.988169111029485,0
2024-01-01 03:53:00,2,82.39297668652193,97.33843011598744,37.04475939654829,0
2024-01-01 03:54:00,2,82.35727649758168,97.84358801970576,36.96340357687612,0
2024-01-01 03:55:00,2,82.31326887581515,97.80995524965809,37.18449037229502,0
2024-01-01 03:56:00,2,81.7578170680445,97.26755289935564,36.99111937947764,0
2024-01-01 03:57:00,2,86.96678586679053,97.55049272601177,36.99878731424784,0
2024-01-01 03:58:00,2,85.30454672344895,97.58681604112935,36.783220286702644,0
2024-01-01 03:59:00,2,83.68839555874155,97.31532476314626,36.982639649651894,0
2024-01-01 04:00:00,2,86.36592187876147,97.13354007314365,37.08321177861123,0
2024-01-01 04:01:00,2,80.66055403803348,97.42798354261629,36.89017141254065,0
2024-01-01 04:02:00,2,81.04575770937343,97.39363612405616,36.919252466639456,0
2024-01-01 04:03:00,2,79.37262250864438,97.33878173133971,37.070977405526065,0
2024-01-01 04:04:00,2,82.35095248357915,97.5120948944129,36.84142380812277,0
2024-01-01 04:05:00,2,84.09423539319229,97.27115018339096,37.09225473000255,0
2024-01-01 04:06:00,2,83.99744505532158,97.18852905135248,36.93064765972956,0
2024-01-01 04:07:00,2,84.11113366670783,97.43834566362696,36.94239541519556,0
2024-01-01 04:08:00,2,81.01089011797961,97.49129183235654,36.866257802028734,0
2024-01-01 04:09:00,2,85.4596987993947,97.17630599035252,37.013847337927025,0
2024-01-01 04:10:00,2,84.35286109457995,97.59475887543971,37.2194310903953,0
2024-01-01 04:11:00,2,85.35976218941681,97.05251909882345,37.04899935242525,0
2024-01-01 04:12:00,2,80.12800728192774,97.28843619938938,36.881831840582365,0
2024-01-01 04:13:00,2,84.55622142859171,97.34986993521657,37.07923860960669,0
2024-01-01 04:14:00,2,81.57724699257969,97.27160903512203,36.931430670068174,0
2024-01-01 04:15:00,2,83.17749804377296,97.28319340164889,37.097975528059884,0
2024-01-01 04:16:00,2,85.06007036841783,97.76774189699515,37.03862984828271,0
2024-01-01 04:17:00,2,84.19255238576201,97.22064167662927,36.661090442641886,0
2024-01-01 04:18:00,2,82.32613803292786,97.87632452911406,36.852446678832365,0
2024-01-01 04:19:00,2,84.06044498179327,97.47273763585046,37.04475129669573,0
2024-01-01 04:20:00,2,81.00333621742907,97.40092601883286,36.962945159398,0
2024-01-01 04:21:00,2,86.38527696689991,97.47493660301642,36.84287945534965,0
2024-01-01 04:22:00,2,83.6923362624293,97.88281866820493,36.87938110981488,0
2024-01-01 04:23:00,2,86.35799276912097,97.17523036638431,36.74961123543553,0
2024-01-01 04:24:00,2,83.08564419552403,97.14695271494443,36.92890265945215,0
2024-01-01 04:25:00,2,83.10919605228847,97.21712209584287,37.156324734331,0
2024-01-01 04:26:00,2,82.64544034917533,97.37155493011727,37.01327598334283,0
2024-01-01 04:27:00,2,85.94345278016264,97.01697519688834,37.14936276028924,0
2024-01-01 04:28:00,2,82.78935836776783,97.3635727749417,37.016111140777,0
2024-01-01 04:29:00,2,85.51435175791367,97.6947624737357,37.02818211380246,0
2024-01-01 04:30:00,2,83.47702043044792,97.38325549263635,37.1204175901437,0
2024-01-01 04:31:00,2,80.3065867611386,97.29133097246446,36.95832479943424,0
2024-01-01 04:32:00,2,83.13429684666313,97.22310334341964,36.89947811743827,0
2024-01-01 04:33:00,2,81.93294334811549,97.52327870100589,37.01908301268992,0
2024-01-01 04:34:00,2,84.37502288258501,97.17522453133968,37.05883214051194,0
2024-01-01 04:35:00,2,81.94228217988484,97.70645903785953,36.86309735913888,0
2024-01-01 04:36:00,2,86.1907503235541,97.72061485778343,36.83659787658168,0
2024-01-01 04:37:00,2,84.17217282781937,97.38203065607091,36.920317005599,0
2024-01-01 04:38:00,2,84.01447864494436,97.32508984920908,36.987273961377085,0
2024-01-01 04:39:00,2,85.69662236293574,97.53021223206021,36.98164230256424,0
2024-01-01 04:40:00,2,86.32764048620542,97.5397026601643,36.757142404455344,0
2024-01-01 04:41:00,2,84.37443843724513,97.15618284303577,37.088462971903944,0
2024-01-01 04:42:00,2,82.88686517411405,97.20868418873884,36.830946694157475,0
2024-01-01 04:43:00,2,80.89577660419587,97.04611580935124,36.866335514688956,0
2024-01-01 04:44:00,2,83.08588634084568,97.38896467971922,36.80037379215645,0
2024-01-01 04:45:00,2,83.23765106334615,97.43702024119689,37.158288089983934,0
2024-01-01 04:46:00,2,84.70009957896222,97.030229349707,36.91049739085279,0
2024-01-01 04:47:00,2,83.809419176469,97.20567161480864,36.799047443845566,0
2024-01-01 04:48:00,2,85.8891260363174,97.02373490361117,36.96841181376519,0
2024-01-01 04:49:00,2,83.30065933256786,97.10987765816692,36.9568277870193,0
2024-01-01 04:50:00,2,84.42572769890423,97.3962708776565,36.859056861739006,0
2024-01-01 04:51:00,2,86.92078719975459,97.13577908223759,36.959826552763175,0
2024-01-01 04:52:00,2,85.24928289738243,97.21869679281797,36.791194319261756,0
2024-01-01 04:53:00,2,84.45819517315138,96.94976486094082,36.82241098861754,0
2024-01-01 04:54:00,2,83.38683654971874,97.30896948222295,36.668682465048896,0
2024-01-01 04:55:00,2,83.33653496976599,97.25904030008653,36.73533269304262,0
2024-01-01 04:56:00,2,82.91386050547285,97.11840620822315,37.04653724866136,0
2024-01-01 04:57:00,2,83.54497921608383,97.2226781451896,37.02798642837732,0
2024-01-01 04:58:00,2,86.1500470225162,97.29280306310666,36.86851519012056,0
2024-01-01 04:59:00,2,84.20647743743822,97.09001396026396,37.02634591901517,0
2024-01-01 05:00:00,2,81.96206249388833,96.9539592915148,36.8421857872513,0
2024-01-01 05:01:00,2,88.20911767255443,97.60653189229217,36.83201699891202,0
2024-01-01 05:02:00,2,85.32369551070029,97.11494895481273,36.86019853380319,0
2024-01-01 05:03:00,2,81.88067974810053,97.21841954049508,36.84026970640475,0
2024-01-01 05:04:00,2,83.8214852881746,97.43608944111426,36.829481894133444,0
2024-01-01 05:05:00,2,84.93738747224923,97.93586462580727,36.96360656337313,0
2024-01-01 05:06:00,2,88.135045228652,96.9772708486691,36.8625714074967,0
2024-01-01 05:07:00,2,82.5196970371864,97.31223088422004,36.91712326448168,0
2024-01-01 05:08:00,2,86.69787868843338,97.07683533733669,36.94735683172968,0
2024-01-01 05:09:00,2,87.55445959578121,97.10665143540511,36.88140777935206,0
2024-01-01 05:10:00,2,83.50768163516963,97.06641444322935,36.74395949680965,0
2024-01-01 05:11:00,2,84.21928034126321,96.98135715559415,36.70412475412115,0
2024-01-01 05:12:00,2,82.71082007044846,97.19424543178617,36.85274167441106,0
2024-01-01 05:13:00,2,84.38546074771266,96.90360327884032,36.819218068220906,0
2024-01-01 05:14:00,2,84.7279608538031,97.38385030380769,36.84359101002003,0
2024-01-01 05:15:00,2,86.12901171224065,97.20145952030072,36.83178296825234,0
2024-01-01 05:16:00,2,86.9984625492703,97.27090154591231,37.09031083097859,0
2024-01-01 05:17:00,2,,,,1
2024-01-01 05:18:00,2,80.8996515579962,97.10484266269175,36.630175766631666,0
2024-01-01 05:19:00,2,84.79963400699161,97.23171013060747,36.861060390360805,0
2024-01-01 05:20:00,2,85.436832864211,96.9372878388863,36.78886230765457,0
2024-01-01 05:21:00,2,85.35603963246015,97.09438752264987,36.85682297507161,0
2024-01-01 05:22:00,2,84.21111628700824,96.98993789290076,36.88234610525626,0
2024-01-01 05:23:00,2,85.12103744002636,96.97960947625349,36.951140093336605,0
2024-01-01 05:24:00,2,87.90930511501257,96.73160620500698,36.67080927916754,0
2024-01-01 05:25:00,2,85.64857776156964,97.41727807428482,36.7646929309196,0
2024-01-01 05:26:00,2,84.14487803908212,97.00793251483525,36.862104528466496,0
2024-01-01 05:27:00,2,83.89753613642017,97.3737319095895,36.895169461366926,0
2024-01-01 05:28:00,2,84.56435523242926,97.35062083897776,37.036393963044404,0
2024-01-01 05:29:00,2,88.18347922743341,96.87545767244718,36.91157670263822,0
2024-01-01 05:30:00,2,84.54914830628793,96.91076048923094,36.809316313653476,0
2024-01-01 05:31:00,2,84.88172241381602,97.63631865584067,36.72497220936029,0
2024-01-01 05:32:00,2,83.96205618842298,97.4701691071204,36.75663932253881,0
2024-01-01 05:33:00,2,87.12983302011705,97.10943692089108,36.75288262298584,0
2024-01-01 05:34:00,2,88.85653443834583,97.16296312331083,36.87679309698602,0
2024-01-01 05:35:00,2,85.84289020482485,96.98105859782322,36.83611869046582,0
2024-01-01 05:36:00,2,85.11182455252899,97.18942962046677,36.67723572949596,0
2024-01-01 05:37:00,2,85.02426942421494,96.95524604506268,36.76522494964387,0
2024-01-01 05:38:00,2,80.18632548275255,96.68792749443084,36.89581706596456,0
2024-01-01 05:39:00,2,86.44928630015433,96.82579571328485,36.8425086934424,0
2024-01-01 05:40:00,2,85.23117304651232,97.09002717192627,36.86352012364546,0
2024-01-01 05:41:00,2,85.8231900169454,96.85529038328058,36.844294211765266,0
2024-01-01 05:42:00,2,83.54705721684053,97.06373732996157,36.968024779702304,0
2024-01-01 05:43:00,2,84.20435345845428,96.85794372091546,36.82839907131116,0
2024-01-01 05:44:00,2,84.15431281417891,96.91208269265924,36.765639037743576,0
2024-01-01 05:45:00,2,87.02251392646916,97.23485885892882,36.71214595489604,0
2024-01-01 05:46:00,2,84.22446330122666,97.10938932981743,36.82819622438486,0
2024-01-01 05:47:00,2,89.14982832797232,97.05362319122793,36.55871245813697,0
2024-01-01 05:48:00,2,85.8485668761791,97.22700748861347,36.78393537960531,0
2024-01-01 05:49:00,2,82.43762067312579,97.14299112555776,36.78139562491529,0
2024-01-01 05:50:00,2,84.73384692127891,97.33183320377823,36.66518183361194,0
2024-01-01 05:51:00,2,83.68935230058909,96.9461965890984,36.70848568029452,0
2024-01-01 05:52:00,2,80.60551013122213,96.94788643117359,36.881995453814206,0
2024-01-01 05:53:00,2,88.19459893591096,96.76923398031497,36.82385245228205,0
2024-01-01 05:54:00,2,86.40313355745795,96.93929985053838,36.81074586988161,0
2024-01-01 05:55:00,2,86.06426393595004,97.21368821947874,36.831021768361666,0
2024-01-01 05:56:00,2,85.32946683860244,97.27636838048805,36.80950400243086,0
2024-01-01 05:57:00,2,82.2352439737411,97.20406735662911,36.92441600381112,0
2024-01-01 05:58:00,2,84.03247378859682,96.64880245107884,36.81239546393761,0
2024-01-01 05:59:00,2,86.6835079291381,97.21990378561048,36.65418834022651,0
2024-01-01 06:00:00,2,82.8975539826047,96.63120468738242,36.96301406889604,0
2024-01-01 06:01:00,2,79.93631242209631,97.17416562906405,36.83706083637282,0
2024-01-01 06:02:00,2,84.54530540401895,96.91661942734129,36.74116148580683,0
2024-01-01 06:03:00,2,84.715478035424,97.12631791300862,36.67484103801485,0
2024-01-01 06:04:00,2,85.26940506911748,96.7149575802398,36.839901268420746,0
2024-01-01 06:05:00,2,86.45440999866659,97.21131819078491,36.78875554575886,0
2024-01-01 06:06:00,2,86.27148821125371,96.67972887696546,36.95808456029076,0
2024-01-01 06:07:00,2,85.51252949313489,96.83467408603276,36.76631049072684,0
2024-01-01 06:08:00,2,87.38457539990922,96.76438979713856,36.717428638912516,0
2024-01-01 06:09:00,2,81.95390527659494,96.60879815130268,36.891045955217685,0
2024-01-01 06:10:00,2,85.9991501868555,96.97421011125002,36.89432820319624,0
2024-01-01 06:11:00,2,86.24101454487528,97.31217530562508,36.819032838979254,0
2024-01-01 06:12:00,2,82.50657408602245,97.47999515081725,36.87020503995352,0
2024-01-01 06:13:00,2,81.97752790317016,96.96170595926097,36.7992361318403,0
2024-01-01 06:14:00,2,83.4887649986254,97.16127615445693,36.82686066377872,0
2024-01-01 06:15:00,2,83.65475621622527,96.98002865731661,36.92047627220661,0
2024-01-01 06:16:00,2,86.48167765015312,97.02906126187747,36.867045681822475,0
2024-01-01 06:17:00,2,83.7425706070739,96.85653517862832,36.78815661117231,0
2024-01-01 06:18:00,2,83.2555704794449,96.95966630202557,36.940923960460765,0
2024-01-01 06:19:00,2,83.74142933886507,97.02383871709088,36.56983916015265,0
2024-01-01 06:20:00,2,87.19820079958079,96.79634946928665,37.01220225154174,0
2024-01-01 06:21:00,2,84.98307229351317,96.8922477016754,36.63710235028339,0
2024-01-01 06:22:00,2,84.5943430773192,96.89177271967075,36.7457253123922,0
2024-01-01 06:23:00,2,84.72850396262861,97.06445895096475,36.805112045828295,0
2024-01-01 06:24:00,2,87.52811579196019,96.68169908584015,36.79535767415228,0
2024-01-01 06:25:00,2,83.44094225082667,96.88033232559002,36.911481386904335,0
2024-01-01 06:26:00,2,87.56540337387412,97.26878544797574,36.705923619323286,0
2024-01-01 06:27:00,2,85.35029107843037,97.11494863583685,36.83868326905907,0
2024-01-01 06:28:00,2,84.60318210287159,97.14773365448495,36.75571683715335,0
2024-01-01 06:29:00,2,89.92035504718508,96.87855476361027,36.84401559828902,0
2024-01-01 06:30:00,2,82.80161915869789,96.93364809319594,36.809019556158546,0
2024-01-01 06:31:00,2,84.1996817164541,97.06568595450209,36.82581728681928,0
2024-01-01 06:32:00,2,82.43615697630082,97.17309024463196,36.762589659141355,0
2024-01-01 06:33:00,2,86.7997208515238,96.46652957083408,36.767665468032064,0
2024-01-01 06:34:00,2,88.26676358899235,96.58958382325716,36.84851994793774,0
2024-01-01 06:35:00,2,88.22163157338018,97.11039407139421,36.91531600112731,0
2024-01-01 06:36:00,2,87.32289540921289,96.7889720993582,36.76229899405052,0
2024-01-01 06:37:00,2,84.47278059256246,96.70586240189108,36.73646316994047,0
2024-01-01 06:38:00,2,84.13037506429652,96.58524313738218,36.88592924977153,0
2024-01-01 06:39:00,2,81.51116496788978,96.72095327036516,36.822606251253525,0
2024-01-01 06:40:00,2,88.91771121949884,96.54737684482885,36.91020974136606,0
2024-01-01 06:41:00,2,85.7761922281024,97.2419767749623,36.73791315046968,0
2024-01-01 06:42:00,2,83.8464066184856,96.8151913690989,36.65191135082433,0
2024-01-01 06:43:00,2,87.47833114727845,96.80402288148822,36.777946400704565,0
2024-01-01 06:44:00,2,82.86839801601039,96.92917679652749,36.756032068672795,0
2024-01-01 06:45:00,2,85.6186936954027,96.99999333727632,36.8262377217576,0
2024-01-01 06:46:00,2,84.45152699462605,96.99267945481162,36.771909735295466,0
2024-01-01 06:47:00,2,86.06528840322841,97.01421871726181,36.91120185605611,0
2024-01-01 06:48:00,2,84.65174929811263,96.66933301381422,36.8098189897356,0
2024-01-01 06:49:00,2,81.86781641234137,96.73195215343013,36.855243008582455,0
2024-01-01 06:50:00,2,84.911414498904,96.94137113417133,36.85754797701392,0
2024-01-01 06:51:00,2,86.84839351664624,96.67814247967145,36.86289613997429,0
2024-01-01 06:52:00,2,84.68245000380855,96.77867095557296,36.842630699052236,0
2024-01-01 06:53:00,2,86.28114493110724,96.85553382545402,36.8977732463974,0
2024-01-01 06:54:00,2,82.6297020688276,96.92892397850126,36.768843532656916,0
2024-01-01 06:55:00,2,84.65790047929637,96.41247405487866,36.99007271783014,0
2024-01-01 06:56:00,2,,,,1
2024-01-01 06:57:00,2,86.18315060958824,96.71356537513947,36.72249661475823,0
2024-01-01 06:58:00,2,84.74127829659554,96.89797897013102,36.87425698442942,0
2024-01-01 06:59:00,2,86.0473642504642,96.90806957788543,36.77215452306149,0
2024-01-01 07:00:00,2,86.83137517006047,97.0704809234091,36.92565343694433,0
2024-01-01 07:01:00,2,86.02774479689698,97.01582246146295,37.08195212591141,0
2024-01-01 07:02:00,2,85.1791139713378,97.01069932140474,36.78422979545937,0
2024-01-01 07:03:00,2,82.6246383907475,97.02639203157614,36.89804320051499,0
2024-01-01 07:04:00,2,84.60349306561776,96.79222674970423,36.691197567907544,0
2024-01-01 07:05:00,2,83.5307036649976,96.73670124398052,36.91410367307379,0
2024-01-01 07:06:00,2,83.89639277282258,96.90116148702373,36.78212932010283,0
2024-01-01 07:07:00,2,83.82290587277224,96.86936895405252,36.81022697376406,0
2024-01-01 07:08:00,2,82.59939402278951,96.65751533734924,36.764613362883196,0
2024-01-01 07:09:00,2,80.63165674488563,96.79669049132164,36.95001020288317,0
2024-01-01 07:10:00,2,83.19695457616936,96.70512541974499,36.9795997243146,0
2024-01-01 07:11:00,2,84.90672457483936,96.5377989867242,36.883302802302744,0
2024-01-01 07:12:00,2,81.81015507988535,96.96314079519763,36.79663702708773,0
2024-01-01 07:13:00,2,84.5242359015646,96.71257406685113,37.044167479561196,0
2024-01-01 07:14:00,2,88.27958955325994,97.1077842022337,36.81232933663801,0
2024-01-01 07:15:00,2,86.51116637274919,96.36947545620252,36.673341618225244,0
2024-01-01 07:16:00,2,87.73795638658224,96.57977280693977,36.937577200252875,0
2024-01-01 07:17:00,2,85.218769047133,96.69423453457144,36.78347285880779,0
2024-01-01 07:18:00,2,86.7569929567719,96.9117850078879,36.99504142876584,0
2024-01-01 07:19:00,2,82.9593242372052,96.76082875854443,36.86031481665321,0
2024-01-01 07:20:00,2,83.10367420187869,96.73967986234817,36.961065375215156,0
2024-01-01 07:21:00,2,78.89899629591886,96.44880756775294,37.043126589876266,0
2024-01-01 07:22:00,2,86.73431085050184,96.43957190239587,36.78438982040037,0
2024-01-01 07:23:00,2,87.4272325691042,96.73218606197219,36.85099739850014,0
2024-01-01 07:24:00,2,83.2246166329151,96.39161422147207,36.902355264851906,0
2024-01-01 07:25:00,2,83.80727632972997,96.55483575057055,37.066024220345724,0
2024-01-01 07:26:00,2,82.79148653989003,96.75819648277994,36.84879258611256,0
2024-01-01 07:27:00,2,60.048371605256136,86.4583759586838,37.35755690567598,1
2024-01-01 07:28:00,2,61.516606346047524,86.97276612354138,37.46721199033771,1
2024-01-01 07:29:00,2,55.764697390132696,86.89336287950412,37.36407954767291,1
2024-01-01 07:30:00,2,60.05244212551828,86.33119909011266,37.43947291337682,1
2024-01-01 07:31:00,2,58.663369208953355,86.45594335563885,37.27149749034302,1
2024-01-01 07:32:00,2,84.42647350759157,96.18222393901547,37.15052771945541,0
2024-01-01 07:33:00,2,,,,1
2024-01-01 07:34:00,2,83.78869793987502,96.78666338261753,36.90184251740644,0
2024-01-01 07:35:00,2,83.94037589241002,96.54765167167555,36.933248409352835,0
2024-01-01 07:36:00,2,83.7020716476194,96.71966326494686,37.130254947627925,0
2024-01-01 07:37:00,2,86.05255270949603,96.3201385151265,36.809001646300935,0
2024-01-01 07:38:00,2,84.93136483034492,96.78133061975859,40.0,1
2024-01-01 07:39:00,2,84.51676321532271,96.50787275966705,37.022233776133234,0
2024-01-01 07:40:00,2,81.51527090092243,96.61851664112213,36.99075454285172,0
2024-01-01 07:41:00,2,83.28142038465268,96.59472518123694,36.853119301107796,0
2024-01-01 07:42:00,2,85.81715139894648,96.35623724382641,37.01124276100802,0
2024-01-01 07:43:00,2,84.07626746871172,96.37720664773882,36.884333812306444,0
2024-01-01 07:44:00,2,85.3008269039124,96.79868888125034,37.085909870166724,0
2024-01-01 07:45:00,2,87.49550597007365,96.68226500500153,36.864705805318174,0
2024-01-01 07:46:00,2,86.02024204253847,96.80984328366333,36.95307097457848,0
2024-01-01 07:47:00,2,84.10972361510277,96.66216254090395,36.911440441636195,0
2024-01-01 07:48:00,2,82.88163550988664,96.62325715428764,36.870802048383204,0
2024-01-01 07:49:00,2,78.7765518210893,96.24691594831627,37.046278144464274,0
2024-01-01 07:50:00,2,83.52674896411861,96.53553488239528,37.02828863490909,0
2024-01-01 07:51:00,2,83.19119263005514,96.58165280373929,37.09824471116776,0
2024-01-01 07:52:00,2,84.6034802269081,96.97530403893559,36.801960999005516,0
2024-01-01 07:53:00,2,83.4942993946575,96.71965852916323,37.08897383910546,0
2024-01-01 07:54:00,2,83.14053392774768,96.88709589874674,37.23571291141533,0
2024-01-01 07:55:00,2,80.2015329678093,96.6970397012122,36.9426177088868,0
2024-01-01 07:56:00,2,81.85925493676915,96.43295222956387,37.179912572373546,0
2024-01-01 07:57:00,2,84.67118582999815,96.59635082726442,36.96669912490507,0
2024-01-01 07:58:00,2,87.12822595728807,96.61791639092591,36.858393017767845,0
2024-01-01 07:59:00,2,200.0,96.3806189658295,36.96769023582938,1
2024-01-01 08:00:00,2,84.30858975601421,96.48938393246489,37.10569366505694,0
2024-01-01 08:01:00,2,85.53595471823292,96.52295241384472,36.91967525843755,0
2024-01-01 08:02:00,2,81.98707677715757,96.88310742507184,36.94607807982767,0
2024-01-01 08:03:00,2,84.32019485310983,96.14374640249146,37.068083879308816,0
2024-01-01 08:04:00,2,82.08312496771535,96.79900280305876,37.01165244019525,0
2024-01-01 08:05:00,2,85.27112919629306,96.36845840234807,37.072423269356854,0
2024-01-01 08:06:00,2,83.82149871058016,96.2794138155609,37.04035607830392,0
2024-01-01 08:07:00,2,84.09264612888772,96.78786430753678,37.06714496263553,0
2024-01-01 08:08:00,2,81.90743322076291,96.69633589772369,36.97855832717125,0
2024-01-01 08:09:00,2,84.86342151855655,96.79897474692228,37.04756381649853,0
2024-01-01 08:10:00,2,87.5953479383037,96.70636058251671,36.93425151323404,0
2024-01-01 08:11:00,2,81.38650336104705,96.95637298505152,37.158425636738436,0
2024-01-01 08:12:00,2,82.6990532020712,96.65436728742782,36.968743187673184,0
2024-01-01 08:13:00,2,83.81787089346616,96.5095804596417,37.147638273035994,0
2024-01-01 08:14:00,2,84.90339381513162,96.60774963784469,37.01396972999233,0
2024-01-01 08:15:00,2,82.18725544379942,96.78618175877446,37.060100823706584,0
2024-01-01 08:16:00,2,77.61589569656961,96.37997170983292,36.992968117758984,0
2024-01-01 08:17:00,2,85.97578563192741,96.4038632963675,36.94342139374643,0
2024-01-01 08:18:00,2,84.7537118218189,96.4708787666072,36.87309353728708,0
2024-01-01 08:19:00,2,79.72194050407636,96.11021960483724,36.944577637238574,0
2024-01-01 08:20:00,2,81.96767748127067,96.55725299677647,37.0202510467894,0
2024-01-01 08:21:00,2,86.2940034180621,96.15094859454642,37.076352696542436,0
2024-01-01 08:22:00,2,86.02789936448923,96.5373591994743,37.15871609119403,0
2024-01-01 08:23:00,2,84.98409949884169,96.69841437979598,37.01560589849611,0
2024-01-01 08:24:00,2,82.72895295473045,96.42862642432168,36.97447872650751,0
2024-01-01 08:25:00,2,83.22135696155605,96.85810647787969,36.92088572885694,0
2024-01-01 08:26:00,2,82.76758123886987,96.22930111140266,37.115634793896554,0
2024-01-01 08:27:00,2,85.25981005948476,96.7584079128749,37.20840750439362,0
2024-01-01 08:28:00,2,81.22539074005789,96.65397426589287,37.199168674487176,0
2024-01-01 08:29:00,2,81.33906922020793,96.17456796800515,37.14596407144761,0
2024-01-01 08:30:00,2,84.9446591008545,97.05879801491857,37.141247413581105,0
2024-01-01 08:31:00,2,82.80867733998383,96.50279149643026,37.24956446570373,0
2024-01-01 08:32:00,2,85.62747472157821,96.33898209227708,37.115405547065265,0
2024-01-01 08:33:00,2,81.50050530430353,96.23203682664673,37.14919157803392,0
2024-01-01 08:34:00,2,82.70681316806335,96.46846313282329,37.05486692149612,0
2024-01-01 08:35:00,2,80.94423507021477,96.48603501579382,36.95309274950235,0
2024-01-01 08:36:00,2,82.77632905524077,96.53113239953454,37.023248653575614,0
2024-01-01 08:37:00,2,79.77690449569138,96.45016828740734,37.093038374044596,0
2024-01-01 08:38:00,2,81.73097875617506,96.63553419355779,37.102337428456714,0
2024-01-01 08:39:00,2,79.8058381768328,96.43056222987708,37.29117557360402,0
2024-01-01 08:40:00,2,84.03814629379202,96.12033195090801,37.10894589279418,0
2024-01-01 08:41:00,2,84.05528657446504,96.47672662446234,37.2209564096615,0
2024-01-01 08:42:00,2,79.13324518580903,96.0324151687968,37.061800544903186,0
2024-01-01 08:43:00,2,85.23306011415704,96.5760142806557,37.076358815169485,0
2024-01-01 08:44:00,2,87.53149261993055,96.30878729216407,36.97682532499778,0
2024-01-01 08:45:00,2,82.59990519781564,96.53674436841733,37.037674145266806,0
2024-01-01 08:46:00,2,81.19675082296271,96.76635007227556,37.1667667421871,0
2024-01-01 08:47:00,2,88.09858485753283,96.31328597574475,37.116966705344645,0
2024-01-01 08:48:00,2,79.78278897802923,96.7148255037009,37.21262669376232,0
2024-01-01 08:49:00,2,82.43159973112776,96.41547280942481,37.13856006716322,0
2024-01-01 08:50:00,2,82.72115124840876,96.85240411980041,37.087270475169575,0
2024-01-01 08:51:00,2,85.02258149484398,96.42838706863755,37.3394056890706,0
2024-01-01 08:52:00,2,83.02200396474055,96.33300944783588,37.117224425045464,0
2024-01-01 08:53:00,2,81.2753587605913,96.6382842340523,37.24493193315846,0
2024-01-01 08:54:00,2,80.34021969624102,96.41344516316519,37.090505898758536,0
2024-01-01 08:55:00,2,81.52876860121843,96.33211785526312,37.203559337224995,0
2024-01-01 08:56:00,2,80.16824381966923,96.40468253572689,37.2273507732644,0
2024-01-01 08:57:00,2,82.2472985540643,96.49121005798152,37.15732513610256,0
2024-01-01 08:58:00,2,80.99266858133805,96.76848636907502,36.90293096150973,0
2024-01-01 08:59:00,2,79.10226261781384,96.11318989817819,37.14208407106142,0
2024-01-01 09:00:00,2,84.56977186697749,96.50461881281159,37.26516033490765,0
2024-01-01 09:01:00,2,81.03314274001102,96.62501676337452,37.1966935341764,0
2024-01-01 09:02:00,2,79.46108767523991,96.53879724999078,37.19033576053534,0
2024-01-01 09:03:00,2,81.62958310964456,96.76219018110254,36.9753075932008,0
2024-01-01 09:04:00,2,82.07145179506274,96.4854958068032,37.0772438788981,0
2024-01-01 09:05:00,2,78.41025028605883,96.46364041190695,37.1921556329178,0
2024-01-01 09:06:00,2,82.53482253616318,96.61924052521503,37.19376276886466,0
2024-01-01 09:07:00,2,79.74542452336394,96.52089936507411,37.27586948565321,0
2024-01-01 09:08:00,2,85.22987933812729,96.42325489152347,37.141568005670635,0
2024-01-01 09:09:00,2,82.82369501158531,96.60490351213608,37.19826218705579,0
2024-01-01 09:10:00,2,80.94379709457516,96.37154511277744,37.160915244603345,0
2024-01-01 09:11:00,2,80.2209560546506,96.38022938170282,37.06215425940357,0
2024-01-01 09:12:00,2,81.46892274968403,96.39731799034878,36.93681251370173,0
2024-01-01 09:13:00,2,82.87187888488255,96.77402051677161,37.207007866123476,0
2024-01-01 09:14:00,2,81.56262166960087,95.85973117365998,37.18278874420152,0
2024-01-01 09:15:00,2,81.14647874889113,96.58361980176399,37.10503526678476,0
2024-01-01 09:16:00,2,81.66459791812397,96.51195777430944,37.006365583866106,0
2024-01-01 09:17:00,2,80.30707561225086,96.16957043697015,37.23265808498571,0
2024-01-01 09:18:00,2,80.79519355455201,96.56836869379228,37.14446425522691,0
2024-01-01 09:19:00,2,77.27670889194957,96.60229018551179,37.228086513625236,0
2024-01-01 09:20:00,2,83.36231165608129,96.62582166799427,37.3601170924138,0
2024-01-01 09:21:00,2,81.97889788016367,95.97831977158549,36.96085254324455,0
2024-01-01 09:22:00,2,79.8007120968863,96.7827922965671,37.106288916021526,0
2024-01-01 09:23:00,2,85.11129419546828,96.36283350756936,37.156534559830845,0
2024-01-01 09:24:00,2,81.45393726810825,96.64859817040146,37.324147411634584,0
2024-01-01 09:25:00,2,79.17357751138417,96.66044041904463,37.01618650950225,0
2024-01-01 09:26:00,2,82.92518076869888,96.33786448519093,37.37454407595655,0
2024-01-01 09:27:00,2,81.97352520284939,96.64631125514069,37.195643676185064,0
2024-01-01 09:28:00,2,81.93219381201665,96.43817302436119,37.173526894408646,0
2024-01-01 09:29:00,2,80.2570105858471,96.10208560981062,37.164358437326605,0
2024-01-01 09:30:00,2,81.9748847376663,96.75103568610442,37.141543964000434,0
2024-01-01 09:31:00,2,80.5156324056793,96.36364136001427,37.29095602463133,0
2024-01-01 09:32:00,2,82.1161724488769,96.34895141929259,37.080234415562266,0
2024-01-01 09:33:00,2,77.15942672507634,96.44047331356623,37.222537950525464,0
2024-01-01 09:34:00,2,80.06648098947898,96.57680672939745,37.1504561501577,0
2024-01-01 09:35:00,2,84.34333725716913,96.51221462408012,37.11350634860814,0
2024-01-01 09:36:00,2,79.32957883174846,96.63462773800418,37.449130035070574,0
2024-01-01 09:37:00,2,79.6206120366894,96.25849834886218,37.2332177228648,0
2024-01-01 09:38:00,2,79.89682972741363,96.37933693409285,37.253386509730035,0
2024-01-01 09:39:00,2,78.32749346618445,96.50606878849648,37.30655198496742,0
2024-01-01 09:40:00,2,76.3047877597684,96.91033555416371,37.05132058719684,0
2024-01-01 09:41:00,2,80.22431101175313,96.50952126489098,37.36933285376533,0
2024-01-01 09:42:00,2,80.92122875962828,96.75088957017063,36.94382272122457,0
2024-01-01 09:43:00,2,80.50841816898479,96.5431530449148,37.11842316390253,0
2024-01-01 09:44:00,2,80.28748255659279,96.4403426044664,37.14994449327958,0
2024-01-01 09:45:00,2,80.62702646638236,96.48939707052294,37.25453424864164,0
2024-01-01 09:46:00,2,82.55022707370702,96.5067608117554,37.21871429792503,0
2024-01-01 09:47:00,2,80.08714622038023,96.66291174633706,37.180607781570686,0
2024-01-01 09:48:00,2,79.28326365138571,96.8188776094848,37.19650245401012,0
2024-01-01 09:49:00,2,79.83246449876066,96.6176990607821,37.100278896603434,0
2024-01-01 09:50:00,2,81.51659280062282,96.78502060227713,37.04870298260873,0
2024-01-01 09:51:00,2,83.1450347022657,96.35652379381155,37.27138836081073,0
2024-01-01 09:52:00,2,79.0276736862574,96.4684666707934,37.26838468641095,0
2024-01-01 09:53:00,2,80.44470821919987,96.40847750760865,37.35770624180612,0
2024-01-01 09:54:00,2,80.88633497839393,96.61820623685074,37.12046363464665,0
2024-01-01 09:55:00,2,78.18714420888871,96.48553885725578,37.26892118051875,0
2024-01-01 09:56:00,2,80.17571607454536,96.70533209517743,37.17140904702587,0
2024-01-01 09:57:00,2,77.16601764654177,96.37525774068438,37.31893299993659,0
2024-01-01 09:58:00,2,76.52165119343773,96.57217829601257,37.302153263670846,0
2024-01-01 09:59:00,2,80.75553459207931,96.70309098377089,37.2211151012766,0
2024-01-01 10:00:00,2,79.21648652364189,96.15483926491055,37.16604400542536,0
2024-01-01 10:01:00,2,80.35089602695304,96.99443945158686,37.296058782586584,0
2024-01-01 10:02:00,2,79.87255016107926,96.51572896640788,37.264590249978596,0
2024-01-01 10:03:00,2,77.91745134350955,96.16963012568145,37.1313556909494,0
2024-01-01 10:04:00,2,79.74156131116713,96.6085680911566,37.06688551506276,0
2024-01-01 10:05:00,2,77.32759365577408,96.5859814698004,37.17064348439479,0
2024-01-01 10:06:00,2,82.53737593865215,96.56528944808375,37.350835317779904,0
2024-01-01 10:07:00,2,77.0050348273432,96.78231399624529,37.313705618433964,0
2024-01-01 10:08:00,2,79.28685934026706,96.73600393588482,37.08755296711361,0
2024-01-01 10:09:00,2,77.55525187685176,96.64856088001105,37.08170467574646,0
2024-01-01 10:10:00,2,80.74191411258496,96.68151881265487,37.32560944967971,0
2024-01-01 10:11:00,2,78.89939801665315,96.57314919308438,37.084204123957996,0
2024-01-01 10:12:00,2,78.48602933369511,96.95168320979262,37.24828996292729,0
2024-01-01 10:13:00,2,81.19078163872182,96.3033407575699,37.13531216144907,0
2024-01-01 10:14:00,2,79.50417001285015,96.62973578381762,37.35814883983826,0
2024-01-01 10:15:00,2,80.4394432523038,96.61746622916233,37.11889322535037,0
2024-01-01 10:16:00,2,77.40426401487528,96.76980340176998,37.30972959691186,0
2024-01-01 10:17:00,2,76.5179602721577,96.4410925215519,37.21330352171636,0
2024-01-01 10:18:00,2,79.50260585048946,96.26387450476503,37.219427926740146,0
2024-01-01 10:19:00,2,78.61101122735303,96.64674889901053,36.99653504530629,0
2024-01-01 10:20:00,2,80.46200629352204,96.6744349954788,36.97259881761251,0
2024-01-01 10:21:00,2,79.0096728062448,96.91894249698828,37.170124711712305,0
2024-01-01 10:22:00,2,79.53991366155472,96.36981282461822,37.21613008982712,0
2024-01-01 10:23:00,2,75.84319246066956,96.8577152884293,37.07814503068273,0
2024-01-01 10:24:00,2,82.82694796209046,97.10317917102245,37.08098808752479,0
2024-01-01 10:25:00,2,78.68162946032994,96.5570913231115,37.24516473034944,0
2024-01-01 10:26:00,2,80.36525026567764,96.37743187357032,37.24443052200853,0
2024-01-01 10:27:00,2,77.25778018954693,96.55722924855093,37.17346629200955,0
2024-01-01 10:28:00,2,79.5057956145411,96.64445647809086,37.26432376696909,0
2024-01-01 10:29:00,2,76.24382440449047,96.75747174967226,37.067914595536806,0
2024-01-01 10:30:00,2,79.71331433840002,96.529521012766,37.148740763339134,0
2024-01-01 10:31:00,2,78.05682260134999,96.96195230831306,37.34808981692678,0
2024-01-01 10:32:00,2,78.78667203451162,96.43114540254992,37.18907061911237,0
2024-01-01 10:33:00,2,80.08368826344483,96.30937648110331,37.19377473832084,0
2024-01-01 10:34:00,2,76.18203845041613,96.88175138288877,37.41061214504605,0
2024-01-01 10:35:00,2,77.2374449488741,96.20870277538567,37.03892638149754,0
2024-01-01 10:36:00,2,79.48031755285578,96.62604436317046,37.25731605692823,0
2024-01-01 10:37:00,2,82.72128454077739,97.29367528249124,37.34285358474316,0
2024-01-01 10:38:00,2,78.20778232215716,96.6710242408755,37.142720823926616,0
2024-01-01 10:39:00,2,79.62525820557552,96.45259822006776,37.25989129258594,0
2024-01-01 10:40:00,2,78.1880163676326,96.66861570702005,37.074418018365456,0
2024-01-01 10:41:00,2,82.2453589760329,96.67330288748417,37.10260886405086,0
2024-01-01 10:42:00,2,74.8252688567204,96.71898501773856,37.208411491623266,0
2024-01-01 10:43:00,2,78.4677353937127,96.82272349091704,37.24837510922789,0
2024-01-01 10:44:00,2,74.98612384640465,96.48588814549306,37.27918677014323,0
2024-01-01 10:45:00,2,73.18272566407273,97.03468283246555,37.322601984231056,0
2024-01-01 10:46:00,2,78.74938887366933,96.7496820140389,37.15741205544548,0
2024-01-01 10:47:00,2,78.39199618205545,96.84952672984889,37.28200730606873,0
2024-01-01 10:48:00,2,77.501803187158,96.58206936410214,37.1268771581337,0
2024-01-01 10:49:00,2,77.81750679764703,96.96852928571984,37.249750642219794,0
2024-01-01 10:50:00,2,84.18485399591907,96.66341801061058,37.178696884805355,0
2024-01-01 10:51:00,2,77.43020803059453,96.77393637623238,37.20089518848301,0
2024-01-01 10:52:00,2,78.92505403182031,96.53542351202938,37.19703075479599,0
2024-01-01 10:53:00,2,76.56426729255912,96.52629845291925,36.992535495568404,0
2024-01-01 10:54:00,2,78.41159912121671,96.86698680943351,37.03889358657704,0
2024-01-01 10:55:00,2,77.30274987537335,96.64430599207041,37.159833730849996,0
2024-01-01 10:56:00,2,76.91621052851858,96.56596470984707,36.979099827983674,0
2024-01-01 10:57:00,2,81.33302264117064,96.6118147051344,37.22917163060971,0
2024-01-01 10:58:00,2,80.00752220137821,96.88398382718866,37.23140384146303,0
2024-01-01 10:59:00,2,77.88452168562377,96.6221469876716,37.17513827410896,0
2024-01-01 11:00:00,2,72.96043085542247,96.7282041415814,37.02845635446159,0
2024-01-01 11:01:00,2,76.80461364200177,96.758540178566,37.2767080671494,0
2024-01-01 11:02:00,2,82.8904164082008,96.37588299478148,37.34051585718672,0
2024-01-01 11:03:00,2,76.98071977257636,96.46896398608139,37.149579624240474,0
2024-01-01 11:04:00,2,79.60611351880681,96.83429939930556,37.18397948587944,0
2024-01-01 11:05:00,2,80.2411526975118,96.62351026870553,37.15113101220937,0
2024-01-01 11:06:00,2,77.75274030284606,96.98615091255012,37.182002794295066,0
2024-01-01 11:07:00,2,75.58866965295962,96.97207431374568,37.11499660003643,0
2024-01-01 11:08:00,2,72.35914537698142,96.92647046406779,37.12146086912231,0
2024-01-01 11:09:00,2,78.55551107098701,97.15053150222901,37.2134324368707,0
2024-01-01 11:10:00,2,75.51504556260613,96.77391596876136,37.355345395912074,0
2024-01-01 11:11:00,2,77.45419050046159,96.92428288287181,36.97867743486858,0
2024-01-01 11:12:00,2,74.55954087335539,96.6816146366361,37.10618452419322,0
2024-01-01 11:13:00,2,76.48595916908664,97.29297251552717,36.996380937721284,0
2024-01-01 11:14:00,2,77.04108661394562,97.20324402585133,37.27147105597885,0
2024-01-01 11:15:00,2,77.46801229268361,96.81292689962119,37.051317085680125,0
2024-01-01 11:16:00,2,74.65832057110552,96.89191602339993,36.963574229992155,0
2024-01-01 11:17:00,2,79.2388906644429,97.0905204006441,37.16949792317677,0
2024-01-01 11:18:00,2,75.60834784227747,96.79330891203657,37.27787711592124,0
2024-01-01 11:19:00,2,73.41023277785503,96.69550144911409,37.16755482287441,0
2024-01-01 11:20:00,2,76.49812560719612,97.00572686993603,37.1194064919624,0
2024-01-01 11:21:00,2,76.74189109466087,96.85073231873041,37.137555490579516,0
2024-01-01 11:22:00,2,76.9512554739655,96.87577148868935,37.23582357662382,0
2024-01-01 11:23:00,2,79.3112464685492,96.67645872405083,37.00460150831586,0
2024-01-01 11:24:00,2,76.07095878541377,96.50393090580796,37.078502860563745,0
2024-01-01 11:25:00,2,76.26146257418701,96.89885779252812,37.04206930290725,0
2024-01-01 11:26:00,2,74.2511498135744,97.03679700863458,36.968187548037676,0
2024-01-01 11:27:00,2,,,,1
2024-01-01 11:28:00,2,76.73968767134888,97.15147375348488,37.19097437820612,0
2024-01-01 11:29:00,2,75.48774995079368,96.7276119046394,37.134455731041406,0
2024-01-01 11:30:00,2,72.47516656599251,96.66167163503029,37.13980646541325,0
2024-01-01 11:31:00,2,79.1300264012418,96.86339353542219,37.087589942622465,0
2024-01-01 11:32:00,2,73.74250447687598,96.86455754481071,37.12282921010654,0
2024-01-01 11:33:00,2,74.97194794438613,97.03931533827758,36.98798015191218,0
2024-01-01 11:34:00,2,76.827810531964,96.73458330467408,37.03461887749476,0
2024-01-01 11:35:00,2,73.67460201570185,97.16745741524285,37.08228971904554,0
2024-01-01 11:36:00,2,73.03727432348046,97.29149275461884,37.08834948544272,0
2024-01-01 11:37:00,2,71.73295519344494,96.89455912111546,37.09011489167859,0
2024-01-01 11:38:00,2,77.37938204357702,97.15661601881033,37.04175081630805,0
2024-01-01 11:39:00,2,74.80353555590101,96.69966764593518,37.015320705387154,0
2024-01-01 11:40:00,2,81.70495109550586,97.13031128321317,37.36630977007457,0
2024-01-01 11:41:00,2,73.81818743139478,97.1290286333246,37.13867229478723,0
2024-01-01 11:42:00,2,73.92046678437093,97.09657331760273,37.08676100592918,0
2024-01-01 11:43:00,2,74.58903960558173,96.92509155818796,37.01957030154442,0
2024-01-01 11:44:00,2,76.1625378478587,96.3416781772425,36.99520680230615,0
2024-01-01 11:45:00,2,74.69229195836135,96.8085114716899,37.02467923954351,0
2024-01-01 11:46:00,2,76.81378109986973,96.81600744708983,37.0644663183339,0
2024-01-01 11:47:00,2,73.58834669629398,96.7498778980074,36.844557977746135,0
2024-01-01 11:48:00,2,72.73873644333008,96.97431987547525,36.87307507692102,0
2024-01-01 11:49:00,2,71.86187723630817,96.87042479721202,36.963733151969954,0
2024-01-01 11:50:00,2,70.96753647649055,96.79364478747677,37.04553798390049,0
2024-01-01 11:51:00,2,74.33491696467561,96.75116002254951,36.99829511548105,0
2024-01-01 11:52:00,2,74.72545749592585,96.82417314557891,37.167429129786875,0
2024-01-01 11:53:00,2,74.0209009405967,97.1959337710665,36.868768539511606,0
2024-01-01 11:54:00,2,77.72693805460978,96.84378926698112,36.939261963962714,0
2024-01-01 11:55:00,2,77.65253376610629,96.87736871650044,37.16379150753641,0
2024-01-01 11:56:00,2,74.48321051288563,96.89338061267455,37.02227806677004,0
2024-01-01 11:57:00,2,71.52131448882464,97.0568836815718,37.09503262069436,0
2024-01-01 11:58:00,2,73.9320846454565,97.08470055202318,37.209054161264746,0
2024-01-01 11:59:00,2,73.82218897142911,96.38888552142784,36.93192945544115,0
2024-01-01 12:00:00,2,73.66389831618065,97.20651021348905,36.98875866898947,0
2024-01-01 12:01:00,2,73.53906733063691,97.29382295253129,36.96882784296911,0
2024-01-01 12:02:00,2,73.58391749334181,96.80087771371774,36.79799233713743,0
2024-01-01 12:03:00,2,74.07410028042983,96.82082021537384,36.959794185321876,0
2024-01-01 12:04:00,2,73.53244445547887,96.92959286465725,37.07632388530077,0
2024-01-01 12:05:00,2,75.17651855701574,96.87280491820205,37.03966244325817,0
2024-01-01 12:06:00,2,75.43696243624666,97.07315144609281,37.04490009872762,0
2024-01-01 12:07:00,2,72.85129170492273,96.64341920005228,36.942832094759126,0
2024-01-01 12:08:00,2,77.17107564838834,96.81349442619357,36.9121678462032,0
2024-01-01 12:09:00,2,72.62519058395384,97.34927225060521,37.10210152696723,0
2024-01-01 12:10:00,2,71.30609205724295,96.86013852021414,36.92284689450038,0
2024-01-01 12:11:00,2,75.25963626247285,97.29881438105475,36.99939416742083,0
2024-01-01 12:12:00,2,72.81966025490003,97.12553875349853,36.983731935915316,0
2024-01-01 12:13:00,2,75.05346626965007,96.69695580645559,37.110988267650484,0
2024-01-01 12:14:00,2,69.55996416186697,97.19020893862292,37.05938193685103,0
2024-01-01 12:15:00,2,77.10864334538442,97.04393857407052,36.83014545293275,0
2024-01-01 12:16:00,2,75.62476126992829,96.98070241278803,36.83835353195743,0
2024-01-01 12:17:00,2,71.23567807044522,97.12510555706965,37.012444723472996,0
2024-01-01 12:18:00,2,71.23554818965093,97.17535334550067,36.9455726677681,0
2024-01-01 12:19:00,2,77.49412089763585,97.22625138941814,36.90395017983448,0
2024-01-01 12:20:00,2,72.63133214765043,97.32468350944937,37.04849974289926,0
2024-01-01 12:21:00,2,72.39424216476901,97.17495324778221,36.963161593699205,0
2024-01-01 12:22:00,2,69.48704545285517,96.8224852557336,36.94714963250254,0
2024-01-01 12:23:00,2,73.27414970881014,97.00716154635256,37.01738496452098,0
2024-01-01 12:24:00,2,73.47684289739327,97.69477109917386,36.89939980515697,0
2024-01-01 12:25:00,2,75.31986468372698,97.25532234258947,37.09128203245977,0
2024-01-01 12:26:00,2,71.04733918050552,97.58853586815177,36.85315605152971,0
2024-01-01 12:27:00,2,70.76156200973068,97.39801075655888,36.99519607480053,0
2024-01-01 12:28:00,2,74.66072325842131,97.17152081744973,37.070440902408855,0
2024-01-01 12:29:00,2,75.7289441895307,97.18766888793274,36.786895035670355,0
2024-01-01 12:30:00,2,70.52988989238223,97.1242888223021,36.887870966212624,0
2024-01-01 12:31:00,2,75.7919586294068,96.7882512272576,37.03401847068068,0
2024-01-01 12:32:00,2,73.66077614145021,97.14361856406926,37.03312919511139,0
2024-01-01 12:33:00,2,75.72609210210871,97.3863303101727,36.89787636119433,0
2024-01-01 12:34:00,2,73.35885745404023,97.02844269048346,36.83919457287411,0
2024-01-01 12:35:00,2,68.41158770613862,97.23492526433172,37.005906011260706,0
2024-01-01 12:36:00,2,73.10908357418889,97.32700521651422,37.02633347494089,0
2024-01-01 12:37:00,2,75.49021102972056,96.9788913133772,36.7891941548075,0
2024-01-01 12:38:00,2,71.53936748522462,97.0746949576176,36.78296723680145,0
2024-01-01 12:39:00,2,72.50789761506205,96.96548878216991,36.92359896396415,0
2024-01-01 12:40:00,2,72.88856129413652,97.00874061538809,36.96174102732456,0
2024-01-01 12:41:00,2,67.39883482852163,96.91974213027001,36.86664708703007,0
2024-01-01 12:42:00,2,76.49762638395475,97.00124942695325,36.96225015870632,0
2024-01-01 12:43:00,2,71.3092836943953,97.46929235874067,36.821092029945525,0
2024-01-01 12:44:00,2,74.08064573435058,97.0063537814643,36.67843975748051,0
2024-01-01 12:45:00,2,72.85294922356007,97.21877454844801,36.845341326645496,0
2024-01-01 12:46:00,2,75.49880386269169,97.0969277163124,36.891896228406814,0
2024-01-01 12:47:00,2,73.75293069232205,97.43727835545208,36.85585023137684,0
2024-01-01 12:48:00,2,72.42826186027185,97.46772596162968,36.7654551153253,0
2024-01-01 12:49:00,2,71.0684122467082,97.3822801621178,36.69765212268969,0
2024-01-01 12:50:00,2,74.40851674899518,97.27464976585405,36.82573044274225,0
2024-01-01 12:51:00,2,69.02334735154358,97.17115136183513,36.964848284058284,0
2024-01-01 12:52:00,2,74.01946792385587,96.98291216626617,36.99866726824231,0
2024-01-01 12:53:00,2,70.48709802575614,97.6138998459304,36.989805463018655,0
2024-01-01 12:54:00,2,75.14729943030669,97.0771492555134,36.78745189975538,0
2024-01-01 12:55:00,2,72.9229207106259,97.36568544795051,36.75170341960264,0
2024-01-01 12:56:00,2,73.84620442984445,97.44872384736858,36.91479152000212,0
2024-01-01 12:57:00,2,72.6796163482588,97.1295911286354,36.9267152079449,0
2024-01-01 12:58:00,2,68.96861372121109,97.45206787695462,36.9013227872575,0
2024-01-01 12:59:00,2,70.70968694589891,97.40110751276593,36.65802391683884,0
2024-01-01 13:00:00,2,73.73375028439746,97.59763820716404,36.77089032269047,0
2024-01-01 13:01:00,2,72.68015935971017,97.16193749386949,36.852782876137184,0
2024-01-01 13:02:00,2,74.66675423384135,97.00237582300424,36.9026712991733,0
2024-01-01 13:03:00,2,73.06930163209631,97.16217272156315,36.92890300031245,0
2024-01-01 13:04:00,2,70.28737899311011,97.30874335039496,36.86484576535996,0
2024-01-01 13:05:00,2,70.58673775342322,97.28229679727409,36.88177260819071,0
2024-01-01 13:06:00,2,72.3428378492596,97.19562764254542,36.855480549287925,0
2024-01-01 13:07:00,2,67.46710655867965,96.89611578073774,36.913881970028065,0
2024-01-01 13:08:00,2,75.40032546458858,97.37567072569215,36.87495916737427,0
2024-01-01 13:09:00,2,72.89523834497857,97.67964040344324,36.84862576098459,0
2024-01-01 13:10:00,2,74.42417421637121,97.38159738930386,36.8136216090253,0
2024-01-01 13:11:00,2,68.76731505573926,97.41412785975743,36.847021500025626,0
2024-01-01 13:12:00,2,74.37612973094998,97.41032114066249,36.88581300733245,0
2024-01-01 13:13:00,2,76.3085330546218,97.37875017681212,36.86259082758881,0
2024-01-01 13:14:00,2,69.1623744840992,97.48915997195542,36.87244351629742,0
2024-01-01 13:15:00,2,73.30559167627877,97.38536435707051,36.96717906723252,0
2024-01-01 13:16:00,2,71.7237265850006,97.24719367158423,36.85799795035783,0
2024-01-01 13:17:00,2,68.5914201128526,97.1539471883303,36.76518529793418,0
2024-01-01 13:18:00,2,72.62490015718343,97.26674222373579,36.91707857499182,0
2024-01-01 13:19:00,2,73.26524710232513,97.38273069951272,36.69076019814656,0
2024-01-01 13:20:00,2,70.35476092493465,97.2600316575684,36.71793044802562,0
2024-01-01 13:21:00,2,73.84788604903032,97.3894347851588,36.85837810989553,0
2024-01-01 13:22:00,2,68.1416315947377,97.41769097009045,36.875184710016306,0
2024-01-01 13:23:00,2,68.44481871641845,97.49976556930903,36.69782185738558,0
2024-01-01 13:24:00,2,71.66676638107782,97.59293201214088,36.78285765381891,0
2024-01-01 13:25:00,2,71.40365148308784,97.35519218566448,36.75937413032875,0
2024-01-01 13:26:00,2,69.87911281996716,97.08122717543259,36.7701888808497,0
2024-01-01 13:27:00,2,72.8908978453033,97.27692731508463,36.91212137150891,0
2024-01-01 13:28:00,2,72.29301785831025,97.3578999119977,36.88734849000632,0
2024-01-01 13:29:00,2,72.90709947998735,96.98504629003098,36.8137535269668,0
2024-01-01 13:30:00,2,70.90421319775552,97.63301872934962,36.76006898217969,0
2024-01-01 13:31:00,2,72.31538472585028,97.38682009788552,36.6787314381275,0
2024-01-01 13:32:00,2,70.17873586395385,97.43764644509045,36.95477809582985,0
2024-01-01 13:33:00,2,75.13756105517395,97.63748497503629,36.87106631606568,0
2024-01-01 13:34:00,2,69.36479502936203,97.24132713335554,36.740315622225864,0
2024-01-01 13:35:00,2,75.16052077605468,97.48511208795978,36.88210252119006,0
2024-01-01 13:36:00,2,70.97981837362677,97.35125064029364,36.80231282448604,0
2024-01-01 13:37:00,2,68.11921523777706,97.33929739271358,36.77984956602831,0
2024-01-01 13:38:00,2,73.5666689894073,97.22453890734037,36.851339847089925,0
2024-01-01 13:39:00,2,71.04266582817577,97.71493174570222,36.732960022075645,0
2024-01-01 13:40:00,2,47.45354425841798,87.309515696194,37.77205844460756,1
2024-01-01 13:41:00,2,48.159521910676006,87.5272838241348,37.81793766510324,1
2024-01-01 13:42:00,2,46.34831694827736,87.01513522546873,37.75523722440115,1
2024-01-01 13:43:00,2,44.44860242246416,87.6288503853809,37.87151507713548,1
2024-01-01 13:44:00,2,47.54527239490665,87.60598092826683,37.99097094510367,1
2024-01-01 13:45:00,2,70.55620218541415,97.41768137308502,36.7281258393532,0
2024-01-01 13:46:00,2,71.88733708859813,97.35543154553096,36.63656818738689,0
2024-01-01 13:47:00,2,66.16917607947956,97.4834149611781,36.60246555268929,0
2024-01-01 13:48:00,2,71.33170267480355,97.86373724920406,36.78718547141672,0
2024-01-01 13:49:00,2,69.12175658384656,97.05586497435375,36.73554247627562,0
2024-01-01 13:50:00,2,73.6668242214108,97.56741983570855,36.82230563277026,0
2024-01-01 13:51:00,2,71.56774481357398,97.2311615979698,36.81447405312195,0
2024-01-01 13:52:00,2,70.76273997463548,97.41194054708009,36.640621412777925,0
2024-01-01 13:53:00,2,71.21718876405109,97.36875565218602,36.61921768080678,0
2024-01-01 13:54:00,2,68.20932202844277,97.33504357223467,36.83009654957164,0
2024-01-01 13:55:00,2,73.41444346596032,97.42095766274821,36.8138775010613,0
2024-01-01 13:56:00,2,74.11248939599668,97.19852766252777,36.75761846900533,0
2024-01-01 13:57:00,2,70.87748690600047,97.63347674384174,36.63438584383383,0
2024-01-01 13:58:00,2,73.23447192543668,97.07105810763946,36.84717356155074,0
2024-01-01 13:59:00,2,68.87746759635147,97.540053082647,36.927192933450435,0
2024-01-01 14:00:00,2,68.38373109125526,97.36897342792464,36.82780408266774,0
2024-01-01 14:01:00,2,70.02209769654132,97.2022429198902,36.71529562494046,0
2024-01-01 14:02:00,2,70.77251671550982,97.47901859110888,36.80456971513987,0
2024-01-01 14:03:00,2,69.07714489739423,97.12923227488811,36.663608872044286,0
2024-01-01 14:04:00,2,70.90323615839063,97.45061223005226,36.90615641189522,0
2024-01-01 14:05:00,2,70.40315886962482,97.16010729976193,36.808719089124786,0
2024-01-01 14:06:00,2,67.75654580427579,97.53891640241338,36.623927504534265,0
2024-01-01 14:07:00,2,70.75362487030769,97.26373576071771,36.7709184887983,0
2024-01-01 14:08:00,2,71.40607553986385,97.36031945525664,36.8475929524463,0
2024-01-01 14:09:00,2,69.98503935407152,97.51118481105986,36.7682690158453,0
2024-01-01 14:10:00,2,71.91058073798655,97.29972868638671,36.774329228900285,0
2024-01-01 14:11:00,2,67.13376360744586,97.44445184409685,36.67985759082238,0
2024-01-01 14:12:00,2,70.46786225202503,97.15505130120611,36.85936484306764,0
2024-01-01 14:13:00,2,67.15489445660096,97.58573036655805,36.73831060868721,0
2024-01-01 14:14:00,2,67.23089255885225,97.81424080576433,36.587993550154906,0
2024-01-01 14:15:00,2,68.16089865203585,98.02136744162809,36.7670266023355,0
2024-01-01 14:16:00,2,67.50245132678944,97.48279161817534,36.90281516665066,0
2024-01-01 14:17:00,2,68.25449845105277,97.62379571072114,36.76658861626593,0
2024-01-01 14:18:00,2,68.88621556977726,97.11159109284476,36.97969483565923,0
2024-01-01 14:19:00,2,70.95295966043787,97.76978876962914,36.849441213126156,0
2024-01-01 14:20:00,2,68.60057618462686,97.62597749798404,36.84110150932749,0
2024-01-01 14:21:00,2,66.03599618214723,97.37539910283076,36.79510021814432,0
2024-01-01 14:22:00,2,71.45184706131457,50.0,36.801858729834116,1
2024-01-01 14:23:00,2,67.46210599022086,97.42409043160819,36.783125118985865,0
2024-01-01 14:24:00,2,68.983532084238,97.38472625715255,36.780053367332194,0
2024-01-01 14:25:00,2,69.95884509844407,97.57270760075353,36.86421239947831,0
2024-01-01 14:26:00,2,69.42990520370795,97.26624261286035,36.71842034465987,0
2024-01-01 14:27:00,2,71.18406954945775,97.68447484103979,36.705324126157066,0
2024-01-01 14:28:00,2,69.91885730066403,97.27015168499712,36.70153614620805,0
2024-01-01 14:29:00,2,67.20348755049555,97.27250174103649,37.01939518754928,0
2024-01-01 14:30:00,2,73.24860255283305,97.30170099664008,36.86886987651856,0
2024-01-01 14:31:00,2,69.24563308562826,97.63662833495957,36.84732225958599,0
2024-01-01 14:32:00,2,68.52789077692611,97.36242566302568,36.71219044694222,0
2024-01-01 14:33:00,2,70.71614492035317,97.21719694081176,36.881376256679,0
2024-01-01 14:34:00,2,69.25303723652559,97.36663833710466,36.80851605393177,0
2024-01-01 14:35:00,2,69.51855207855517,97.48230690481309,36.842752099893254,0
2024-01-01 14:36:00,2,73.6705437644436,97.25342465476079,36.72486584725161,0
2024-01-01 14:37:00,2,68.10213335853675,97.26014936399693,36.839777888849994,0
2024-01-01 14:38:00,2,67.98317589244506,97.91357388262544,36.78262101490284,0
2024-01-01 14:39:00,2,68.81829782964839,97.31999309751443,36.74972664492435,0
2024-01-01 14:40:00,2,70.6947381014025,97.4282517390999,36.901011592192305,0
2024-01-01 14:41:00,2,65.50532653138112,97.42012926187506,36.67517295650054,0
2024-01-01 14:42:00,2,64.55409474232222,97.40998410962814,36.88679349288658,0
2024-01-01 14:43:00,2,67.27791212227153,97.61916593652442,36.90016572383761,0
2024-01-01 14:44:00,2,65.15135771871658,97.68512855528301,36.7451828614501,0
2024-01-01 14:45:00,2,67.53672737817745,97.43487466883656,36.75257313052652,0
2024-01-01 14:46:00,2,69.35870199054261,97.24929765794319,36.81379053496289,0
2024-01-01 14:47:00,2,66.53964410808422,97.75197125086788,36.865811974235015,0
2024-01-01 14:48:00,2,65.43505525115201,97.47846696965398,36.82386596776485,0
2024-01-01 14:49:00,2,68.3950772486369,97.84401359155066,36.88407842560897,0
2024-01-01 14:50:00,2,69.9493129817985,97.04920811626816,37.01861818686533,0
2024-01-01 14:51:00,2,64.80223140322106,97.53774400507709,36.793173641899784,0
2024-01-01 14:52:00,2,69.8007251358675,97.8826846646914,36.67407919528974,0
2024-01-01 14:53:00,2,69.763085205565,97.42857255710001,36.9298679171171,0
2024-01-01 14:54:00,2,70.00498646709637,97.45435061498894,37.01731158779009,0
2024-01-01 14:55:00,2,70.50225176661597,97.55873746556317,36.889987450339504,0
2024-01-01 14:56:00,2,72.4379264706996,97.38802368900717,36.74369184586808,0
2024-01-01 14:57:00,2,67.29045461757136,97.43747807859702,36.841858890664064,0
2024-01-01 14:58:00,2,68.19065537328662,97.43240093671801,36.74420220070521,0
2024-01-01 14:59:00,2,42.10764284327627,92.37451317209323,37.42217121926465,0
2024-01-01 15:00:00,2,42.913615485118285,92.74576386277,37.224612134754345,0
2024-01-01 15:01:00,2,45.944685770213596,92.59216526363325,37.33160786753779,0
2024-01-01 15:02:00,2,40.15832311764373,92.54999428200253,37.26309027832561,0
2024-01-01 15:03:00,2,41.09580211410933,92.66146369551036,37.378133261164265,0
2024-01-01 15:04:00,2,70.54194963129842,97.44672107527037,36.83076644299958,0
2024-01-01 15:05:00,2,69.79748457678724,97.3445561272395,36.887049390912026,0
2024-01-01 15:06:00,2,67.00111015419763,97.37863859510384,36.873603219308706,0
2024-01-01 15:07:00,2,69.40627798775446,97.49924856328371,36.77471931531082,0
2024-01-01 15:08:00,2,68.35014543104492,97.28674006704823,36.938111703660994,0
2024-01-01 15:09:00,2,70.63864251485707,97.39818263729538,36.87260758648234,0
2024-01-01 15:10:00,2,67.75763239026399,97.39462594886368,36.78071242688469,0
2024-01-01 15:11:00,2,69.63053825311091,97.92233699396733,37.10575982384799,0
2024-01-01 15:12:00,2,72.8341001454585,96.94220129721488,36.93143232936648,0
2024-01-01 15:13:00,2,68.71721896668292,97.46054097974825,36.87060534160934,0
2024-01-01 15:14:00,2,67.59076390724672,97.84106646112878,37.02961350611572,0
2024-01-01 15:15:00,2,68.90823160335111,97.5197215546059,37.07445547221853,0
2024-01-01 15:16:00,2,66.70414966043636,97.64542334020679,36.87793865402261,0
2024-01-01 15:17:00,2,72.18216476427173,97.5140545635485,36.929431479582654,0
2024-01-01 15:18:00,2,67.73803418044622,97.35993440016442,36.79812765294077,0
2024-01-01 15:19:00,2,66.80383353213946,97.04429203874211,36.88446254888812,0
2024-01-01 15:20:00,2,65.65027608327091,97.53300294099753,36.88154675650553,0
2024-01-01 15:21:00,2,69.48819478512789,97.33598954754476,36.922223812155586,0
2024-01-01 15:22:00,2,69.00037645596649,97.3302054001148,36.93932176996564,0
2024-01-01 15:23:00,2,66.24368756477818,97.38959925497757,36.964349301257236,0
2024-01-01 15:24:00,2,68.36384165034217,97.8374558910529,36.934467179042166,0
2024-01-01 15:25:00,2,64.1665181748333,97.96850077009556,36.79198042965576,0
2024-01-01 15:26:00,2,67.52641143188171,97.52998732190214,36.82157467899439,0
2024-01-01 15:27:00,2,68.0349726934828,97.39256765850946,36.86316183713005,0
2024-01-01 15:28:00,2,70.5172593681115,97.24901416297871,36.89197385307488,0
2024-01-01 15:29:00,2,65.53425246736016,97.57706887719876,37.02768434719287,0
2024-01-01 15:30:00,2,64.49262621241901,97.83880650234575,36.808735304681825,0
2024-01-01 15:31:00,2,65.23206852510181,97.43158506798348,36.89172284749139,0
2024-01-01 15:32:00,2,64.32353250642308,97.00404501530082,37.025212896960724,0
2024-01-01 15:33:00,2,69.64388186639584,97.61260864307674,36.9023838204442,0
2024-01-01 15:34:00,2,70.04189646611704,97.67439663844769,36.980884357527074,0
2024-01-01 15:35:00,2,67.55925533324748,97.15882915547239,36.92337099277298,0
2024-01-01 15:36:00,2,69.3357704378865,97.50994040816366,36.965496681256674,0
2024-01-01 15:37:00,2,67.13561023358697,97.56349786633946,36.91947458575334,0
2024-01-01 15:38:00,2,66.65213814559101,97.45720420426159,37.01154176861329,0
2024-01-01 15:39:00,2,66.1511096970627,97.31220850108997,36.79285242714837,0
2024-01-01 15:40:00,2,66.17138245219518,97.6720512801224,36.91355874606333,0
2024-01-01 15:41:00,2,63.671697304731325,97.3866532812795,36.982087691621814,0
2024-01-01 15:42:00,2,67.27110288361533,97.16872175458623,37.008348587937384,0
2024-01-01 15:43:00,2,66.63737590271683,97.05425832798112,37.106830689427326,0
2024-01-01 15:44:00,2,68.1843734337774,97.7146819708946,36.92099661068259,0
2024-01-01 15:45:00,2,66.85646560173723,97.5841684329138,37.110617750095464,0
2024-01-01 15:46:00,2,66.31993665173184,97.4767187745595,36.899344093052974,0
2024-01-01 15:47:00,2,64.8790427226185,97.36932255259092,37.100693981799544,0
2024-01-01 15:48:00,2,66.74197972174007,97.34979633245534,37.05216443818174,0
2024-01-01 15:49:00,2,68.05055236579065,97.23863247730408,36.88166532823315,0
2024-01-01 15:50:00,2,64.2639652184973,97.36563786464197,37.00631320142969,0
2024-01-01 15:51:00,2,66.70231709176139,97.02602627309915,36.97308797069458,0
2024-01-01 15:52:00,2,66.97034340213412,97.3009113877772,37.04337602868713,0
2024-01-01 15:53:00,2,65.04517781808677,97.38398284371495,36.96109971692858,0
2024-01-01 15:54:00,2,65.28280707087296,97.56615856009815,36.955314403325644,0
2024-01-01 15:55:00,2,66.89711651715275,97.43417558840977,37.12556302975489,0
2024-01-01 15:56:00,2,64.14659119687582,97.59909011520546,36.98139797447494,0
2024-01-01 15:57:00,2,67.0909827809407,97.70784356246388,37.076530286690854,0
2024-01-01 15:58:00,2,64.5782928483543,97.64752820618467,36.97397194482488,0
2024-01-01 15:59:00,2,68.47273977720047,97.52784056169224,37.165793057633344,0
2024-01-01 16:00:00,2,71.00088364644606,97.43392245605253,36.93391305699639,0
2024-01-01 16:01:00,2,64.58207570157369,97.23317073664424,36.94295165535131,0
2024-01-01 16:02:00,2,67.3505319763523,97.57506282624142,37.15943646600054,0
2024-01-01 16:03:00,2,64.80732559516669,97.76073660149055,36.96510764974782,0
2024-01-01 16:04:00,2,68.32157751877183,97.49088904789683,37.17232561281194,0
2024-01-01 16:05:00,2,,,,1
2024-01-01 16:06:00,2,67.15906366824855,97.1126184556443,37.001978260472555,0
2024-01-01 16:07:00,2,64.43127422810394,97.184484723763,36.838722142971946,0
2024-01-01 16:08:00,2,65.74281320011443,97.58391063372962,37.02072447829515,0
2024-01-01 16:09:00,2,64.07443064064107,97.46324982028314,37.035420245185215,0
2024-01-01 16:10:00,2,67.76104992859042,97.67063836326473,37.144575610556956,0
2024-01-01 16:11:00,2,64.42242544084273,97.40224664452884,37.18929037299811,0
2024-01-01 16:12:00,2,67.18052157896037,97.2291740216909,36.964533531648115,0
2024-01-01 16:13:00,2,65.3687740393545,97.35744787620635,37.11573135237472,0
2024-01-01 16:14:00,2,65.8085728869839,97.09099663231406,37.11472820737239,0
2024-01-01 16:15:00,2,66.31374785006615,97.16915187793093,37.148097525394164,0
2024-01-01 16:16:00,2,64.47547633421843,97.58666528549682,37.093186516665135,0
2024-01-01 16:17:00,2,66.40092114881364,97.56401053488905,36.85162159409961,0
2024-01-01 16:18:00,2,69.02208925762984,97.45930077544567,37.032875086937636,0
2024-01-01 16:19:00,2,64.38663608522758,97.03970179114236,36.93538423209892,0
2024-01-01 16:20:00,2,68.2680241466997,97.30942467964472,37.03322332868516,0
2024-01-01 16:21:00,2,68.90235035688563,97.13326445342578,37.15400406904364,0
2024-01-01 16:22:00,2,64.25576971602443,97.6107012719747,37.089028859193284,0
2024-01-01 16:23:00,2,62.96006880709021,97.25575175706382,37.1758229524475,0
2024-01-01 16:24:00,2,66.45637220112195,97.15241979771316,37.09767887913431,0
2024-01-01 16:25:00,2,64.74008213704559,97.37257354572124,36.936149618227645,0
2024-01-01 16:26:00,2,69.5547251356527,97.2356004362415,36.81636491523793,0
2024-01-01 16:27:00,2,65.86993035734147,97.65736939412628,37.085786150968204,0
2024-01-01 16:28:00,2,64.17888843153801,97.2106202162179,37.05195612092505,0
2024-01-01 16:29:00,2,63.472115913742805,97.07467125837475,36.97808510097476,0
2024-01-01 16:30:00,2,67.92956858028688,96.92084168619195,36.9081348547909,0
2024-01-01 16:31:00,2,64.59089079639058,97.3421477684483,37.007127745870605,0
2024-01-01 16:32:00,2,65.8045930966197,97.23277316408925,37.063543576242644,0
2024-01-01 16:33:00,2,67.612394722953,97.05620606173488,37.15195692446404,0
2024-01-01 16:34:00,2,64.71630355361388,97.57663399162274,37.106594019714514,0
2024-01-01 16:35:00,2,65.57717121891004,97.46901360925011,37.25088435259966,0
2024-01-01 16:36:00,2,65.62027857089053,97.32667129429835,36.98884848280608,0
2024-01-01 16:37:00,2,67.00462912061494,97.60190506699242,37.1828301823433,0
2024-01-01 16:38:00,2,66.80421196282684,97.45824688041596,37.10175331909182,0
2024-01-01 16:39:00,2,65.1674178015677,97.1578435081843,37.16877286125113,0
2024-01-01 16:40:00,2,65.72004442485228,97.11122108317785,37.0579199273529,0
2024-01-01 16:41:00,2,64.83446866615402,97.47928752052866,37.210987487973135,0
2024-01-01 16:42:00,2,62.60826189289357,97.3915666240602,37.135572149662586,0
2024-01-01 16:43:00,2,66.06432834645508,97.34282099208568,37.04031720225105,0
2024-01-01 16:44:00,2,69.31933025942142,97.13612652918374,37.1092527488907,0
2024-01-01 16:45:00,2,63.753509013979865,97.42354696270722,37.08867406469282,0
2024-01-01 16:46:00,2,63.96106915217325,97.14736600502809,37.16370265911297,0
2024-01-01 16:47:00,2,63.752035285972184,97.2745540221589,36.998942627441245,0
2024-01-01 16:48:00,2,66.9292178864552,97.58080326086119,37.116100548951536,0
2024-01-01 16:49:00,2,66.36373023556799,97.15568843973607,37.16066143669765,0
2024-01-01 16:50:00,2,65.13659069201347,96.96967633902544,37.126507250441605,0
2024-01-01 16:51:00,2,63.60471670436807,97.07016197692909,37.259952112571725,0
2024-01-01 16:52:00,2,65.6127794090071,97.47590700157161,37.204691841799594,0
2024-01-01 16:53:00,2,62.28623505909736,97.32434815708798,37.128551220243125,0
2024-01-01 16:54:00,2,65.68996866468572,97.2439602976891,37.15295575962011,0
2024-01-01 16:55:00,2,67.1339834852243,97.16423028619664,37.162818428370194,0
2024-01-01 16:56:00,2,62.876538818962324,97.35941401376775,37.17552399322408,0
2024-01-01 16:57:00,2,62.30208634359016,97.08879404091927,36.954547195818385,0
2024-01-01 16:58:00,2,68.51436813673551,97.31600138178982,37.1088558021159,0
2024-01-01 16:59:00,2,64.1205264032461,97.10485117505216,36.99243610968721,0
2024-01-01 17:00:00,2,67.60467879409667,97.06778488353052,37.27055552343971,0
2024-01-01 17:01:00,2,65.01370949753279,97.11601508507685,37.138465399269464,0
2024-01-01 17:02:00,2,64.98690143673853,97.16460832399339,37.12701437648394,0
2024-01-01 17:03:00,2,66.17692743697029,97.22608280866642,37.23780121391652,0
2024-01-01 17:04:00,2,63.52158022067105,97.27908091166952,37.19210155458024,0
2024-01-01 17:05:00,2,65.5442332468156,96.49043997967512,37.03872750252258,0
2024-01-01 17:06:00,2,64.50610648242275,97.06268881588159,37.14619628639089,0
2024-01-01 17:07:00,2,62.61813029767341,97.14199372255038,37.12143969257963,0
2024-01-01 17:08:00,2,65.92429891655729,97.5173921157223,36.982146080406324,0
2024-01-01 17:09:00,2,64.71312263268024,96.9964346752407,37.08918785550645,0
2024-01-01 17:10:00,2,64.91627814854678,97.24103380919847,37.14145040909328,0
2024-01-01 17:11:00,2,62.8007817366868,97.50350393797477,37.14987089087297,0
2024-01-01 17:12:00,2,68.3948666120578,96.93791196553025,37.0146766967098,0
2024-01-01 17:13:00,2,66.95664310956452,97.27529322167219,37.27957230158224,0
2024-01-01 17:14:00,2,67.1228621413866,97.03202132979008,37.15567313234522,0
2024-01-01 17:15:00,2,64.57518354558624,97.08751179004823,37.17108797806676,0
2024-01-01 17:16:00,2,61.719416851688635,97.02376484336857,37.208817354946774,0
2024-01-01 17:17:00,2,69.07551433675445,97.03394995882181,37.09133713124296,0
2024-01-01 17:18:00,2,65.0395689121828,97.7206245091655,37.21714272550648,0
2024-01-01 17:19:00,2,63.656436258824634,97.34104047290072,37.13613260743072,0
2024-01-01 17:20:00,2,65.98009863608831,97.38839096168326,37.084484805375986,0
2024-01-01 17:21:00,2,67.47338455673038,97.262323362586,37.2327615161312,0
2024-01-01 17:22:00,2,65.08587735967468,96.83854208257691,37.32582746148242,0
2024-01-01 17:23:00,2,67.68215243295786,97.23464162355269,37.25035600987828,0
2024-01-01 17:24:00,2,67.28421386646284,97.36608067178778,37.271353305962336,0
2024-01-01 17:25:00,2,62.95885190350689,96.97664802052505,37.12814424280877,0
2024-01-01 17:26:00,2,63.75762287822958,97.33621518002157,37.02156616404148,0
2024-01-01 17:27:00,2,67.01405487193071,97.27982810324504,37.33143160982219,0
2024-01-01 17:28:00,2,59.667721636791015,97.50516928780124,37.3889277673895,0
2024-01-01 17:29:00,2,64.78819047537495,97.04699481703854,37.338783895238635,0
2024-01-01 17:30:00,2,62.219783545434154,96.9068094079702,37.151919905746745,0
2024-01-01 17:31:00,2,64.12287153031068,97.04977653341828,37.07099851915179,0
2024-01-01 17:32:00,2,64.47306134135422,97.40497759331305,37.08082514290728,0
2024-01-01 17:33:00,2,64.34912445219106,96.7479344696664,37.01991946205428,0
2024-01-01 17:34:00,2,63.95619179174163,96.69568408960225,37.17842185525732,0
2024-01-01 17:35:00,2,62.86171757743522,97.12297353562063,37.35056205458315,0
2024-01-01 17:36:00,2,69.63530757360667,97.01230385394652,37.17662993746498,0
2024-01-01 17:37:00,2,68.78207888028969,97.09808683516488,37.22179769516539,0
2024-01-01 17:38:00,2,62.718882814728154,97.28131579259318,37.32986143665796,0
2024-01-01 17:39:00,2,68.20329737133477,96.97744471571431,37.15259554841722,0
2024-01-01 17:40:00,2,64.2363722068001,96.70905585764427,37.39722844824016,0
2024-01-01 17:41:00,2,65.29010743065612,97.48824539449895,37.393521734881595,0
2024-01-01 17:42:00,2,64.90180390575007,96.87558943365848,37.181804811126376,0
2024-01-01 17:43:00,2,63.705663994343816,96.85890795267375,37.13773272517775,0
2024-01-01 17:44:00,2,66.98986558595644,97.28713427301362,37.26574662068881,0
2024-01-01 17:45:00,2,65.27112380957671,96.98516227634828,37.16177335207033,0
2024-01-01 17:46:00,2,64.06362803302659,97.04504722774931,37.081339634378736,0
2024-01-01 17:47:00,2,62.40512245421613,97.14994391845883,37.32555453016627,0
2024-01-01 17:48:00,2,63.224872154360355,97.2657591385643,37.319477036509475,0
2024-01-01 17:49:00,2,61.727253210895086,96.97800326363132,37.2137511464518,0
2024-01-01 17:50:00,2,65.03260225860878,97.34433527931569,37.072247191233096,0
2024-01-01 17:51:00,2,62.61315619169541,96.60883130756066,37.0758806569975,0
2024-01-01 17:52:00,2,64.47388909231587,97.18359237918722,37.209821710048395,0
2024-01-01 17:53:00,2,67.74392712042945,96.85937066221003,37.14934301486198,0
2024-01-01 17:54:00,2,67.40122643420565,97.29736959907792,37.165417960529545,0
2024-01-01 17:55:00,2,64.93716797550671,97.04696164594739,37.301886469181056,0
2024-01-01 17:56:00,2,64.82683740423464,96.87960768337628,37.273136721897906,0
2024-01-01 17:57:00,2,68.76023167926122,97.14239188594883,37.33772740916343,0
2024-01-01 17:58:00,2,66.04166118611948,97.18409550520188,37.10091086802234,0
2024-01-01 17:59:00,2,64.34439303807724,97.12947041253489,37.16567977072273,0
2024-01-01 18:00:00,2,62.14801738618902,96.79078600899506,37.275888517937624,0
2024-01-01 18:01:00,2,65.7880383686218,96.89555575088686,37.24475528833404,0
2024-01-01 18:02:00,2,66.65936843403973,96.98717910956394,37.35310829073348,0
2024-01-01 18:03:00,2,63.738037432969676,96.97537716343437,37.24181242695443,0
2024-01-01 18:04:00,2,65.58455621012465,97.12921485446941,37.38442389544209,0
2024-01-01 18:05:00,2,64.27600493715201,96.57192375948583,37.25343474366144,0
2024-01-01 18:06:00,2,64.63627814591861,97.03740957731746,37.305435467384314,0
2024-01-01 18:07:00,2,60.03008081401315,96.90819030223358,37.16661880452217,0
2024-01-01 18:08:00,2,64.56373464766581,96.79413143516177,37.20011645702827,0
2024-01-01 18:09:00,2,66.94779909703328,96.80898209891812,37.28946552141028,0
2024-01-01 18:10:00,2,63.74820889574963,96.91022306020811,37.35931820615188,0
2024-01-01 18:11:00,2,65.1182106982816,96.22856828510875,37.27055941514249,0
2024-01-01 18:12:00,2,63.503590902863436,96.80418601035109,37.188899963192064,0
2024-01-01 18:13:00,2,65.73890037815269,96.76494381478133,37.334498224388945,0
2024-01-01 18:14:00,2,64.58768564660457,97.04233084421836,36.977080675362615,0
2024-01-01 18:15:00,2,63.145154231450725,96.77034118633826,37.053535232318666,0
2024-01-01 18:16:00,2,67.6918357189218,96.88410131116387,37.263368657438114,0
2024-01-01 18:17:00,2,66.88788242205649,97.231262502588,37.196029129383895,0
2024-01-01 18:18:00,2,63.82368055651968,97.117366473582,37.25454932435288,0
2024-01-01 18:19:00,2,66.03273640431492,97.09464565763254,37.199785090199015,0
2024-01-01 18:20:00,2,66.11583943405607,96.80991864333076,37.2497521115154,0
2024-01-01 18:21:00,2,66.32966340969831,97.01420820856741,37.110497407281265,0
2024-01-01 18:22:00,2,61.66078445014338,96.85453801470211,37.24823351205505,0
2024-01-01 18:23:00,2,67.06693433710711,96.85782228023791,37.28984076624057,0
2024-01-01 18:24:00,2,63.91893796818646,96.97470919033665,37.311636114485886,0
2024-01-01 18:25:00,2,64.347484204261,96.76911278028845,37.39008569533022,0
2024-01-01 18:26:00,2,70.34389719928728,97.18285999733193,37.21225693906869,0
2024-01-01 18:27:00,2,65.67706343114644,96.84799005334544,37.21432280087401,0
2024-01-01 18:28:00,2,64.30604394624822,96.99945404928239,37.03366696892806,0
2024-01-01 18:29:00,2,60.67366152914786,97.16267735948594,37.13186368664405,0
2024-01-01 18:30:00,2,67.86952896412059,97.07367314116455,37.164685487072504,0
2024-01-01 18:31:00,2,62.40552071059806,96.58135380476298,37.28798294721207,0
2024-01-01 18:32:00,2,63.09519042238883,96.9479224804452,37.120776785792835,0
2024-01-01 18:33:00,2,64.44568051273602,97.02490361342613,37.260405599396464,0
2024-01-01 18:34:00,2,67.94771415975596,97.02895984804333,37.17947310759834,0
2024-01-01 18:35:00,2,66.66806447502344,96.62376718004496,37.16075132728259,0
2024-01-01 18:36:00,2,64.81279173962099,96.71086971422484,37.20215977309461,0
2024-01-01 18:37:00,2,65.75212134525133,97.03705105147188,37.136926559746854,0
2024-01-01 18:38:00,2,63.94202435716771,96.68166231633093,37.13188008709212,0
2024-01-01 18:39:00,2,65.42954957485698,96.76996282329966,37.0030168463076,0
2024-01-01 18:40:00,2,65.30454992401218,97.1409778123264,37.14738187225837,0
2024-01-01 18:41:00,2,67.10323810491452,96.81215670038894,37.12283279177135,0
2024-01-01 18:42:00,2,67.10806392876756,96.6722892187904,37.11785450937709,0
2024-01-01 18:43:00,2,66.16985915718188,96.6380619772954,37.20973384129707,0
2024-01-01 18:44:00,2,64.46559316883187,96.876084932823,37.23247482310185,0
2024-01-01 18:45:00,2,66.68250378629129,96.53888160779924,37.188367583336216,0
2024-01-01 18:46:00,2,65.02368003772064,96.75202899097074,37.263197820341546,0
2024-01-01 18:47:00,2,63.05273269737773,96.86414240285491,37.21969258165271,0
2024-01-01 18:48:00,2,64.41911683719444,97.05334181495526,37.131083038001876,0
2024-01-01 18:49:00,2,65.40406372224987,96.92305276864329,37.112727742028085,0
2024-01-01 18:50:00,2,67.06494482549297,96.64277748008311,37.188693023890096,0
2024-01-01 18:51:00,2,64.8871464059642,97.01733806911724,37.213157931788245,0
2024-01-01 18:52:00,2,62.845680623816655,96.71783155101576,37.293909342664854,0
2024-01-01 18:53:00,2,65.3876223245364,96.52669125694325,37.27155946239293,0
2024-01-01 18:54:00,2,65.51129737352072,96.73553813985373,37.0965859466911,0
2024-01-01 18:55:00,2,65.66649211514925,97.05371234611893,37.13879784549781,0
2024-01-01 18:56:00,2,67.14517648278198,96.79527644888053,37.21433991455467,0
2024-01-01 18:57:00,2,67.35408135176984,96.76090087711117,37.25225230884926,0
2024-01-01 18:58:00,2,64.13879916880181,97.08202532318577,37.23753891770167,0
2024-01-01 18:59:00,2,64.10610445125133,96.46451723027396,37.13541898080473,0
2024-01-01 19:00:00,2,63.26934859806629,96.48989258714361,37.01454496046095,0
2024-01-01 19:01:00,2,66.75891599553337,96.42008661880067,37.03817003711978,0
2024-01-01 19:02:00,2,68.2706472690258,96.81404863256991,37.163419785826854,0
2024-01-01 19:03:00,2,64.75474913280542,96.76910056719325,37.168448389848145,0
2024-01-01 19:04:00,2,64.91414110735407,97.0406523094005,37.02240426119199,0
2024-01-01 19:05:00,2,68.34283968020887,96.77712357514935,37.13475283058342,0
2024-01-01 19:06:00,2,66.4328454499015,96.64394136157387,37.191419619584714,0
2024-01-01 19:07:00,2,66.30683894012962,96.72149699055119,37.01115381890445,0
2024-01-01 19:08:00,2,63.065354674691726,96.74106598811893,37.234733838695604,0
2024-01-01 19:09:00,2,66.81764610594873,96.37958027972313,37.08441732104703,0
2024-01-01 19:10:00,2,63.61510144387124,97.2524287086513,37.245847102169364,0
2024-01-01 19:11:00,2,63.21869953591553,96.81078851649293,37.064635296653464,0
2024-01-01 19:12:00,2,64.80674390772151,96.74529026583265,37.01319249979785,0
2024-01-01 19:13:00,2,64.34242988012498,96.82281831957646,37.06789597719184,0
2024-01-01 19:14:00,2,65.08472505458785,96.83818753161181,37.10202998130204,0
2024-01-01 19:15:00,2,62.66005087603412,96.6647376108471,37.07051278116763,0
2024-01-01 19:16:00,2,67.47391677651522,96.56316647646396,37.085557843464876,0
2024-01-01 19:17:00,2,67.82610681582022,96.80589492189816,37.13833332787046,0
2024-01-01 19:18:00,2,61.690679110933935,96.75976097885864,37.08557969782275,0
2024-01-01 19:19:00,2,67.55708899327941,96.51727902046329,37.093829596130696,0
2024-01-01 19:20:00,2,63.99410465299617,96.95972685186156,36.92724416238166,0
2024-01-01 19:21:00,2,67.34428043950373,96.73127754044019,37.13504572691713,0
2024-01-01 19:22:00,2,65.50878246614174,96.81528337611496,37.08464826787492,0
2024-01-01 19:23:00,2,65.71875100603714,96.94444126929542,37.25227451323261,0
2024-01-01 19:24:00,2,65.30670704992374,96.66719791049329,36.9949496598645,0
2024-01-01 19:25:00,2,68.11704097324663,96.72299931540952,36.9057223503503,0
2024-01-01 19:26:00,2,63.22966419810876,96.81842908760564,37.14598958836528,0
2024-01-01 19:27:00,2,66.94075569523393,96.50829235008362,37.11645185224234,0
2024-01-01 19:28:00,2,67.94414696885727,96.66094226830968,36.97855822444687,0
2024-01-01 19:29:00,2,67.19075493529432,96.67213570281884,36.924015383130396,0
2024-01-01 19:30:00,2,70.42423693556353,96.45273524261037,37.22830549360124,0
2024-01-01 19:31:00,2,64.73388579212582,97.1044224306568,37.213539607262675,0
2024-01-01 19:32:00,2,67.72350472841056,96.35641188945067,36.820933263958985,0
2024-01-01 19:33:00,2,65.61400480686615,96.37525291853821,37.021395052804756,0
2024-01-01 19:34:00,2,68.31046412360371,96.89474997998347,37.23116344374897,0
2024-01-01 19:35:00,2,65.84591443884115,96.7716169514276,37.014653756017424,0
2024-01-01 19:36:00,2,65.10335555566475,96.42085806933324,37.010703879152864,0
2024-01-01 19:37:00,2,68.50924010632146,96.7446246846658,37.0289840058728,0
2024-01-01 19:38:00,2,64.93213394685883,96.91388155666057,36.942655252502746,0
2024-01-01 19:39:00,2,63.10814163428253,96.61143239711014,36.8817429933937,0
2024-01-01 19:40:00,2,94.91840756422792,87.13445230011067,38.15494195666128,1
2024-01-01 19:41:00,2,97.20884790069057,86.2671074532067,37.86285166724736,1
2024-01-01 19:42:00,2,,,,1
2024-01-01 19:43:00,2,96.23091817944797,86.83977866671067,38.130695741209486,1
2024-01-01 19:44:00,2,98.66424958559237,86.78206328396193,37.89435034019275,1
2024-01-01 19:45:00,2,63.33087268463007,96.56027507701846,36.944474535078896,0
2024-01-01 19:46:00,2,65.18023335936806,96.54044006114167,37.15564136778162,0
2024-01-01 19:47:00,2,65.50931812858396,96.68477014308495,37.08502880524628,0
2024-01-01 19:48:00,2,65.87722751857014,96.75653557095174,36.96742180083292,0
2024-01-01 19:49:00,2,66.29458271839843,96.71135393401498,37.14678100844376,0
2024-01-01 19:50:00,2,67.52843260061772,96.79637659902615,37.14461086046119,0
2024-01-01 19:51:00,2,65.27738254354723,96.3821281947439,37.04825962676028,0
2024-01-01 19:52:00,2,66.46560752931818,96.53791673461828,36.92873173996795,0
2024-01-01 19:53:00,2,66.11802631989498,96.39306825270694,36.97479308090595,0
2024-01-01 19:54:00,2,64.37738185243492,96.50148133999069,37.042164045147175,0
2024-01-01 19:55:00,2,66.02288505801141,96.77941265758285,36.99205098661068,0
2024-01-01 19:56:00,2,65.984122967172,96.59566215341121,37.102189414070786,0
2024-01-01 19:57:00,2,65.96267089795863,97.09316657361097,36.85269809190033,0
2024-01-01 19:58:00,2,66.37790694453165,96.60823804096005,36.85362997684887,0
2024-01-01 19:59:00,2,66.4874567074393,96.57928999567265,37.01852374633351,0
2024-01-01 20:00:00,2,65.49340604015855,96.5864160491369,36.94866242431514,0
2024-01-01 20:01:00,2,68.92547739852137,96.43547873167455,36.932492609325514,0
2024-01-01 20:02:00,2,64.06330254401034,96.54936747519342,36.815773228010045,0
2024-01-01 20:03:00,2,64.98270337339976,96.78442021351646,36.991916186874676,0
2024-01-01 20:04:00,2,72.0071141161242,96.57961819317234,36.982070516481286,0
2024-01-01 20:05:00,2,64.39391049466231,96.3961273615094,37.05008052157059,0
2024-01-01 20:06:00,2,63.78525281891408,96.36783158069824,36.98901245240502,0
2024-01-01 20:07:00,2,67.9847468127606,96.46087142343012,36.96625371457622,0
2024-01-01 20:08:00,2,62.38474652127711,96.56378203296877,37.09460998441652,0
2024-01-01 20:09:00,2,66.09179262441533,96.7858585899399,36.843062950596675,0
2024-01-01 20:10:00,2,70.87750537426848,96.27721002622222,37.02535277105429,0
2024-01-01 20:11:00,2,63.519659175468234,96.47954364528582,36.80200815434276,0
2024-01-01 20:12:00,2,62.66943750848739,96.57060686301598,36.88270100246776,0
2024-01-01 20:13:00,2,63.65899904634571,96.1732746102912,36.84269153850284,0
2024-01-01 20:14:00,2,68.4782346098931,96.37160209019503,37.03957775093329,0
2024-01-01 20:15:00,2,68.95538152825335,96.40068522928071,36.952275345589776,0
2024-01-01 20:16:00,2,65.70512123803123,96.3758453868663,36.95490598246532,0
2024-01-01 20:17:00,2,68.12135204578534,96.57182935282384,36.843030451804374,0
2024-01-01 20:18:00,2,69.56022349114934,96.49978708297877,36.921189788289595,0
2024-01-01 20:19:00,2,70.37934798333626,96.41932504268365,36.87227637512288,0
2024-01-01 20:20:00,2,66.3370831549512,96.61449385977058,36.98444098995002,0
2024-01-01 20:21:00,2,62.25206461078346,96.87207127511219,36.84446820704413,0
2024-01-01 20:22:00,2,65.23865981462033,96.85389866811646,37.07404827038736,0
2024-01-01 20:23:00,2,66.0523736829542,96.14012018705051,36.77101241378474,0
2024-01-01 20:24:00,2,66.41382320573543,96.63875240312578,36.85543064065142,0
2024-01-01 20:25:00,2,66.58185454529647,96.48643308336953,37.10132580718359,0
2024-01-01 20:26:00,2,69.22138842069032,96.55180503426152,36.88762640580924,0
2024-01-01 20:27:00,2,69.55863478862844,96.43989012894392,36.79719875374591,0
2024-01-01 20:28:00,2,66.69276167163943,96.54187387083992,36.94815235219008,0
2024-01-01 20:29:00,2,69.25956160763764,96.54748376332718,36.87627720254093,0
2024-01-01 20:30:00,2,67.80454879175367,96.40029488992664,36.83781370383844,0
2024-01-01 20:31:00,2,67.24502302630479,96.33573159233381,36.80941143726289,0
2024-01-01 20:32:00,2,68.95603472536118,96.42422281146732,37.1934475663312,0
2024-01-01 20:33:00,2,67.3145356331293,96.55980771211553,36.8890810114534,0
2024-01-01 20:34:00,2,71.31288829493312,96.63178618065865,36.719320176758075,0
2024-01-01 20:35:00,2,64.34782677057984,96.68172497664379,37.058903720441805,0
2024-01-01 20:36:00,2,66.22183870670271,96.41132273222622,36.96831118945213,0
2024-01-01 20:37:00,2,67.02682182409613,96.56607256098403,36.828244732445036,0
2024-01-01 20:38:00,2,68.18659129673372,96.70098449697943,36.80928306231464,0
2024-01-01 20:39:00,2,69.87157984202487,96.74082077157207,36.96766255948975,0
2024-01-01 20:40:00,2,67.31498080622949,96.49519057820987,36.87336086002654,0
2024-01-01 20:41:00,2,64.54758329936367,96.46206375986604,36.70320981626505,0
2024-01-01 20:42:00,2,69.10548009488507,96.54380556068283,37.07230437755688,0
2024-01-01 20:43:00,2,68.95892404215087,96.27500753268907,36.8479723776672,0
2024-01-01 20:44:00,2,63.59398735890609,96.46563319087815,37.03873827915461,0
2024-01-01 20:45:00,2,67.498937990896,96.65271623635351,37.01485329756727,0
2024-01-01 20:46:00,2,64.35524704035885,96.63167008628905,36.78475693079248,0
2024-01-01 20:47:00,2,66.23535526051708,96.44874672296186,36.986044711585336,0
2024-01-01 20:48:00,2,65.7883081104149,96.54590138381579,36.81546943235168,0
2024-01-01 20:49:00,2,69.24186506665632,96.33702312537824,36.6918520755174,0
2024-01-01 20:50:00,2,67.88654636066428,96.64228505384463,36.83399160800117,0
2024-01-01 20:51:00,2,65.11139442589298,96.48569377661529,36.91416566403116,0
2024-01-01 20:52:00,2,69.47253827529381,96.44577724708195,36.82610028880996,0
2024-01-01 20:53:00,2,,,,1
2024-01-01 20:54:00,2,68.432710017454,96.48792189872499,36.982740677229565,0
2024-01-01 20:55:00,2,66.17470611773557,96.41074883982682,36.877072234732786,0
2024-01-01 20:56:00,2,67.10175552727038,96.63181477786095,36.780154689122874,0
2024-01-01 20:57:00,2,68.87217006138893,96.42102937858236,36.9327724883285,0
2024-01-01 20:58:00,2,68.93718229153673,96.81861694822643,36.88044552912304,0
2024-01-01 20:59:00,2,70.59901203932284,96.7930423985878,36.60664991404924,0
2024-01-01 21:00:00,2,67.79149177532913,96.32170589864371,36.899802333087244,0
2024-01-01 21:01:00,2,68.59996047713635,96.5140078779857,36.89433110203127,0
2024-01-01 21:02:00,2,67.14277738486344,96.37002625208187,36.8553663878793,0
2024-01-01 21:03:00,2,68.41355818060413,96.43495673381918,36.940755538614276,0
2024-01-01 21:04:00,2,68.96000940704762,96.90093851813982,36.78260279308049,0
2024-01-01 21:05:00,2,67.91600842201477,96.43914361466938,36.881774565946536,0
2024-01-01 21:06:00,2,64.53684926257269,96.57294605869384,36.68973714474948,0
2024-01-01 21:07:00,2,68.8391448404119,96.60944612444239,36.885476964492014,0
2024-01-01 21:08:00,2,68.93730891533681,96.30137504525295,37.0384353751887,0
2024-01-01 21:09:00,2,66.87995140693403,96.33083889439213,36.7420321662096,0
2024-01-01 21:10:00,2,65.70376556039336,96.26104857270217,36.76395317694228,0
2024-01-01 21:11:00,2,71.25666746567843,96.32549191597253,36.767374899257845,0
2024-01-01 21:12:00,2,69.32029736068901,95.93315098169374,36.84984705140001,0
2024-01-01 21:13:00,2,67.91186847382453,96.61258231364394,36.72904238106162,0
2024-01-01 21:14:00,2,66.1287153666975,96.91505128198419,36.875997777581524,0
2024-01-01 21:15:00,2,66.79202784964006,96.53436115041806,36.91711257019959,0
2024-01-01 21:16:00,2,71.07383982292222,96.22216548367747,36.88444758535868,0
2024-01-01 21:17:00,2,68.7771089541546,96.3775239485046,36.65278460514266,0
2024-01-01 21:18:00,2,67.43386087013866,96.41500149189368,36.927785431185086,0
2024-01-01 21:19:00,2,69.58778665305285,96.30399515434364,36.92067738924805,0
2024-01-01 21:20:00,2,66.9731076206555,96.68032144335662,36.908658462266686,0
2024-01-01 21:21:00,2,71.6372078409362,96.67114722851359,36.861658143933155,0
2024-01-01 21:22:00,2,71.37486197395482,96.278852601112,36.84515457898674,0
2024-01-01 21:23:00,2,67.76997258126306,96.6558442806297,36.92516666280708,0
2024-01-01 21:24:00,2,67.47976009929701,96.81711302044951,37.01310170137198,0
2024-01-01 21:25:00,2,63.534933468019965,96.89322177855983,36.72429969209815,0
2024-01-01 21:26:00,2,65.84225634659968,97.08674935251433,36.92630061678252,0
2024-01-01 21:27:00,2,66.16081446396929,96.33434231297855,36.80878185054468,0
2024-01-01 21:28:00,2,69.14458826530725,97.08065582885854,36.80338306874367,0
2024-01-01 21:29:00,2,68.25631053230445,96.4460782906657,36.66167562967712,0
2024-01-01 21:30:00,2,66.25279345353354,96.39957114167252,36.78585976900244,0
2024-01-01 21:31:00,2,68.41593829863504,96.58466012440674,36.713654081730965,0
2024-01-01 21:32:00,2,70.02385743858203,96.40405146150195,36.76606902288553,0
2024-01-01 21:33:00,2,70.10389274167568,96.60152720465568,36.7017418954062,0
2024-01-01 21:34:00,2,65.28401784965284,96.25899406082203,36.76580809602381,0
2024-01-01 21:35:00,2,68.86208862086954,96.47658647497659,36.76925878088285,0
2024-01-01 21:36:00,2,66.38730332712217,96.78281721322345,36.81874881338081,0
2024-01-01 21:37:00,2,70.99292302901895,96.51568844896796,36.64683460004625,0
2024-01-01 21:38:00,2,70.79334999912173,96.55685586868735,36.663026927070064,0
2024-01-01 21:39:00,2,67.46470434489183,96.62506039004077,36.84307234071815,0
2024-01-01 21:40:00,2,67.76447944266307,96.76564879414043,36.726472409705416,0
2024-01-01 21:41:00,2,68.40995553244879,96.20201505145587,36.91303775821948,0
2024-01-01 21:42:00,2,64.86293068121094,96.65154393860647,36.82751366754359,0
2024-01-01 21:43:00,2,70.07658901915791,96.48262592303983,36.865098287490945,0
2024-01-01 21:44:00,2,68.89520545665589,96.57123131777306,36.94496023950295,0
2024-01-01 21:45:00,2,71.41759257603513,96.75157899983124,36.77242251025485,0
2024-01-01 21:46:00,2,67.31687712806843,96.30247197359509,36.745481239200814,0
2024-01-01 21:47:00,2,68.31200741713822,96.34053573322558,36.889670300501464,0
2024-01-01 21:48:00,2,66.5738644467803,96.15776879298616,36.85305541818394,0
2024-01-01 21:49:00,2,67.61509868571098,96.43684786925144,36.783009006251966,0
2024-01-01 21:50:00,2,67.29658317010161,96.81462556925145,36.940559827083845,0
2024-01-01 21:51:00,2,71.68946366629002,96.52631553374805,36.77989566654986,0
2024-01-01 21:52:00,2,68.33806284945614,96.28433614724831,36.80413765286039,0
2024-01-01 21:53:00,2,70.0201085400675,96.4571876692296,36.802756914763286,0
2024-01-01 21:54:00,2,69.04750066307255,96.25874735639678,36.706983828485036,0
2024-01-01 21:55:00,2,67.30746620502767,96.33331259064818,36.808044565784975,0
2024-01-01 21:56:00,2,69.54726341056022,96.63817738707989,36.93983912097542,0
2024-01-01 21:57:00,2,71.11963597975466,96.32773625654751,36.844571299801785,0
2024-01-01 21:58:00,2,67.54357241315957,96.7871684624389,36.80312647977031,0
2024-01-01 21:59:00,2,71.61507476699781,96.55258142314456,36.78382339104004,0
2024-01-01 22:00:00,2,68.33526071508132,96.58612133731785,36.83310112061812,0
2024-01-01 22:01:00,2,69.10668274192993,96.51555758599541,36.87503969338856,0
2024-01-01 22:02:00,2,71.17205881619147,96.72806422794079,36.861069832190935,0
2024-01-01 22:03:00,2,68.82195544661366,96.73242164369331,36.767076673054824,0
2024-01-01 22:04:00,2,70.26220515834261,96.64512789260044,36.83289280024455,0
2024-01-01 22:05:00,2,69.59599321963817,96.69343437217027,36.848594342014664,0
2024-01-01 22:06:00,2,70.52252135652952,96.54045013852897,36.70010080981561,0
2024-01-01 22:07:00,2,65.54080789404985,96.69373200579591,36.817897479219205,0
2024-01-01 22:08:00,2,66.6815127987049,96.5201708067944,36.58523228526511,0
2024-01-01 22:09:00,2,71.61148959156266,96.5906790821563,36.84993837647531,0
2024-01-01 22:10:00,2,72.49268563001957,96.53782165243291,36.86807567004403,0
2024-01-01 22:11:00,2,68.63620400071694,96.50385539577739,36.877186302612486,0
2024-01-01 22:12:00,2,70.00806190153843,96.46005630782133,36.763351229641245,0
2024-01-01 22:13:00,2,71.12458417641317,96.69402691753444,36.83421864977344,0
2024-01-01 22:14:00,2,71.96069306122887,96.86525077533939,36.946201150232596,0
2024-01-01 22:15:00,2,66.55809987877275,96.8400209483629,36.945708193525206,0
2024-01-01 22:16:00,2,68.88065412197714,96.35718850964359,36.80197299524062,0
2024-01-01 22:17:00,2,70.02693893079203,96.86907306548983,36.819414742231814,0
2024-01-01 22:18:00,2,72.1378232898021,96.55036128057662,36.91719978349091,0
2024-01-01 22:19:00,2,75.76793044586753,96.73692954642004,36.656687625820766,0
2024-01-01 22:20:00,2,70.3546652325806,96.43835906350937,36.775152566779305,0
2024-01-01 22:21:00,2,68.03640883933592,96.65084630826814,36.94174253688189,0
2024-01-01 22:22:00,2,71.69466610822347,96.68807194949126,36.90646380790126,0
2024-01-01 22:23:00,2,73.57196607796885,96.33131191439213,36.8466611759207,0
2024-01-01 22:24:00,2,71.18592488106515,96.75282021677745,36.6599752483341,0
2024-01-01 22:25:00,2,69.19659852305173,96.90331582293791,36.806423661231634,0
2024-01-01 22:26:00,2,72.96595854202837,96.60218917134037,36.7533116986278,0
2024-01-01 22:27:00,2,72.41721224919517,96.91216999898154,36.84632788783922,0
2024-01-01 22:28:00,2,69.07818421889138,96.60524272957512,36.73324213598369,0
2024-01-01 22:29:00,2,71.93349581250119,96.81617060081987,36.712589155986805,0
2024-01-01 22:30:00,2,73.20554738967043,96.20563894437026,36.609691373896105,0
2024-01-01 22:31:00,2,73.61524025347373,97.13623447663062,36.93940631710335,0
2024-01-01 22:32:00,2,71.15907759775902,96.95472305489477,36.77832810535363,0
2024-01-01 22:33:00,2,70.61640272963314,96.60188505153677,36.83513021852052,0
2024-01-01 22:34:00,2,73.82776525958535,96.26759711265274,36.82033329737507,0
2024-01-01 22:35:00,2,68.99362174760162,96.72285113189463,36.714985973961795,0
2024-01-01 22:36:00,2,72.3318948418296,96.37971641736866,36.69702572257185,0
2024-01-01 22:37:00,2,68.75554410223714,96.76075358283563,36.723633929411136,0
2024-01-01 22:38:00,2,73.66727780999992,96.75740239745379,36.753111996656386,0
2024-01-01 22:39:00,2,71.0614281740176,96.49013977572977,36.863382817225634,0
2024-01-01 22:40:00,2,74.155744865988,96.90596949374165,36.74847350969627,0
2024-01-01 22:41:00,2,72.64252756375652,96.84627097674466,37.004046927252276,0
2024-01-01 22:42:00,2,69.25444893014961,96.88372466072795,36.93349482816581,0
2024-01-01 22:43:00,2,74.59139509129375,96.69375924142803,36.913026575362075,0
2024-01-01 22:44:00,2,74.88594250806139,96.41233408367663,36.82166441921667,0
2024-01-01 22:45:00,2,73.58939863205079,96.89448777362043,36.986526618327716,0
2024-01-01 22:46:00,2,70.3430841232159,96.64833642226506,36.814794511234105,0
2024-01-01 22:47:00,2,71.2957258958547,96.42797475045333,36.83499350004107,0
2024-01-01 22:48:00,2,72.24016114442408,96.97988115493179,36.856669438471506,0
2024-01-01 22:49:00,2,70.58349697754724,97.13291944397754,36.91143414116502,0
2024-01-01 22:50:00,2,75.41727935597245,96.70837485587643,36.906549736123125,0
2024-01-01 22:51:00,2,72.3629641631625,97.15205686453449,36.79698045423892,0
2024-01-01 22:52:00,2,66.70939591250007,96.74212506626723,36.79285434637376,0
2024-01-01 22:53:00,2,72.83663940101967,96.65142148484863,36.911831147682726,0
2024-01-01 22:54:00,2,71.50350293485302,96.60509229979787,36.92107775194242,0
2024-01-01 22:55:00,2,72.09190795478598,97.0622922970284,36.81195803662814,0
2024-01-01 22:56:00,2,71.54651825989058,96.58255908225136,36.69433891327855,0
2024-01-01 22:57:00,2,73.93989753436482,96.88937369884765,36.83411589458986,0
2024-01-01 22:58:00,2,74.60727895155728,96.63423869878953,36.91901477372922,0
2024-01-01 22:59:00,2,72.97615859326368,96.65778110676187,37.0390431624862,0
2024-01-01 23:00:00,2,71.77362814619323,96.95968246849769,36.74056924435938,0
2024-01-01 23:01:00,2,72.41182293549083,96.68143401879476,36.81959543705541,0
2024-01-01 23:02:00,2,72.57599117038356,96.68030966797667,36.82522336305998,0
2024-01-01 23:03:00,2,70.97427341074969,96.9916752446898,37.00167871723656,0
2024-01-01 23:04:00,2,73.7793784947619,97.08845723761777,36.86456147261399,0
2024-01-01 23:05:00,2,73.58403889824658,96.90179683104584,36.77930304551115,0
2024-01-01 23:06:00,2,75.78731431976402,96.64580332840563,36.92790760820315,0
2024-01-01 23:07:00,2,75.25965271741498,96.67855102124621,36.83359856246928,0
2024-01-01 23:08:00,2,71.42016755455734,96.8005879372726,36.75366963045825,0
2024-01-01 23:09:00,2,74.474720476439,96.85273948630636,36.78889822809613,0
2024-01-01 23:10:00,2,70.97486459140848,96.59494500614925,37.053667858308,0
2024-01-01 23:11:00,2,74.31132366907006,96.94110631286034,36.92079323380169,0
2024-01-01 23:12:00,2,71.92895884482363,96.81759744659594,36.89527714887355,0
2024-01-01 23:13:00,2,70.95844742170647,96.4613643868823,36.8616604190877,0
2024-01-01 23:14:00,2,73.6078492155776,96.62274693237948,36.918032775198604,0
2024-01-01 23:15:00,2,67.74146615513892,96.71174727368746,36.91902866087301,0
2024-01-01 23:16:00,2,69.63152754665873,96.80205654333139,36.922427826065494,0
2024-01-01 23:17:00,2,72.82140879722448,97.19855289677896,36.90691965243934,0
2024-01-01 23:18:00,2,73.38422473447432,96.87241412907623,36.98455711896863,0
2024-01-01 23:19:00,2,72.52368624563059,96.66072158228228,36.90224741831078,0
2024-01-01 23:20:00,2,70.14646690210066,96.87711126341371,36.80441996784816,0
2024-01-01 23:21:00,2,71.71260383759845,96.7666894318662,36.8432652084542,0
2024-01-01 23:22:00,2,74.17388568672884,96.90619293024933,36.708915659233455,0
2024-01-01 23:23:00,2,74.59814075061624,96.9615012276356,37.11182525975984,0
2024-01-01 23:24:00,2,73.44527099610323,97.09139201825529,36.9977606163535,0
2024-01-01 23:25:00,2,75.83455383766903,96.84885826185152,36.830834904296914,0
2024-01-01 23:26:00,2,74.35887756615881,97.18568849429532,36.88802904878429,0
2024-01-01 23:27:00,2,72.11239683075782,97.04369258585838,36.85491184255711,0
2024-01-01 23:28:00,2,73.08955520299493,96.72480232609514,37.07525413431878,0
2024-01-01 23:29:00,2,70.88810389367161,97.31247374658702,36.781425175121555,0
2024-01-01 23:30:00,2,73.52086002762356,96.94012376990948,36.93728711684943,0
2024-01-01 23:31:00,2,76.00466512366799,96.71193177372952,36.917426070814784,0
2024-01-01 23:32:00,2,75.19439318195698,97.21378032277237,37.01341436838052,0
2024-01-01 23:33:00,2,76.67120321572145,97.3030031748816,36.92279311824844,0
2024-01-01 23:34:00,2,73.30480722479194,96.88510113362715,36.759848151838575,0
2024-01-01 23:35:00,2,76.64619121979214,96.7952429212843,36.913043292627144,0
2024-01-01 23:36:00,2,73.61081703842075,96.86577270193216,36.84343550242659,0
2024-01-01 23:37:00,2,76.98404863112113,97.04747636607591,36.951116510165804,0
2024-01-01 23:38:00,2,74.04063623144114,97.16439095924476,37.089092843481275,0
2024-01-01 23:39:00,2,75.54230119117652,97.02721365547005,36.774258520951705,0
2024-01-01 23:40:00,2,77.12156851721522,96.93776401778813,36.870713565204575,0
2024-01-01 23:41:00,2,73.82800967481491,97.22133121452886,36.89800978963216,0
2024-01-01 23:42:00,2,49.695179019069926,91.86347701916945,37.91766723825343,0
2024-01-01 23:43:00,2,51.87967814500368,92.1365492746071,38.03240175575429,0
2024-01-01 23:44:00,2,49.07950852565891,91.8770792507341,37.943600728847514,0
2024-01-01 23:45:00,2,46.74730632521266,92.02522778586345,38.0051081238675,0
2024-01-01 23:46:00,2,53.71869268310033,91.92064671523606,37.90352948561754,0
2024-01-01 23:47:00,2,73.5367481449609,96.93652914500761,36.99168397872898,0
2024-01-01 23:48:00,2,74.83739766000747,96.87656661980662,37.04906143347257,0
2024-01-01 23:49:00,2,76.87551653492736,97.22536272841454,36.900646769188036,0
2024-01-01 23:50:00,2,73.39014134827941,96.81415803897715,37.05461207223135,0
2024-01-01 23:51:00,2,72.63502677910813,96.81705111421981,36.984317109488025,0
2024-01-01 23:52:00,2,75.20187730713349,97.39365325768027,37.08623301857473,0
2024-01-01 23:53:00,2,71.15189585201148,97.16938336661262,36.96415530863185,0
2024-01-01 23:54:00,2,74.20588742246284,96.50115242006265,37.02503476258659,0
2024-01-01 23:55:00,2,75.31543199509571,96.86948638243554,36.98546491830485,0
2024-01-01 23:56:00,2,74.32910929269904,96.6245045648794,36.98252135691077,0
2024-01-01 23:57:00,2,71.82577211713159,96.80112959464019,37.02065401577929,0
2024-01-01 23:58:00,2,78.14469249793744,96.36793076692834,37.05106100864948,0
2024-01-01 23:59:00,2,75.20707630789835,96.97260208446122,36.8750435088076,0
2024-01-01 00:00:00,3,73.66876989695429,96.89986895639085,36.97049549469165,0
2024-01-01 00:01:00,3,74.5415470780731,96.98668407239428,37.06838009393257,0
2024-01-01 00:02:00,3,78.60124234333269,97.38069761903527,36.85147042550184,0
2024-01-01 00:03:00,3,74.81258412369252,96.87120955957683,36.985552470956705,0
2024-01-01 00:04:00,3,72.48161195748419,97.22207037022692,37.065093094699044,0
2024-01-01 00:05:00,3,75.8117813533109,96.97896045455921,36.95086459780985,0
2024-01-01 00:06:00,3,77.88086380375597,96.85781923251943,37.074513409193536,0
2024-01-01 00:07:00,3,77.49887517233783,96.95379761701565,36.95829573788552,0
2024-01-01 00:08:00,3,76.47283372310321,97.14815847462488,36.959794955599094,0
2024-01-01 00:09:00,3,75.91813557847452,97.24211001935268,37.09794233162348,0
2024-01-01 00:10:00,3,70.90099218507312,97.08872926180517,37.16292776916058,0
2024-01-01 00:11:00,3,75.53144735197503,96.72836734632389,36.9576438677279,0
2024-01-01 00:12:00,3,75.88000345142828,97.17940674839417,36.91017242066891,0
2024-01-01 00:13:00,3,75.2475020775673,97.02821440488266,37.03016756243474,0
2024-01-01 00:14:00,3,77.02510888475375,96.84048025237297,37.08316230895223,0
2024-01-01 00:15:00,3,75.30248954093557,97.13458691366553,36.96697211648136,0
2024-01-01 00:16:00,3,74.96092229540332,97.29640249679571,37.20767968289799,0
2024-01-01 00:17:00,3,77.81959439932291,97.07529947581969,37.029485619002934,0
2024-01-01 00:18:00,3,74.95795764047132,97.26293767788987,36.9737841013247,0
2024-01-01 00:19:00,3,75.95796435568273,97.17505983079434,37.24243436916392,0
2024-01-01 00:20:00,3,77.66722411579579,97.18194466966798,37.17845318908612,0
2024-01-01 00:21:00,3,73.89431277116817,97.03008298155082,36.98158202755926,0
2024-01-01 00:22:00,3,73.72074886969591,97.2592092871931,37.163555526459,0
2024-01-01 00:23:00,3,78.71845481998501,97.28258807566317,36.993763862040986,0
2024-01-01 00:24:00,3,74.86058436186356,97.26256059468334,37.138602575077904,0
2024-01-01 00:25:00,3,77.47428715098226,97.04553646628419,37.24206340323115,0
2024-01-01 00:26:00,3,72.58217337243626,97.30956829605582,36.94592218441597,0
2024-01-01 00:27:00,3,71.17008380124763,97.19406518843562,37.015492479672844,0
2024-01-01 00:28:00,3,76.9479962314652,96.92657823319063,37.02013803588746,0
2024-01-01 00:29:00,3,76.00782068801466,97.04897667588855,37.100721328442305,0
2024-01-01 00:30:00,3,77.05342667524077,97.02341559171676,37.123920558381435,0
2024-01-01 00:31:00,3,80.0988582954015,96.73613038904011,37.0700905857996,0
2024-01-01 00:32:00,3,73.91800822150098,97.33859455668453,36.91321656646558,0
2024-01-01 00:33:00,3,76.51229226925251,97.76234095476124,36.96068539691327,0
2024-01-01 00:34:00,3,79.4340458955701,97.38795401939066,36.99780317309228,0
2024-01-01 00:35:00,3,74.33630254171156,97.18302597611333,37.144504512867044,0
2024-01-01 00:36:00,3,75.3959687190948,97.0514485636457,36.95134541746355,0
2024-01-01 00:37:00,3,73.07396255974274,96.97374196901156,37.00181417944068,0
2024-01-01 00:38:00,3,81.1273109964617,97.19302209440679,36.98212822715714,0
2024-01-01 00:39:00,3,72.28557948812853,97.36067620009972,37.13191660795921,0
2024-01-01 00:40:00,3,78.33484761933993,97.03620754929635,37.21323722522735,0
2024-01-01 00:41:00,3,74.14105887723501,97.6880721676618,37.11773812150445,0
2024-01-01 00:42:00,3,74.72182297042957,96.90250423577879,37.303915184178926,0
2024-01-01 00:43:00,3,78.99442917897724,97.22827155987105,37.12218390802264,0
2024-01-01 00:44:00,3,75.42437872396391,97.20148586128998,37.09958040460946,0
2024-01-01 00:45:00,3,78.25581661227135,97.19279305521059,37.03276490481016,0
2024-01-01 00:46:00,3,79.75510929923234,97.08172296894267,37.13364917909803,0
2024-01-01 00:47:00,3,77.43920672896088,97.21599849807141,37.032821261590264,0
2024-01-01 00:48:00,3,78.85911223123996,97.11354704670512,37.019729979186415,0
2024-01-01 00:49:00,3,77.28457503360794,97.46505969226531,37.01898018876236,0
2024-01-01 00:50:00,3,77.419888443136,97.53560134276056,37.09940169496344,0
2024-01-01 00:51:00,3,75.93862441858596,97.1376864655988,37.073881391932254,0
2024-01-01 00:52:00,3,56.10876571050822,86.89033314357928,38.39141097526835,1
2024-01-01 00:53:00,3,53.779257148019994,87.28677214121414,38.148899915368,1
2024-01-01 00:54:00,3,53.379656298379686,87.28346001161374,38.14925630604915,1
2024-01-01 00:55:00,3,53.91906831853976,87.25206468280344,38.076748706016566,1
2024-01-01 00:56:00,3,51.06628583928794,87.34147623894873,38.44044926941221,1
2024-01-01 00:57:00,3,79.32515183447659,97.51503681838805,37.04344150260741,0
2024-01-01 00:58:00,3,80.61726421787466,97.40915304801419,37.09037646382016,0
2024-01-01 00:59:00,3,74.78635423612958,97.35265453428362,37.23955603019699,0
2024-01-01 01:00:00,3,78.67307333433034,97.40094064966473,37.16173366198691,0
2024-01-01 01:01:00,3,77.75767674521707,97.30422369799818,37.01603421666862,0
2024-01-01 01:02:00,3,76.63582542609757,97.06859197447689,37.1478817334752,0
2024-01-01 01:03:00,3,75.52973102764764,97.55150342449625,37.21491074439567,0
2024-01-01 01:04:00,3,79.86207825895308,97.28564089833878,37.19990881131936,0
2024-01-01 01:05:00,3,78.21616159736227,97.07962815632095,37.21656432907328,0
2024-01-01 01:06:00,3,200.0,97.04689157121575,37.3707289369413,1
2024-01-01 01:07:00,3,78.96867222028486,97.09257804215504,37.18099929096595,0
2024-01-01 01:08:00,3,77.67072720525134,97.03322626228046,37.23507146377065,0
2024-01-01 01:09:00,3,76.55927034545981,97.41715240366185,36.91472327139439,0
2024-01-01 01:10:00,3,78.26698631968097,97.25193973424112,37.34530465295804,0
2024-01-01 01:11:00,3,77.99468136322373,97.44572766707162,37.16682795608644,0
2024-01-01 01:12:00,3,74.54387029239375,97.52796394489151,37.07507979499244,0
2024-01-01 01:13:00,3,76.87460695715977,97.479745681297,37.14388211118339,0
2024-01-01 01:14:00,3,75.64638435074549,97.42789136203032,37.23115364216114,0
2024-01-01 01:15:00,3,74.91374347448267,97.36206692697128,37.269844543125494,0
2024-01-01 01:16:00,3,79.19325911870597,97.26993968664215,37.15828464072575,0
2024-01-01 01:17:00,3,76.96157675006673,97.28671078128299,37.22936447261585,0
2024-01-01 01:18:00,3,80.42311053999279,97.43171666162581,37.14428043446723,0
2024-01-01 01:19:00,3,74.72422897261906,97.12596083262771,37.221117460373996,0
2024-01-01 01:20:00,3,77.82697292509361,97.31080264021234,37.19390510669531,0
2024-01-01 01:21:00,3,77.23162211596642,97.17634230807354,37.204653760165236,0
2024-01-01 01:22:00,3,75.34847329462724,97.56281354039095,37.14473813221013,0
2024-01-01 01:23:00,3,78.55543780437537,97.47490993859915,37.21743361728129,0
2024-01-01 01:24:00,3,75.60472815384074,97.76224543088159,37.095615972753734,0
2024-01-01 01:25:00,3,79.07221406382175,97.1864448305705,37.19890475576451,0
2024-01-01 01:26:00,3,80.10895589655513,97.2110950849361,37.11713762279522,0
2024-01-01 01:27:00,3,79.24313080427157,97.35586881420268,37.082328535346974,0
2024-01-01 01:28:00,3,79.5363068235958,97.20242938071907,37.112217871498835,0
2024-01-01 01:29:00,3,80.85145355579532,97.45817102314344,37.16301957603862,0
2024-01-01 01:30:00,3,78.7758286203134,97.34355568003501,37.131991307516756,0
2024-01-01 01:31:00,3,77.217598806947,97.25911243139446,37.22545182661106,0
2024-01-01 01:32:00,3,77.69197597748943,97.57738454010695,37.194745198441055,0
2024-01-01 01:33:00,3,77.77528111153522,96.99296353743503,37.289152806683006,0
2024-01-01 01:34:00,3,76.90342698355248,97.47429381399753,37.180139080068294,0
2024-01-01 01:35:00,3,80.59852596777856,97.25860672291743,37.20751021698608,0
2024-01-01 01:36:00,3,80.12383115847932,97.53511842200867,37.37685732590556,0
2024-01-01 01:37:00,3,75.77986357601743,97.58592382870118,37.147172696408454,0
2024-01-01 01:38:00,3,77.49698731082542,96.92227956709614,37.16329928163644,0
2024-01-01 01:39:00,3,77.00535260403703,97.33807339433035,37.31288870149582,0
2024-01-01 01:40:00,3,79.86362253308226,97.39485538220639,37.097549484454525,0
2024-01-01 01:41:00,3,81.42147612691672,96.91443987045984,37.32542875525594,0
2024-01-01 01:42:00,3,80.20427435619177,97.43431771023344,37.170827471770664,0
2024-01-01 01:43:00,3,77.94488046077278,97.28588784167644,37.11177955958251,0
2024-01-01 01:44:00,3,78.74858897320846,97.15305398272483,37.28619040421068,0
2024-01-01 01:45:00,3,76.64003962895194,97.26677259040551,37.17108160377759,0
2024-01-01 01:46:00,3,76.83252929582775,97.2348483759467,37.37911478426264,0
2024-01-01 01:47:00,3,81.1959808239687,97.28794986975984,37.20525985034912,0
2024-01-01 01:48:00,3,82.43104699848253,97.44172557454927,37.204956910892385,0
2024-01-01 01:49:00,3,78.15214012365941,97.60349890370672,37.139348383239906,0
2024-01-01 01:50:00,3,79.71668206079607,97.3942000523114,37.18363856480693,0
2024-01-01 01:51:00,3,81.10017109088146,97.63280525224324,37.17137294531566,0
2024-01-01 01:52:00,3,76.37002949122547,97.20551709880779,37.332063811041905,0
2024-01-01 01:53:00,3,77.63884143360691,97.44770978080707,37.22813994803634,0
2024-01-01 01:54:00,3,83.7618960932748,97.84084575864647,37.26995470683877,0
2024-01-01 01:55:00,3,77.8975115645503,97.103770025147,37.20943505863268,0
2024-01-01 01:56:00,3,79.12750362010905,97.09845878807431,37.15864163396153,0
2024-01-01 01:57:00,3,78.68343870903657,97.68249968043466,37.23695314327763,0
2024-01-01 01:58:00,3,75.93779069014444,97.47287284687008,37.359011647833015,0
2024-01-01 01:59:00,3,80.13074251897213,97.31069759513909,37.095146288598706,0
2024-01-01 02:00:00,3,79.95264756586721,97.20725979158827,37.24194800383717,0
2024-01-01 02:01:00,3,80.40261123059396,97.42816067803025,37.34963800297613,0
2024-01-01 02:02:00,3,79.9094195692765,97.46420489624737,37.11844825407677,0
2024-01-01 02:03:00,3,79.1964138611201,97.4672918521938,37.292038029289166,0
2024-01-01 02:04:00,3,79.1190588622426,97.21376070550048,37.292031056621376,0
2024-01-01 02:05:00,3,79.1906204708839,97.37629051837936,37.07012871582871,0
2024-01-01 02:06:00,3,78.25086339172788,97.33205999258635,37.310408997227114,0
2024-01-01 02:07:00,3,78.59780422826645,97.57692765190004,37.13972791083894,0
2024-01-01 02:08:00,3,78.35865633194216,97.23347714313844,37.23476489146052,0
2024-01-01 02:09:00,3,81.48627382555242,97.4666664542604,37.30100008787696,0
2024-01-01 02:10:00,3,80.98852532821654,97.980165625923,37.31826608165964,0
2024-01-01 02:11:00,3,80.46735273350515,97.2253991193393,37.04431098674296,0
2024-01-01 02:12:00,3,84.33427710808176,97.30748278290481,37.37636020837087,0
2024-01-01 02:13:00,3,78.63491381611762,97.43991820550279,37.33886291302647,0
2024-01-01 02:14:00,3,82.76031121960717,96.87196015169667,37.301799820601154,0
2024-01-01 02:15:00,3,80.03904510168829,97.17673076986536,37.23225678889872,0
2024-01-01 02:16:00,3,80.90967669760377,97.52588475912046,37.152008139534765,0
2024-01-01 02:17:00,3,81.97375499224795,97.43022684760773,37.086695121242535,0
2024-01-01 02:18:00,3,79.71243729117069,97.67788143761497,37.03203118699502,0
2024-01-01 02:19:00,3,78.59003447618889,97.4208585640541,37.258237379211025,0
2024-01-01 02:20:00,3,78.95568954040924,97.40476249826347,37.298262161971145,0
2024-01-01 02:21:00,3,76.56237519951814,97.3308891336283,37.18395912596949,0
2024-01-01 02:22:00,3,82.02412667990416,97.404330277124,37.14559296308653,0
2024-01-01 02:23:00,3,82.01149437225486,97.23198167000952,37.19791796221286,0
2024-01-01 02:24:00,3,84.04868553034757,97.44616982401777,37.126091360443084,0
2024-01-01 02:25:00,3,81.74649940676682,97.28273913885266,37.19146203483221,0
2024-01-01 02:26:00,3,82.26223545300822,97.23612853922428,37.11866290835967,0
2024-01-01 02:27:00,3,80.82372414497395,97.35164478417917,37.24874946561148,0
2024-01-01 02:28:00,3,81.95149205806793,97.57098491451656,37.31100637379401,0
2024-01-01 02:29:00,3,83.23572143895582,97.51038686876295,37.23651192757007,0
2024-01-01 02:30:00,3,81.45416649253012,97.6166017369434,37.17662475481626,0
2024-01-01 02:31:00,3,80.08332930099002,97.29954102928654,37.28256269716866,0
2024-01-01 02:32:00,3,80.71979351699215,97.48261993065647,37.18448707095386,0
2024-01-01 02:33:00,3,82.69830931676458,97.82665147241057,37.27724679516238,0
2024-01-01 02:34:00,3,80.2462733220438,97.76679280886758,37.11678186549045,0
2024-01-01 02:35:00,3,83.04103205898357,97.23332213509484,37.12857590499387,0
2024-01-01 02:36:00,3,85.11407501971276,97.2874911430255,37.07919079296587,0
2024-01-01 02:37:00,3,83.13366336550222,97.82955111798069,37.13031677333211,0
2024-01-01 02:38:00,3,82.85875002604205,97.58121486561198,37.27376573742214,0
2024-01-01 02:39:00,3,82.09336052656685,97.4535690670416,37.08718291143904,0
2024-01-01 02:40:00,3,79.8778528422321,97.43200555630247,36.94260334813989,0
2024-01-01 02:41:00,3,79.72980106378711,97.53871509482246,37.13027987464597,0
2024-01-01 02:42:00,3,79.7429701472825,97.54191947594074,37.05300093756923,0
2024-01-01 02:43:00,3,82.64080510834735,97.38794851864137,37.11854602927231,0
2024-01-01 02:44:00,3,80.78541671894311,97.46256289583962,37.37825837674659,0
2024-01-01 02:45:00,3,81.53923408317011,97.3821433189244,37.07723001511398,0
2024-01-01 02:46:00,3,82.46728232563778,97.53008226844985,37.22800738485078,0
2024-01-01 02:47:00,3,79.98175108458265,97.34932948225035,37.15513124564705,0
2024-01-01 02:48:00,3,80.6912432360735,97.24376462252488,37.19887162277248,0
2024-01-01 02:49:00,3,82.37322597072007,97.79282210575826,37.10914057655607,0
2024-01-01 02:50:00,3,81.1779939021514,97.48422689097275,37.274616831814484,0
2024-01-01 02:51:00,3,,,,1
2024-01-01 02:52:00,3,79.75848691965645,97.11236159012259,37.200695613154046,0
2024-01-01 02:53:00,3,81.48782673454484,97.20920454156095,37.16345631404324,0
2024-01-01 02:54:00,3,85.19171183881218,97.59270105675868,37.277471536499334,0
2024-01-01 02:55:00,3,81.0262576785675,97.48580045667177,37.20617300955435,0
2024-01-01 02:56:00,3,79.6563999545533,97.26817574093226,37.18550499111927,0
2024-01-01 02:57:00,3,83.89802028555073,97.72714149510895,37.21191023935784,0
2024-01-01 02:58:00,3,83.05965111247357,97.32595431005397,36.96885397956637,0
2024-01-01 02:59:00,3,82.46923771036317,97.7396955440078,37.16180900865877,0
2024-01-01 03:00:00,3,79.43764217612409,97.485912736193,37.13478723076461,0
2024-01-01 03:01:00,3,79.75248914018619,97.28598975785987,37.25618044527647,0
2024-01-01 03:02:00,3,79.0617337350938,97.36616620808057,37.0673276442996,0
2024-01-01 03:03:00,3,83.02995330996946,97.77424443492171,37.15562605574784,0
2024-01-01 03:04:00,3,84.23701040068478,97.44012622417777,37.32596121283279,0
2024-01-01 03:05:00,3,83.15805277703218,97.69396750216296,37.129044423220186,0
2024-01-01 03:06:00,3,86.15742958589944,97.77937294986882,36.99660472843542,0
2024-01-01 03:07:00,3,81.40378632429004,97.48294781260763,37.34502005149352,0
2024-01-01 03:08:00,3,81.67008468992529,97.45410334557218,37.05404339243552,0
2024-01-01 03:09:00,3,82.56023777046984,97.41741974828435,37.01957077660648,0
2024-01-01 03:10:00,3,81.91766749834102,97.568466331428,37.02144183957241,0
2024-01-01 03:11:00,3,83.40349585535913,97.79882826120166,37.192152762056544,0
2024-01-01 03:12:00,3,81.15610066660136,97.25179247630409,37.247052272216635,0
2024-01-01 03:13:00,3,79.67502060839557,97.54054981153051,37.2911824161545,0
2024-01-01 03:14:00,3,78.91477258377924,97.53137692871277,37.114522211135416,0
2024-01-01 03:15:00,3,83.48332056986584,97.13480748497535,37.012131524794114,0
2024-01-01 03:16:00,3,81.49917124891415,97.3175578263354,37.05163408290969,0
2024-01-01 03:17:00,3,80.24046573712259,97.35791106474693,37.10977802717651,0
2024-01-01 03:18:00,3,81.36983926162549,97.64655580170609,37.10207390475438,0
2024-01-01 03:19:00,3,86.54128586448911,97.68083303320398,37.23277712389573,0
2024-01-01 03:20:00,3,80.4425543465089,97.11722252747312,36.967923351112795,0
2024-01-01 03:21:00,3,84.14669714488186,97.61935643800226,36.98585741362222,0
2024-01-01 03:22:00,3,83.56232752489426,97.59268194944059,37.06412764573679,0
2024-01-01 03:23:00,3,85.43068513113953,97.6055165984545,37.12971631530804,0
2024-01-01 03:24:00,3,82.52916515260276,97.51949401168378,37.04620162877084,0
2024-01-01 03:25:00,3,79.68204526240102,97.67810105670408,37.0357147962936,0
2024-01-01 03:26:00,3,84.81505907290806,97.72134827986636,37.203138440458886,0
2024-01-01 03:27:00,3,82.35740895863317,97.15926491923003,37.13058509987019,0
2024-01-01 03:28:00,3,85.43291517904424,97.4752500374467,36.98252920391003,0
2024-01-01 03:29:00,3,84.54271172813189,97.43301700941693,37.02762844051441,0
2024-01-01 03:30:00,3,84.92914732922726,97.36824829527215,37.12786527670996,0
2024-01-01 03:31:00,3,87.70085443916176,97.39074224566666,36.94765256948488,0
2024-01-01 03:32:00,3,83.55421815453862,97.51780998961506,37.122386691905504,0
2024-01-01 03:33:00,3,85.9021109147936,97.21990428266987,37.034479910769434,0
2024-01-01 03:34:00,3,82.23273558462667,97.61208667063465,37.10267507146828,0
2024-01-01 03:35:00,3,84.14972199443913,97.40283761947347,37.07590382387843,0
2024-01-01 03:36:00,3,82.08947648803156,97.65025479445484,36.94969410979191,0
2024-01-01 03:37:00,3,84.07806201867555,97.34996640122486,36.99526919544444,0
2024-01-01 03:38:00,3,83.89460294842344,97.33772094622083,37.2011627792577,0
2024-01-01 03:39:00,3,79.04911319567695,97.28200599630549,37.291036692344186,0
2024-01-01 03:40:00,3,81.97188905820983,97.34674681493904,36.87665287577767,0
2024-01-01 03:41:00,3,83.68091857361932,97.3078150200312,37.15315317371713,0
2024-01-01 03:42:00,3,78.73028679779483,97.55349799399941,37.07585792330119,0
2024-01-01 03:43:00,3,83.07801242660139,97.67438200230058,37.25197201872282,0
2024-01-01 03:44:00,3,85.3111124913975,97.54091068070876,36.98533244664172,0
2024-01-01 03:45:00,3,85.91897749325229,97.44619378021824,37.12844488266694,0
2024-01-01 03:46:00,3,81.77774912238203,97.55736172500511,37.00577842359919,0
2024-01-01 03:47:00,3,86.09544586713092,97.45097121618925,37.16160313057941,0
2024-01-01 03:48:00,3,85.80670200656417,97.46220576812813,37.26200591565965,0
2024-01-01 03:49:00,3,79.11836308140676,97.39336445785135,37.04959267292834,0
2024-01-01 03:50:00,3,83.66924338160841,97.62017696977927,36.91179408079868,0
2024-01-01 03:51:00,3,83.91387219359908,96.93780434044406,37.16447735655551,0
2024-01-01 03:52:00,3,86.52179711302732,97.02251859159715,37.07703409456778,0
2024-01-01 03:53:00,3,84.08000775351655,97.65259638235695,37.055681436242935,0
2024-01-01 03:54:00,3,86.31756887457533,97.40587526570296,37.17359123743044,0
2024-01-01 03:55:00,3,81.99124976152872,97.62662270949275,36.898890325732,0
2024-01-01 03:56:00,3,80.37925790286272,97.31952166279544,36.93842020312168,0
2024-01-01 03:57:00,3,82.30205982233942,97.77391402890767,37.06684763457347,0
2024-01-01 03:58:00,3,86.77392894278178,97.40965579868154,36.930954686502126,0
2024-01-01 03:59:00,3,85.4938423616397,97.52469884416315,36.97058219675543,0
2024-01-01 04:00:00,3,88.30881324106777,97.34321913086684,37.12704013434254,0
2024-01-01 04:01:00,3,80.79895307781096,97.25101689504675,37.040239026797366,0
2024-01-01 04:02:00,3,85.7898119314224,97.0800195430049,36.87644174117223,0
2024-01-01 04:03:00,3,85.23829037258061,97.58307544198651,37.032509885510294,0
2024-01-01 04:04:00,3,83.1791480894998,97.50271503586686,37.11299685123777,0
2024-01-01 04:05:00,3,85.32269352310823,97.44003462078098,37.003628435500005,0
2024-01-01 04:06:00,3,84.07165752130389,97.19120539411205,37.07104190189523,0
2024-01-01 04:07:00,3,84.73306487567108,97.6996222695739,36.929551213226304,0
2024-01-01 04:08:00,3,85.19410364211895,97.43527233255101,37.0046334771895,0
2024-01-01 04:09:00,3,85.81360790467679,97.5522127451597,36.81836628262629,0
2024-01-01 04:10:00,3,84.04722939042276,97.40854331920052,37.036417119858726,0
2024-01-01 04:11:00,3,87.44832573571055,97.18873101693902,37.0068626874267,0
2024-01-01 04:12:00,3,83.4820809873176,97.60254616336954,36.839233794652685,0
2024-01-01 04:13:00,3,87.7007549523724,97.49162533136048,37.117764477241586,0
2024-01-01 04:14:00,3,81.6970896155299,97.36257178286769,37.020212060163686,0
2024-01-01 04:15:00,3,82.00202549951715,97.48293960283475,36.89125956810848,0
2024-01-01 04:16:00,3,82.13832004043341,97.55703570898396,37.023574967682556,0
2024-01-01 04:17:00,3,85.92408673670155,97.52285970583297,36.85696106581164,0
2024-01-01 04:18:00,3,82.41829495387208,97.04581494093784,36.868240877664846,0
2024-01-01 04:19:00,3,87.02814939063153,97.08727192294795,36.852389642396545,0
2024-01-01 04:20:00,3,83.01345942617063,97.52908481730488,36.8469692518455,0
2024-01-01 04:21:00,3,84.88331357160007,97.24046450963128,36.98901633454055,0
2024-01-01 04:22:00,3,85.38307935229527,97.1671105986663,36.95219251634547,0
2024-01-01 04:23:00,3,82.08940423441167,97.44836981311981,37.01505701936139,0
2024-01-01 04:24:00,3,81.3571606961767,97.15524751730352,36.655771400535166,0
2024-01-01 04:25:00,3,84.72211442916999,97.27226709259143,36.896101821946125,0
2024-01-01 04:26:00,3,83.61933066198608,97.53558027062809,36.89504216967729,0
2024-01-01 04:27:00,3,85.1880029325449,97.05930105813789,36.93558448908728,0
2024-01-01 04:28:00,3,81.5169045238155,97.08545217513885,36.930548605656234,0
2024-01-01 04:29:00,3,83.51164655727175,97.0338537606432,36.94824270894813,0
2024-01-01 04:30:00,3,83.8782499426027,97.18074104837447,36.931891187989635,0
2024-01-01 04:31:00,3,79.38357388804066,97.36641111207146,36.874718722785545,0
2024-01-01 04:32:00,3,86.26583952415041,97.2229778469054,36.8782462238203,0
2024-01-01 04:33:00,3,,,,1
2024-01-01 04:34:00,3,87.30554011856552,97.431453036397,36.96391244888836,0
2024-01-01 04:35:00,3,82.93743621540554,97.33341624336126,36.91960361314162,0
2024-01-01 04:36:00,3,83.29614665013897,97.5874246982761,36.83023629477833,0
2024-01-01 04:37:00,3,81.87050031140447,97.06451909476954,36.82261877075799,0
2024-01-01 04:38:00,3,86.66289609663903,97.50070717158091,36.955113630609134,0
2024-01-01 04:39:00,3,85.29316178638098,97.27682854308689,36.977572468888,0
2024-01-01 04:40:00,3,87.20009804031871,97.22967843092536,37.006660588118166,0
2024-01-01 04:41:00,3,83.99993795390775,97.43959544008102,36.84820975713081,0
2024-01-01 04:42:00,3,84.34583427964648,97.2314934991921,36.707294826733126,0
2024-01-01 04:43:00,3,81.07968937287947,97.34696600362541,36.931006493921906,0
2024-01-01 04:44:00,3,83.209897101177,97.2871695206582,36.81907604303065,0
2024-01-01 04:45:00,3,84.81307286617664,97.36498501919135,36.8781181704181,0
2024-01-01 04:46:00,3,85.26038634791045,97.19879839137168,36.9011133125429,0
2024-01-01 04:47:00,3,88.14758788535559,97.4820638677555,36.939509918315935,0
2024-01-01 04:48:00,3,80.81136577973004,96.88434990650838,36.971339343486925,0
2024-01-01 04:49:00,3,84.985535376717,97.41781613124657,36.99687769845284,0
2024-01-01 04:50:00,3,83.78733548041549,96.9078195171159,37.00976141596116,0
2024-01-01 04:51:00,3,84.70381949983737,97.13178585717544,36.886170524011995,0
2024-01-01 04:52:00,3,84.77106497209294,97.38333379508262,36.70485924188798,0
2024-01-01 04:53:00,3,84.19590113202804,96.87249329232321,36.81074876922899,0
2024-01-01 04:54:00,3,82.32450959732216,97.30486758922116,37.010516739140634,0
2024-01-01 04:55:00,3,81.96544338218361,96.99362579428188,36.88260375725939,0
2024-01-01 04:56:00,3,84.08526344178375,97.0703840886892,37.08361162909664,0
2024-01-01 04:57:00,3,81.78575795361971,97.0574662401245,36.82594502588664,0
2024-01-01 04:58:00,3,84.41290678675782,96.98807746655024,37.09322262882307,0
2024-01-01 04:59:00,3,84.14351509574492,96.9070655095308,36.85990193576929,0
2024-01-01 05:00:00,3,79.76153802923105,97.6634492924084,36.816217907752,0
2024-01-01 05:01:00,3,88.54000523877993,97.2089227096541,36.785191375207866,0
2024-01-01 05:02:00,3,84.8382804607018,96.99411900640898,36.92053286665867,0
2024-01-01 05:03:00,3,79.8197862687778,97.12534677384392,36.71145647065844,0
2024-01-01 05:04:00,3,85.19944900707397,97.24125369978849,36.79602595349779,0
2024-01-01 05:05:00,3,84.30883606788933,97.15431462779941,36.844008584441646,0
2024-01-01 05:06:00,3,82.0903296626159,96.97279978379348,36.621774163246876,0
2024-01-01 05:07:00,3,85.35452783525265,97.04241910535863,36.83613150043818,0
2024-01-01 05:08:00,3,82.86148953934229,97.45548907631334,37.01626843159097,0
2024-01-01 05:09:00,3,85.14155199950142,96.93386690498092,36.88578470283555,0
2024-01-01 05:10:00,3,83.36197089854043,96.81106267031657,36.775182063950744,0
2024-01-01 05:11:00,3,82.9631493440237,97.12889718648412,36.791623812474874,0
2024-01-01 05:12:00,3,84.75237086912517,96.8161604281152,36.87157815237758,0
2024-01-01 05:13:00,3,81.54819707353232,97.01654913538121,36.785268985211516,0
2024-01-01 05:14:00,3,84.63606635126872,96.94410135082269,36.88170784703621,0
2024-01-01 05:15:00,3,86.1242192721019,96.9418212048009,36.77949085132552,0
2024-01-01 05:16:00,3,87.35931718870049,97.20032050820637,36.72952419641117,0
2024-01-01 05:17:00,3,87.00342874409861,97.23376734757161,36.94862693456897,0
2024-01-01 05:18:00,3,87.54096271815884,97.01710312112233,36.90007437038409,0
2024-01-01 05:19:00,3,83.93269551308487,97.1553209197129,36.63897976006574,0
2024-01-01 05:20:00,3,82.8004863012641,96.99895383841674,36.792818745692934,0
2024-01-01 05:21:00,3,86.48791698029716,97.24615333703316,36.92951010604731,0
2024-01-01 05:22:00,3,83.83067610004986,96.86632785767571,36.80734373903477,0
2024-01-01 05:23:00,3,84.88405780121893,97.19077136779543,36.76467469664084,0
2024-01-01 05:24:00,3,86.37214951997883,97.20178997236718,36.796277448984426,0
2024-01-01 05:25:00,3,88.927304964419,97.6166085903594,36.83145646150473,0
2024-01-01 05:26:00,3,85.94921590932438,96.79435164681453,36.801264832429574,0
2024-01-01 05:27:00,3,85.30813773551347,97.67220878833932,36.809855434112215,0
2024-01-01 05:28:00,3,82.661838179804,97.28819929681664,36.80205503003882,0
2024-01-01 05:29:00,3,87.24871015088951,97.49812055497861,36.71864446445037,0
2024-01-01 05:30:00,3,85.73303544691655,97.30949576421597,36.71247921672705,0
2024-01-01 05:31:00,3,84.22702716252857,96.93551002216387,36.70502018204082,0
2024-01-01 05:32:00,3,84.02584662201673,97.25155192003278,36.82221825885645,0
2024-01-01 05:33:00,3,84.1181410633531,96.9826100756657,36.870429458368406,0
2024-01-01 05:34:00,3,85.02479033441297,97.09385956688897,36.71713941743738,0
2024-01-01 05:35:00,3,82.0236500930218,96.87229085962174,36.660406962888125,0
2024-01-01 05:36:00,3,87.38232435439743,96.96721954539917,36.72246877696313,0
2024-01-01 05:37:00,3,87.02005055247737,97.2780777328683,36.94905545078948,0
2024-01-01 05:38:00,3,84.61996235724312,97.18198954866031,36.77675142401788,0
2024-01-01 05:39:00,3,84.14968560584438,97.29495291737251,36.785933963282424,0
2024-01-01 05:40:00,3,84.91648480495091,96.80624622185923,36.72688436413352,0
2024-01-01 05:41:00,3,85.25962956679703,96.70741565249523,36.86317262141813,0
2024-01-01 05:42:00,3,84.36978821283711,97.29753596537809,36.79304813440403,0
2024-01-01 05:43:00,3,86.97143733637425,97.27841050273962,36.73213087710853,0
2024-01-01 05:44:00,3,82.12814634516812,97.11086096621798,36.7011502548122,0
2024-01-01 05:45:00,3,83.5553956184536,97.14807092739638,36.84150621797101,0
2024-01-01 05:46:00,3,86.53246695816097,97.23290084931558,36.829633794023835,0
2024-01-01 05:47:00,3,85.63306076871046,97.09186089400824,36.67895479076712,0
2024-01-01 05:48:00,3,83.62775953733228,97.15854814361983,36.92510249862488,0
2024-01-01 05:49:00,3,85.78992292651131,97.2098339509379,36.73779077344325,0
2024-01-01 05:50:00,3,83.40501861760997,97.02381764625767,36.579153584169845,0
2024-01-01 05:51:00,3,84.37247088334347,96.96904946354735,36.954175705743076,0
2024-01-01 05:52:00,3,87.08171296194709,97.110224034031,36.790775480946046,0
2024-01-01 05:53:00,3,86.86182420981375,97.4823786397448,36.84422833737729,0
2024-01-01 05:54:00,3,85.57332198854579,96.85555926556258,36.96779566104472,0
2024-01-01 05:55:00,3,82.89555122564488,96.93458620886749,36.70012487003083,0
2024-01-01 05:56:00,3,84.2433492178135,96.6650887647587,36.84817478858011,0
2024-01-01 05:57:00,3,85.19221039674473,97.09896700239638,36.91766258194027,0
2024-01-01 05:58:00,3,87.91055084383822,96.9016540660399,36.706601478106755,0
2024-01-01 05:59:00,3,81.43520751228466,96.72320827412142,36.94607533519246,0
2024-01-01 06:00:00,3,83.25570594837,96.98619031499013,36.65908510443672,0
2024-01-01 06:01:00,3,87.25705783884229,97.29346847724963,36.79049031546156,0
2024-01-01 06:02:00,3,87.71985157516879,96.91977113640264,36.69255317346048,0
2024-01-01 06:03:00,3,84.85956566892347,96.93370844343337,36.869765501544606,0
2024-01-01 06:04:00,3,88.07507971873454,97.27258863546598,36.703770417833404,0
2024-01-01 06:05:00,3,83.53063040279467,96.97608302333126,36.73874184395058,0
2024-01-01 06:06:00,3,81.97779777866405,96.73119576550549,36.712773340323274,0
2024-01-01 06:07:00,3,86.5754504340053,97.10616490607592,36.680707625631534,0
2024-01-01 06:08:00,3,87.5829224429602,97.188927381637,36.72447020616574,0
2024-01-01 06:09:00,3,87.54790322218582,96.9195800851143,36.796933167535244,0
2024-01-01 06:10:00,3,83.26309734547556,96.98140320167539,36.79177842562272,0
2024-01-01 06:11:00,3,85.3866975438394,96.68871991535431,36.78052038927839,0
2024-01-01 06:12:00,3,86.665334752103,96.77249664098585,36.735915024122605,0
2024-01-01 06:13:00,3,85.58522454699832,96.8756668805943,36.76740151314822,0
2024-01-01 06:14:00,3,87.8733626698689,96.9533260204845,36.64491556550539,0
2024-01-01 06:15:00,3,84.1677473868533,96.80966018387872,36.73407850683851,0
2024-01-01 06:16:00,3,84.83360710250524,96.85512876998214,36.78233768145708,0
2024-01-01 06:17:00,3,85.44402909746708,96.90020149021709,36.834519748944075,0
2024-01-01 06:18:00,3,86.6333757944797,96.72104579567605,36.82291398168818,0
2024-01-01 06:19:00,3,84.57577734985058,96.86258279667813,36.683526716294026,0
2024-01-01 06:20:00,3,86.81580441913918,97.14322940830405,36.849773646963314,0
2024-01-01 06:21:00,3,88.16623496086918,96.78854208235416,36.81992328291022,0
2024-01-01 06:22:00,3,83.91670282322967,96.72327255450038,36.95245129338744,0
2024-01-01 06:23:00,3,84.6191962006109,97.31620317975405,36.659763705395505,0
2024-01-01 06:24:00,3,86.87951430685945,96.94002601850954,36.79635805029553,0
2024-01-01 06:25:00,3,88.7943424523073,96.73607310288972,36.91397092143425,0
2024-01-01 06:26:00,3,86.20630536275615,97.01508446148463,36.782064693981745,0
2024-01-01 06:27:00,3,83.35682594051893,96.93335805433382,36.721261005292824,0
2024-01-01 06:28:00,3,85.32036540626851,96.76386057767759,36.73193194835822,0
2024-01-01 06:29:00,3,86.8389407548475,96.86387803231302,36.89298056578562,0
2024-01-01 06:30:00,3,83.28776100354933,96.81116071226933,36.66068797960226,0
2024-01-01 06:31:00,3,82.7502928289095,97.06325535396024,36.783200681835126,0
2024-01-01 06:32:00,3,84.21105342151624,96.99730762385673,36.72997519243673,0
2024-01-01 06:33:00,3,86.21406400732864,96.42826124107204,36.738578290672045,0
2024-01-01 06:34:00,3,82.14995723000489,97.23325387790693,36.86395278251832,0
2024-01-01 06:35:00,3,83.49562843522776,96.79084187716565,36.781415172865664,0
2024-01-01 06:36:00,3,85.42231767321556,97.18882260772233,36.84543033529684,0
2024-01-01 06:37:00,3,87.04905903545202,96.9834167867953,36.6991392028038,0
2024-01-01 06:38:00,3,85.44127850546708,96.88572132179678,36.90757309225078,0
2024-01-01 06:39:00,3,85.6028740807433,96.81312409195395,36.847124042173476,0
2024-01-01 06:40:00,3,86.85580758723478,97.37960615107582,36.95096072473435,0
2024-01-01 06:41:00,3,88.0327516927581,96.76942800993443,36.787797830224065,0
2024-01-01 06:42:00,3,87.80134420195552,96.68541235880208,36.87481150947513,0
2024-01-01 06:43:00,3,80.73949417716857,96.69935118441731,36.90958650052265,0
2024-01-01 06:44:00,3,85.01004287446615,96.81177329508628,36.87565683306979,0
2024-01-01 06:45:00,3,86.63048135579353,96.80738705406812,37.003895480839205,0
2024-01-01 06:46:00,3,88.1963587252502,97.00430661796798,36.66927242661777,0
2024-01-01 06:47:00,3,86.06990734583827,96.95114413532268,36.85456525271225,0
2024-01-01 06:48:00,3,83.06052378076397,96.9474002612632,36.798048574010174,0
2024-01-01 06:49:00,3,83.31564645769,96.74587791579118,36.792426573216055,0
2024-01-01 06:50:00,3,83.3621982317051,96.92286922468512,36.99113797215213,0
2024-01-01 06:51:00,3,85.36570299539673,96.9398796205357,36.78137941728373,0
2024-01-01 06:52:00,3,83.78123871226762,96.76382705828138,36.93032626134953,0
2024-01-01 06:53:00,3,78.64159035778282,96.8316211023136,36.74130480203677,0
2024-01-01 06:54:00,3,82.36418301231883,96.9278932406042,36.95036038984479,0
2024-01-01 06:55:00,3,83.82192382279781,96.8102433075545,36.84788575234632,0
2024-01-01 06:56:00,3,81.97493298217991,96.82546687917653,36.823602467716185,0
2024-01-01 06:57:00,3,82.26213003319721,97.04172923479277,36.699976073728884,0
2024-01-01 06:58:00,3,88.78023643305293,96.80029013265319,36.82738138964533,0
2024-01-01 06:59:00,3,84.64997310946218,96.63113682274539,36.788597208042695,0
2024-01-01 07:00:00,3,83.88372489898775,96.47976190893816,37.033886239056535,0
2024-01-01 07:01:00,3,85.97919450210495,96.767761922732,36.86615814187741,0
2024-01-01 07:02:00,3,86.92501594805128,96.67509156355304,36.803237363913254,0
2024-01-01 07:03:00,3,89.10229423668049,96.89932075394228,36.80092129733084,0
2024-01-01 07:04:00,3,88.01981132301178,97.04949057247957,36.7307586147827,0
2024-01-01 07:05:00,3,85.46650212827927,96.5243232019109,37.020941063195245,0
2024-01-01 07:06:00,3,81.51890488554461,96.54942862171713,36.99632862163442,0
2024-01-01 07:07:00,3,82.56700941145876,96.71812094184986,36.8660185246407,0
2024-01-01 07:08:00,3,83.75552827900437,96.55934221037846,37.092676551771746,0
2024-01-01 07:09:00,3,85.5594603332924,96.67132062337201,36.87548503980451,0
2024-01-01 07:10:00,3,84.72187371538175,96.60491006932178,36.98851260140776,0
2024-01-01 07:11:00,3,81.57391219383415,96.50703001036229,36.937580416457074,0
2024-01-01 07:12:00,3,81.20300711539929,96.87022572325756,36.825629902784385,0
2024-01-01 07:13:00,3,85.01088753578883,96.71659062727372,36.9034510777255,0
2024-01-01 07:14:00,3,84.71913380533685,97.06411629656905,36.924642752139064,0
2024-01-01 07:15:00,3,84.04529952702168,96.76637523843335,36.75911811078008,0
2024-01-01 07:16:00,3,85.41672547642136,96.94883502931815,36.92053585344859,0
2024-01-01 07:17:00,3,86.93013821505673,96.54194744434584,37.00804477940727,0
2024-01-01 07:18:00,3,85.04211118413065,96.5360673613217,36.82702753779524,0
2024-01-01 07:19:00,3,82.52395298854557,97.12510900541858,36.87738642970966,0
2024-01-01 07:20:00,3,88.22279400726255,96.55580212559288,36.7897336930831,0
2024-01-01 07:21:00,3,84.02465974294712,96.48443041609859,36.85469677096464,0
2024-01-01 07:22:00,3,84.4620151682723,96.4367109532343,36.864755366775725,0
2024-01-01 07:23:00,3,83.03926853281183,97.05083524285351,37.06540736005874,0
2024-01-01 07:24:00,3,82.18214402628308,96.60949601230281,36.87820338520273,0
2024-01-01 07:25:00,3,82.32919103538099,96.74188971664852,36.859236963241585,0
2024-01-01 07:26:00,3,81.87362227313484,96.68829246086078,36.90523520189709,0
2024-01-01 07:27:00,3,78.26318234185332,96.51015890347462,36.746238671157194,0
2024-01-01 07:28:00,3,83.95422180439418,96.5924343315682,36.68352654794655,0
2024-01-01 07:29:00,3,86.4549390488863,96.81771238479551,36.78359089644965,0
2024-01-01 07:30:00,3,82.26494019738038,96.4003115460887,36.95663062024637,0
2024-01-01 07:31:00,3,89.3356885312971,96.77725125239354,36.92638354185884,0
2024-01-01 07:32:00,3,86.97244033821941,96.92618692081878,37.016005237339215,0
2024-01-01 07:33:00,3,84.14603363373185,96.69484374038919,36.77951328086936,0
2024-01-01 07:34:00,3,81.9429391739981,96.90006573416959,36.91361146819754,0
2024-01-01 07:35:00,3,80.95335383666233,96.35614798768634,36.77731430771397,0
2024-01-01 07:36:00,3,83.90245463235048,96.26149532568692,36.965718185130065,0
2024-01-01 07:37:00,3,84.24816159961706,96.67313424679435,36.80369637774089,0
2024-01-01 07:38:00,3,83.68507068183705,96.50446655999036,36.919659524874,0
2024-01-01 07:39:00,3,86.21424238043328,96.79464759758471,36.96715578299074,0
2024-01-01 07:40:00,3,87.05133853558743,96.5539939085568,36.909925092069265,0
2024-01-01 07:41:00,3,84.98392765418603,96.64273855650725,36.72538763933424,0
2024-01-01 07:42:00,3,85.07274502477723,96.62674371361976,37.12036191128968,0
2024-01-01 07:43:00,3,83.36976379807928,96.63040031306689,36.90694488724414,0
2024-01-01 07:44:00,3,83.97192781460086,96.49660088988709,36.79829301510454,0
2024-01-01 07:45:00,3,84.78574927623308,96.3295369471738,37.03793160830853,0
2024-01-01 07:46:00,3,83.30955357858858,96.55599516640888,37.044243797451244,0
2024-01-01 07:47:00,3,85.24510128130218,96.88723923480977,36.936749660367454,0
2024-01-01 07:48:00,3,81.79126241980252,96.47289336883341,37.12317916718188,0
2024-01-01 07:49:00,3,82.41924644260143,96.46924875230444,36.89807656901962,0
2024-01-01 07:50:00,3,81.76969261637674,96.6211377071212,36.99230761899762,0
2024-01-01 07:51:00,3,82.5059733937379,96.35170916609161,37.028423855220005,0
2024-01-01 07:52:00,3,83.24817938753735,96.78538023268595,37.13134833167199,0
2024-01-01 07:53:00,3,85.86029212198153,96.36592011198593,36.788225831233305,0
2024-01-01 07:54:00,3,83.86416841053526,96.52202421938536,37.21434857865211,0
2024-01-01 07:55:00,3,81.19171536525357,97.08531383475861,37.10516908778708,0
2024-01-01 07:56:00,3,80.93526966058882,96.34670002754261,37.03534331061705,0
2024-01-01 07:57:00,3,82.88588869056186,96.86740012753991,36.91305002686058,0
2024-01-01 07:58:00,3,85.36521275497847,96.59492129511135,36.90726711665561,0
2024-01-01 07:59:00,3,86.48072573391983,96.62091370728011,37.027036612915126,0
2024-01-01 08:00:00,3,80.47143761499358,96.40438916133334,37.05025326803424,0
2024-01-01 08:01:00,3,84.37570333326742,96.7238559348271,37.03997970666963,0
2024-01-01 08:02:00,3,82.80511972660622,96.48879849597579,37.02208722032393,0
2024-01-01 08:03:00,3,82.9381251966919,96.33033747810018,37.05192621245774,0
2024-01-01 08:04:00,3,81.43562142256062,96.84897119954412,36.79278416916894,0
2024-01-01 08:05:00,3,83.10135382440521,96.47864767079416,36.98735053271763,0
2024-01-01 08:06:00,3,81.30033369490278,96.1819529635837,36.878249944562576,0
2024-01-01 08:07:00,3,82.96404065395615,96.49813450127922,37.01512856700059,0
2024-01-01 08:08:00,3,85.76914610076918,96.71157018640884,37.15243501537925,0
2024-01-01 08:09:00,3,84.71183183931372,96.67774336737938,36.93352203322798,0
2024-01-01 08:10:00,3,87.25342531721962,96.41804436573132,36.95605985680636,0
2024-01-01 08:11:00,3,84.45504121130746,96.34890775874699,36.94463059136389,0
2024-01-01 08:12:00,3,83.72760735635985,96.26938707819713,36.9605799488025,0
2024-01-01 08:13:00,3,84.46044716015474,96.53632330053068,37.09015879436527,0
2024-01-01 08:14:00,3,81.77898505230937,96.56936351063494,37.11605014414109,0
2024-01-01 08:15:00,3,79.13429131685687,96.67928006925267,37.18682099064354,0
2024-01-01 08:16:00,3,84.87429857978323,96.50603992877544,36.9419516326916,0
2024-01-01 08:17:00,3,79.66674847412521,96.49850745974281,37.11341488892933,0
2024-01-01 08:18:00,3,85.47590169324577,96.47697215587496,37.132606495332126,0
2024-01-01 08:19:00,3,84.70946305173332,96.56167650447405,37.21543968797734,0
2024-01-01 08:20:00,3,81.4837727734089,96.50290442396498,36.959593138657205,0
2024-01-01 08:21:00,3,82.28545923276293,96.71599178643983,36.854806791172365,0
2024-01-01 08:22:00,3,83.10922931532522,96.58891633124207,37.029939583243575,0
2024-01-01 08:23:00,3,81.26247681864312,96.54695681621479,37.34105038951964,0
2024-01-01 08:24:00,3,84.16221820134811,96.51565522539067,36.953148524568945,0
2024-01-01 08:25:00,3,84.31272168709542,96.33431839510163,37.1138497021784,0
2024-01-01 08:26:00,3,80.14350996882864,96.52127078286696,36.84597557244864,0
2024-01-01 08:27:00,3,81.35711247871606,96.3908501325847,37.251572044652626,0
2024-01-01 08:28:00,3,82.90346186110206,96.58825706002995,36.88471519391119,0
2024-01-01 08:29:00,3,85.23182919191711,96.47600280775676,36.83585783702157,0
2024-01-01 08:30:00,3,84.22867991847852,96.84950207939532,37.08727999076753,0
2024-01-01 08:31:00,3,78.23556364795498,96.26315041508555,37.09163904234597,0
2024-01-01 08:32:00,3,82.28655165523894,95.89437523363313,37.22412634593685,0
2024-01-01 08:33:00,3,83.78887695227151,96.56698687318843,37.16952474283056,0
2024-01-01 08:34:00,3,81.21645025383508,96.38381742041662,36.88688769984503,0
2024-01-01 08:35:00,3,81.0342363291057,96.54372851155439,37.074110132708334,0
2024-01-01 08:36:00,3,81.26769432641703,96.26347572912914,37.02192461770777,0
2024-01-01 08:37:00,3,82.11804411950673,96.89151946690521,36.960449045903914,0
2024-01-01 08:38:00,3,80.74805875673215,96.43158689101884,37.139626149264814,0
2024-01-01 08:39:00,3,83.9982066461438,96.36649908225101,37.202845084365634,0
2024-01-01 08:40:00,3,80.92889688918554,96.8854232066915,37.02028859476945,0
2024-01-01 08:41:00,3,80.54979041098191,96.67466755367236,37.069787038758754,0
2024-01-01 08:42:00,3,81.79638684671987,96.78381282829544,37.07868964582978,0
2024-01-01 08:43:00,3,85.52312173125105,96.47082480226157,37.04141789083063,0
2024-01-01 08:44:00,3,83.58722210407241,96.51402929985356,37.06698768515442,0
2024-01-01 08:45:00,3,83.68562009324442,96.38472703833432,37.045734362568254,0
2024-01-01 08:46:00,3,83.05148188601356,96.36084059217836,37.126532023250164,0
2024-01-01 08:47:00,3,80.55596178646077,96.58268343061015,37.05756641549021,0
2024-01-01 08:48:00,3,81.1405944074332,96.42888378096399,37.16104207784881,0
2024-01-01 08:49:00,3,80.77139493528279,96.94631454683595,37.06142383171544,0
2024-01-01 08:50:00,3,84.54502670691551,96.67027023095334,37.187189906203116,0
2024-01-01 08:51:00,3,82.92295971650469,96.87806990465054,37.06340754464118,0
2024-01-01 08:52:00,3,78.96791460909623,96.05537200805215,37.18718841010619,0
2024-01-01 08:53:00,3,85.17793270893759,96.8799207453307,37.04377270955604,0
2024-01-01 08:54:00,3,81.57868557479442,96.02361383288522,37.21916307367413,0
2024-01-01 08:55:00,3,83.51916827075115,96.24822553095356,36.95479689270253,0
2024-01-01 08:56:00,3,84.28677442165235,96.14972110264112,37.13396457684425,0
2024-01-01 08:57:00,3,77.02751054758133,96.5487411924875,37.07976084003184,0
2024-01-01 08:58:00,3,83.03025635561892,96.49641093331972,37.13376112168513,0
2024-01-01 08:59:00,3,81.58518607430793,96.65899128612266,37.02165994631664,0
2024-01-01 09:00:00,3,77.21569629566433,96.48230982469467,37.12265463649159,0
2024-01-01 09:01:00,3,79.76343360181768,96.7450561029373,37.03301008555652,0
2024-01-01 09:02:00,3,81.08814420192067,96.31356888428625,37.12193483235087,0
2024-01-01 09:03:00,3,83.65740413215387,96.74984970946952,37.11441809281918,0
2024-01-01 09:04:00,3,81.58223276310336,96.49421673808274,37.18228166664404,0
2024-01-01 09:05:00,3,82.19942636589509,96.97172274047375,37.15760080114431,0
2024-01-01 09:06:00,3,81.15927047623201,96.67515601780471,37.34055468054646,0
2024-01-01 09:07:00,3,84.01554820935611,96.44030426817953,37.103409332098416,0
2024-01-01 09:08:00,3,82.84988403297412,96.49452204748572,37.142791816908144,0
2024-01-01 09:09:00,3,82.10148495099985,96.29985152733568,37.47611043524935,0
2024-01-01 09:10:00,3,79.45733107240127,96.57392280402512,37.13692262743055,0
2024-01-01 09:11:00,3,81.9509704255474,96.44162557603045,37.25617066994545,0
2024-01-01 09:12:00,3,87.24260177556977,96.64775045237371,37.220046632956475,0
2024-01-01 09:13:00,3,83.2368319747146,96.23580685322226,37.397384848939595,0
2024-01-01 09:14:00,3,80.1349243595063,96.43799988572931,37.02232945159647,0
2024-01-01 09:15:00,3,85.28571614359163,96.27259580560846,37.012394699316225,0
2024-01-01 09:16:00,3,79.9810700935736,96.28563512670463,37.05649492737843,0
2024-01-01 09:17:00,3,82.9434015561468,96.62695456227091,37.18696204444689,0
2024-01-01 09:18:00,3,81.38920574673557,96.73132460559853,37.07071603131306,0
2024-01-01 09:19:00,3,81.81255194238402,96.04063071889492,36.95905485543117,0
2024-01-01 09:20:00,3,81.8525186306961,96.88026872800847,37.08127647586419,0
2024-01-01 09:21:00,3,80.88616546669695,96.78950281293754,37.21185396532432,0
2024-01-01 09:22:00,3,80.56894436960984,96.24017926964886,37.0858894429898,0
2024-01-01 09:23:00,3,78.68015606363147,96.6757495540049,37.29171333466851,0
2024-01-01 09:24:00,3,,,,1
2024-01-01 09:25:00,3,81.91379205389099,96.4926055495221,37.18124120602541,0
2024-01-01 09:26:00,3,79.84627729345114,96.63361481384172,37.141865463648074,0
2024-01-01 09:27:00,3,79.35740899292107,96.61021843509818,37.200906101877685,0
2024-01-01 09:28:00,3,86.79768164222425,96.40067243429026,37.212012375475496,0
2024-01-01 09:29:00,3,86.08721264569942,96.40091458432491,37.34268404818753,0
2024-01-01 09:30:00,3,82.2355414794028,96.41384200017744,37.254154863600355,0
2024-01-01 09:31:00,3,82.48217246229913,96.7472158683008,37.14406771876314,0
2024-01-01 09:32:00,3,79.37945626345886,96.1474868775475,37.248372764995345,0
2024-01-01 09:33:00,3,78.59883375588845,96.48870367639256,37.26302136269967,0
2024-01-01 09:34:00,3,80.25355626324973,96.83686876530417,37.39337090460254,0
2024-01-01 09:35:00,3,80.89962017010183,96.66440941642617,37.17400636883736,0
2024-01-01 09:36:00,3,82.28986886162164,96.73520716409601,37.18224101220251,0
2024-01-01 09:37:00,3,77.16761562954274,96.49678449972014,37.32254257901767,0
2024-01-01 09:38:00,3,85.08724674010458,96.29510157223379,36.99220788763727,0
2024-01-01 09:39:00,3,81.2531551713328,96.5404057143749,37.172310508733275,0
2024-01-01 09:40:00,3,77.61995591112782,96.39297098779845,37.262888899097106,0
2024-01-01 09:41:00,3,81.00043339949808,96.97842107511946,37.2988249453487,0
2024-01-01 09:42:00,3,78.84460818527751,96.50220975231683,36.97378329054848,0
2024-01-01 09:43:00,3,78.66834811257559,96.66293380977893,37.06147304776252,0
2024-01-01 09:44:00,3,78.45243590613961,96.8775527389835,36.94657863846407,0
2024-01-01 09:45:00,3,80.02797280104325,96.31939211881252,37.28365581319714,0
2024-01-01 09:46:00,3,84.70997551211386,96.08449879313396,37.21728814011599,0
2024-01-01 09:47:00,3,80.65336926952689,96.64018534842754,37.339190637856284,0
2024-01-01 09:48:00,3,81.81920841742009,96.67962083512622,37.200618932437315,0
2024-01-01 09:49:00,3,82.27174403219978,96.4629435310434,37.42217960422011,0
2024-01-01 09:50:00,3,80.06838662399089,96.31635442030014,37.10412318749785,0
2024-01-01 09:51:00,3,77.99894090829653,96.61144556245168,37.16202328496596,0
2024-01-01 09:52:00,3,77.08647779776344,96.5466434401008,37.240297119726975,0
2024-01-01 09:53:00,3,79.47193627780844,96.61777830061665,37.127981425319625,0
2024-01-01 09:54:00,3,82.49749272128591,96.32872614603149,37.24118194731045,0
2024-01-01 09:55:00,3,82.04308452244561,96.62228965159258,37.188574391193406,0
2024-01-01 09:56:00,3,80.64764299617174,96.72328458073308,37.18288749270617,0
2024-01-01 09:57:00,3,80.87512259434338,96.26028046521388,37.187357209626164,0
2024-01-01 09:58:00,3,79.78610308002507,96.85565542308123,37.27049698900043,0
2024-01-01 09:59:00,3,79.05907778871881,96.61661795641199,37.16570512319296,0
2024-01-01 10:00:00,3,108.5078688485957,91.73808871710168,38.08800233490932,0
2024-01-01 10:01:00,3,107.0034347231069,91.31432706437431,38.20668246434919,0
2024-01-01 10:02:00,3,113.5025917483462,91.70887634105935,38.13650821299728,0
2024-01-01 10:03:00,3,110.2124933754518,91.24570975467574,38.09987855469873,0
2024-01-01 10:04:00,3,108.9471394037816,91.38729998610822,38.02656677109934,0
2024-01-01 10:05:00,3,83.43612933738875,96.63196626190631,37.29260999717174,0
2024-01-01 10:06:00,3,83.77939608417385,96.52647829091977,37.265543824474854,0
2024-01-01 10:07:00,3,85.20729222307986,96.58957520741441,37.33979819435716,0
2024-01-01 10:08:00,3,79.18177498552839,96.97199231027365,37.199063219063866,0
2024-01-01 10:09:00,3,79.85025659850511,96.59134850527079,37.30633559196842,0
2024-01-01 10:10:00,3,80.902983610853,96.73342802964106,37.103774283213845,0
2024-01-01 10:11:00,3,82.88663102571171,96.58066769721282,37.00695647526885,0
2024-01-01 10:12:00,3,79.64740912885098,96.57730809931108,37.122194841552044,0
2024-01-01 10:13:00,3,77.5176688345493,96.40352639589558,37.17632491681168,0
2024-01-01 10:14:00,3,77.93854966796026,96.67542989406904,37.23248991512917,0
2024-01-01 10:15:00,3,81.76101725920964,97.11155718666177,37.32402106557445,0
2024-01-01 10:16:00,3,80.60898627421952,96.62471991522571,37.227601481829375,0
2024-01-01 10:17:00,3,78.98177393503175,96.55646169679399,37.420557332118534,0
2024-01-01 10:18:00,3,78.81082970323641,96.8406371372548,37.20619044367984,0
2024-01-01 10:19:00,3,78.9029728612152,96.8199448457832,37.20363944845183,0
2024-01-01 10:20:00,3,81.68721500839135,96.70600037646084,37.226710416820204,0
2024-01-01 10:21:00,3,77.59158381934544,96.5593488523089,37.23007655425094,0
2024-01-01 10:22:00,3,76.70294078144677,96.85277072581206,37.227898333932124,0
2024-01-01 10:23:00,3,82.7235750677103,96.65096253536835,37.06743961394901,0
2024-01-01 10:24:00,3,79.10018302694127,96.81244837864861,37.27507670342202,0
2024-01-01 10:25:00,3,78.85145591210991,96.46878481265269,37.43958599913707,0
2024-01-01 10:26:00,3,80.31206056443472,96.5182783358392,37.09984667581205,0
2024-01-01 10:27:00,3,76.95214281291702,96.65800012339531,37.18311654648463,0
2024-01-01 10:28:00,3,80.39076781165937,96.39461403151289,37.049024510712556,0
2024-01-01 10:29:00,3,78.08405945287842,96.57073396557728,37.26052695604918,0
2024-01-01 10:30:00,3,81.0605237352487,96.39189216847116,37.25943031112272,0
2024-01-01 10:31:00,3,75.7013025667813,96.34196205846034,37.03289871982734,0
2024-01-01 10:32:00,3,79.62962340257275,97.1412504008448,37.05099319183786,0
2024-01-01 10:33:00,3,78.22527506080341,96.53542255930067,36.972977033979774,0
2024-01-01 10:34:00,3,77.23783247661004,96.55620271231373,37.33705544390761,0
2024-01-01 10:35:00,3,80.14911756852517,96.67967080142675,37.094988939800814,0
2024-01-01 10:36:00,3,78.26902514497515,96.45452281046201,37.1642519001211,0
2024-01-01 10:37:00,3,79.45686718799763,96.56980544207248,37.13978955149259,0
2024-01-01 10:38:00,3,81.01537083305273,97.04031478516778,37.27405141876106,0
2024-01-01 10:39:00,3,80.0259772581689,96.74837166678525,37.2399504577403,0
2024-01-01 10:40:00,3,76.24121703725528,96.87731154826383,37.23330206055661,0
2024-01-01 10:41:00,3,77.27737527649933,96.99818165187506,37.09007648441986,0
2024-01-01 10:42:00,3,79.23829488415468,96.72898492694073,37.23803797761194,0
2024-01-01 10:43:00,3,79.86624710752123,96.64602179317484,37.261362181011584,0
2024-01-01 10:44:00,3,77.45529936166096,96.40693948763897,37.23226282238067,0
2024-01-01 10:45:00,3,78.59157576420188,96.62059453206327,37.0367329123743,0
2024-01-01 10:46:00,3,78.53763898022163,96.66815960429723,37.05118234472787,0
2024-01-01 10:47:00,3,78.7747989598707,96.5427123186367,37.33635851623637,0
2024-01-01 10:48:00,3,75.71358232111031,97.01674432592755,37.35550223217867,0
2024-01-01 10:49:00,3,75.19983071666758,96.93171177088483,37.1525437940264,0
2024-01-01 10:50:00,3,73.46978110065376,96.91193692718848,37.150820881785286,0
2024-01-01 10:51:00,3,78.15768049743721,96.69518534548192,37.17206887842811,0
2024-01-01 10:52:00,3,75.17642485502503,96.51543835733597,37.2125803707918,0
2024-01-01 10:53:00,3,82.13644820321707,96.9912850810431,37.00875568611583,0
2024-01-01 10:54:00,3,79.12936608006804,96.79641800507781,37.17434765589948,0
2024-01-01 10:55:00,3,75.41548334726208,96.88764383258275,37.046504437397545,0
2024-01-01 10:56:00,3,80.00750898153126,96.86057879426455,37.14580358847894,0
2024-01-01 10:57:00,3,79.97022218244452,96.80257682441125,37.05766749300685,0
2024-01-01 10:58:00,3,80.09060058486023,97.14411637614681,37.07941987390391,0
2024-01-01 10:59:00,3,75.9948849998157,96.6164758254463,37.16057995989197,0
2024-01-01 11:00:00,3,79.00096339709476,96.6899492175336,37.0788393887355,0
2024-01-01 11:01:00,3,79.99796666052558,97.08376634885964,37.02880921716248,0
2024-01-01 11:02:00,3,80.62607557890504,96.77576545508502,37.282145723410395,0
2024-01-01 11:03:00,3,74.39455743592305,96.73800258046019,37.026417663796735,0
2024-01-01 11:04:00,3,76.96441016088038,96.7164423944963,36.9018802741488,0
2024-01-01 11:05:00,3,75.66924952458231,96.90677666352482,37.18783362635474,0
2024-01-01 11:06:00,3,81.04306100131835,96.72894896507641,37.09999788439815,0
2024-01-01 11:07:00,3,78.25442758440485,96.7104022264923,37.12401871517043,0
2024-01-01 11:08:00,3,79.01226564931169,96.9151998540767,37.14073559338638,0
2024-01-01 11:09:00,3,78.13989536517232,96.80522857804411,37.24992616459021,0
2024-01-01 11:10:00,3,77.89512873706695,96.5886444362591,37.30716279971262,0
2024-01-01 11:11:00,3,75.37531335476604,96.8009097812181,37.1440290232176,0
2024-01-01 11:12:00,3,76.16616270684034,97.07740113234786,36.99899306646327,0
2024-01-01 11:13:00,3,77.15946497902965,96.95555976213575,37.12902333708627,0
2024-01-01 11:14:00,3,75.67647708286697,97.11011322964886,37.17118678115827,0
2024-01-01 11:15:00,3,75.26448155107153,96.66429082688913,37.210454446959,0
2024-01-01 11:16:00,3,76.47661039991813,97.0286447323683,37.121623696905665,0
2024-01-01 11:17:00,3,75.63478074956402,96.68895750757831,37.049625115279134,0
2024-01-01 11:18:00,3,76.90177159209628,96.5762582287872,37.012767229051235,0
2024-01-01 11:19:00,3,75.87343086982742,96.66621351992634,37.089539627464724,0
2024-01-01 11:20:00,3,75.34645512814303,96.85721097241354,36.94882625944435,0
2024-01-01 11:21:00,3,74.81789215598032,97.04063477947837,37.13607948435982,0
2024-01-01 11:22:00,3,76.64226844771326,96.90125572767761,37.11207112488861,0
2024-01-01 11:23:00,3,78.36357820889386,96.81265665679105,37.10925605802774,0
2024-01-01 11:24:00,3,77.8455995667767,96.64102305548336,37.161450252754136,0
2024-01-01 11:25:00,3,73.44688145274675,96.99269557686554,37.232435413632196,0
2024-01-01 11:26:00,3,78.1770200980624,97.04852912749361,37.07793095606231,0
2024-01-01 11:27:00,3,77.70192560543022,96.91964760772966,37.09028858723968,0
2024-01-01 11:28:00,3,78.1456163559876,96.6537241247752,37.04323573381029,0
2024-01-01 11:29:00,3,78.49503006598866,97.03013699565963,37.13294664018715,0
2024-01-01 11:30:00,3,74.82920830535744,97.11806147454243,37.07461378199454,0
2024-01-01 11:31:00,3,75.64159647721199,97.18344297125698,37.18844834822902,0
2024-01-01 11:32:00,3,79.77879143400247,96.79353665873583,37.183901524586865,0
2024-01-01 11:33:00,3,79.61658472608248,96.97258256317076,37.099646686821174,0
2024-01-01 11:34:00,3,75.95794438917729,96.78266951788235,37.057608722151514,0
2024-01-01 11:35:00,3,77.2739407222722,96.70936628072418,37.035764550601414,0
2024-01-01 11:36:00,3,77.40549362284041,97.21475019777387,37.10863455196661,0
2024-01-01 11:37:00,3,79.49613962315334,97.01530136544457,37.106398772092156,0
2024-01-01 11:38:00,3,76.6279489176419,97.16522346110233,37.02822107052535,0
2024-01-01 11:39:00,3,73.46933424772959,96.66600204204603,37.08190736807299,0
2024-01-01 11:40:00,3,74.89839905356415,96.97295078995859,36.97311044755465,0
2024-01-01 11:41:00,3,82.07397088174316,97.02123316484266,37.09308647944854,0
2024-01-01 11:42:00,3,73.24612631649289,96.75745013699184,36.97642725294474,0
2024-01-01 11:43:00,3,75.8203837894077,97.22577186916706,37.1200947161074,0
2024-01-01 11:44:00,3,80.30333541808662,50.0,37.00865725188659,1
2024-01-01 11:45:00,3,74.03321215236306,97.02758395884382,37.20514372489301,0
2024-01-01 11:46:00,3,70.13531766921203,96.83113897409642,37.03909323353527,0
2024-01-01 11:47:00,3,70.45952894767755,96.70664738204809,37.05639802134243,0
2024-01-01 11:48:00,3,73.91349195272957,97.1324832934027,36.8901478459462,0
2024-01-01 11:49:00,3,71.93243721034652,97.03003169579713,37.168075705581515,0
2024-01-01 11:50:00,3,77.48901948688994,97.00601752685373,37.02103057065987,0
2024-01-01 11:51:00,3,75.90734321724547,96.9072863211795,37.19617288985005,0
2024-01-01 11:52:00,3,71.05974354471556,97.03764167133987,37.02444137598535,0
2024-01-01 11:53:00,3,72.09307321104578,97.22488141622101,36.9955955263843,0
2024-01-01 11:54:00,3,77.72040744640913,96.83923237007879,36.96324914529561,0
2024-01-01 11:55:00,3,75.58279145828767,97.09241098978488,37.07600061294725,0
2024-01-01 11:56:00,3,78.02007917655575,97.025218185881,37.06124181164067,0
2024-01-01 11:57:00,3,77.34717825191433,96.95220206407075,36.87314489953239,0
2024-01-01 11:58:00,3,72.76445345362009,96.66433932641775,36.94704042597547,0
2024-01-01 11:59:00,3,76.78576789060034,96.9954183265653,37.07355832158794,0
2024-01-01 12:00:00,3,76.10387037293019,97.13672087564525,36.93424252574713,0
2024-01-01 12:01:00,3,71.01106322990748,97.07134382949751,36.914366839963925,0
2024-01-01 12:02:00,3,72.16688662633436,96.72318022171187,37.0130760226093,0
2024-01-01 12:03:00,3,79.72252448908141,97.26469089381153,36.99954836596913,0
2024-01-01 12:04:00,3,72.94824617724251,97.34922757527185,36.94181893808959,0
2024-01-01 12:05:00,3,75.58291577243075,97.00210626229708,37.1623421223429,0
2024-01-01 12:06:00,3,74.33492350806115,97.4905813394685,36.96809072015696,0
2024-01-01 12:07:00,3,75.04002978304305,96.86681421834362,36.85388357719697,0
2024-01-01 12:08:00,3,74.37994886016176,96.78266015124696,36.815886400106514,0
2024-01-01 12:09:00,3,76.51568977352143,96.83846845010885,37.07742357253597,0
2024-01-01 12:10:00,3,76.41967497357946,97.09481026801265,36.86283933440525,0
2024-01-01 12:11:00,3,74.73392925489131,96.69445906319876,36.97303011948433,0
2024-01-01 12:12:00,3,72.64553043652268,96.99228854373868,36.88000071462075,0
2024-01-01 12:13:00,3,73.27330564623767,97.6457194160783,36.9546054093131,0
2024-01-01 12:14:00,3,71.2154619704594,96.76237821777973,36.99703939186366,0
2024-01-01 12:15:00,3,73.65487285889922,96.95805013259243,36.823117129452385,0
2024-01-01 12:16:00,3,70.74732405295964,96.86458216402319,36.91153868773756,0
2024-01-01 12:17:00,3,74.67432556819604,97.01915071157845,36.88719471292216,0
2024-01-01 12:18:00,3,74.78509889465917,97.01079522427541,36.85546948587702,0
2024-01-01 12:19:00,3,76.16009301274465,96.95082077907662,36.911900746310295,0
2024-01-01 12:20:00,3,71.66592036815068,97.05777198786588,36.884556925293374,0
2024-01-01 12:21:00,3,71.75822126006518,97.21996718313684,37.03171445408114,0
2024-01-01 12:22:00,3,77.06855237819958,97.37468124145111,36.87032618443218,0
2024-01-01 12:23:00,3,71.2382451941096,97.04500554066011,36.984484428292134,0
2024-01-01 12:24:00,3,78.03471456510279,97.10731846432188,36.978493402962805,0
2024-01-01 12:25:00,3,72.04108425714665,97.20307529618907,36.78431943474952,0
2024-01-01 12:26:00,3,72.01167944471398,96.86752272466337,36.88139086230812,0
2024-01-01 12:27:00,3,75.4877552856394,97.08839373988664,36.91849695299186,0
2024-01-01 12:28:00,3,74.85758104626383,97.02205430357606,36.95359880375513,0
2024-01-01 12:29:00,3,76.99855767626556,97.3177740687283,36.900987652277294,0
2024-01-01 12:30:00,3,69.88958629015757,97.48196992067464,37.02639591633995,0
2024-01-01 12:31:00,3,74.69620131241749,96.9803996437943,36.93027232921689,0
2024-01-01 12:32:00,3,73.49374534986961,97.39600715959976,36.96195619404471,0
2024-01-01 12:33:00,3,71.3890253150915,96.85252091103597,36.855808575889625,0
2024-01-01 12:34:00,3,77.26224396307762,97.1885054263762,36.95866965734355,0
2024-01-01 12:35:00,3,73.9268431388807,97.20453402643389,37.103951389618,0
2024-01-01 12:36:00,3,73.2873201240758,96.85990411856619,36.96063710097167,0
2024-01-01 12:37:00,3,74.27793584356571,96.99514204492134,37.015962037125696,0
2024-01-01 12:38:00,3,69.87015098916652,96.97981136139246,36.874203653497446,0
2024-01-01 12:39:00,3,70.7866155020349,96.90679123436334,36.99349789616893,0
2024-01-01 12:40:00,3,72.57558598749658,96.63993015466123,36.99996182636566,0
2024-01-01 12:41:00,3,73.83066594984716,97.13581329735436,36.921098857638526,0
2024-01-01 12:42:00,3,75.70419997316961,97.1639843522674,36.8868456829993,0
2024-01-01 12:43:00,3,71.34219259579154,97.16647612806003,36.74259696543257,0
2024-01-01 12:44:00,3,70.8425922300756,97.34259040817513,36.88667067001141,0
2024-01-01 12:45:00,3,74.0292042293635,96.80591644072396,36.94425378117113,0
2024-01-01 12:46:00,3,72.71176972924191,97.12129144347075,36.8090487174919,0
2024-01-01 12:47:00,3,69.09826965135265,97.71350074921558,36.7564259339694,0
2024-01-01 12:48:00,3,71.06135945654812,97.38284468490151,36.89151060958117,0
2024-01-01 12:49:00,3,72.49190645825061,97.38795889953555,36.90228361227093,0
2024-01-01 12:50:00,3,72.50440832680808,97.01010396285696,36.74240219905507,0
2024-01-01 12:51:00,3,72.94994650511927,97.17818248833937,36.87915987604595,0
2024-01-01 12:52:00,3,70.12704796321074,96.76131497518496,36.90204028016181,0
2024-01-01 12:53:00,3,72.42315803782787,97.3422905311668,37.00316449452499,0
2024-01-01 12:54:00,3,74.53688886034918,97.50914367280187,36.82139093974638,0
2024-01-01 12:55:00,3,66.82505302386619,96.94299665675554,37.07571622347197,0
2024-01-01 12:56:00,3,71.99317691086576,97.00503386838919,36.87051658058749,0
2024-01-01 12:57:00,3,69.19169724517981,97.23424162131562,36.74301095356128,0
2024-01-01 12:58:00,3,72.40890453397041,97.27512417186763,36.8282872706143,0
2024-01-01 12:59:00,3,69.42157548847875,97.13991977628872,36.74814560725723,0
2024-01-01 13:00:00,3,72.6571206789808,97.08897152425918,36.84085499195027,0
2024-01-01 13:01:00,3,75.6001204924574,97.094875334512,36.9025983968669,0
2024-01-01 13:02:00,3,70.34585617882121,97.24974238769722,36.88076833610667,0
2024-01-01 13:03:00,3,70.59387063703315,97.38049811134513,36.73915973964688,0
2024-01-01 13:04:00,3,71.28108007564983,97.2571121930139,36.724971107878034,0
2024-01-01 13:05:00,3,72.81623033532341,97.24168229334049,36.89063313168978,0
2024-01-01 13:06:00,3,70.09891052596095,96.92246436654585,36.91140390144874,0
2024-01-01 13:07:00,3,71.33477237976935,97.4513670076075,36.796426983065864,0
2024-01-01 13:08:00,3,70.71446120262229,97.27129609086694,36.58990538402027,0
2024-01-01 13:09:00,3,71.07868988275072,97.1978462613095,36.726212092289735,0
2024-01-01 13:10:00,3,72.63092766699903,97.33977480976681,36.939088525805204,0
2024-01-01 13:11:00,3,73.03065059649404,97.12353878455575,36.76503932876284,0
2024-01-01 13:12:00,3,68.93339811660752,97.21266022381633,36.8026306669583,0
2024-01-01 13:13:00,3,72.49855142789225,97.32085837165062,36.89117725403677,0
2024-01-01 13:14:00,3,78.09565436830287,97.16711583984751,36.803733873582196,0
2024-01-01 13:15:00,3,74.85123827182862,96.97715454479864,36.97264916717971,0
2024-01-01 13:16:00,3,70.43779145748633,96.94803466883324,36.79413790564308,0
2024-01-01 13:17:00,3,71.94409486681016,97.40229153455284,36.74401980216683,0
2024-01-01 13:18:00,3,71.57197568203233,97.31031519743581,36.94694511669416,0
2024-01-01 13:19:00,3,72.51695013058782,97.30661085394831,36.832160641251804,0
2024-01-01 13:20:00,3,70.71258486044115,97.09088770465358,36.718232001245845,0
2024-01-01 13:21:00,3,,,,1
2024-01-01 13:22:00,3,70.01351050635508,97.24977002490841,36.7941123268892,0
2024-01-01 13:23:00,3,73.62520816635055,97.21311730740072,36.70774058402615,0
2024-01-01 13:24:00,3,72.01551401772575,97.32136286746905,36.83065097921552,0
2024-01-01 13:25:00,3,71.98999302407447,97.39887688860728,36.80417286331447,0
2024-01-01 13:26:00,3,73.74901808838504,97.69276308530297,36.65011462514999,0
2024-01-01 13:27:00,3,73.73805536308959,97.45900679779211,36.71182919436754,0
2024-01-01 13:28:00,3,73.32022529528214,97.52059993491675,37.003232510297714,0
2024-01-01 13:29:00,3,73.59714950234346,97.57313105534134,36.82379670218788,0
2024-01-01 13:30:00,3,74.27582224795557,97.20248130077532,36.94933222253076,0
2024-01-01 13:31:00,3,69.17698590876947,97.29416760119,36.84457822516627,0
2024-01-01 13:32:00,3,70.47268034392398,97.180393772538,36.93647320037506,0
2024-01-01 13:33:00,3,72.44782034058086,97.22801530206395,36.86742978944821,0
2024-01-01 13:34:00,3,69.21882741631514,97.28170721455844,36.71634963527445,0
2024-01-01 13:35:00,3,70.2234171081176,97.22917264529904,36.87082508267171,0
2024-01-01 13:36:00,3,71.2988769217369,97.41804395639316,36.714057470943054,0
2024-01-01 13:37:00,3,70.40996594749544,97.4626833923247,36.90149742006448,0
2024-01-01 13:38:00,3,70.96254778711649,97.11774885183404,36.8295910994369,0
2024-01-01 13:39:00,3,68.50007960761604,97.31939473272807,36.80898709945081,0
2024-01-01 13:40:00,3,70.67578664628977,97.32438937905353,36.76258099349659,0
2024-01-01 13:41:00,3,70.97985820595251,97.09290970896046,36.88563588892011,0
2024-01-01 13:42:00,3,73.9024145750967,97.23690761971854,36.78941707578132,0
2024-01-01 13:43:00,3,70.09582523032479,97.56754314567377,36.613617039274224,0
2024-01-01 13:44:00,3,69.29331809805713,97.56765419897144,36.63263915304812,0
2024-01-01 13:45:00,3,71.98057928940786,97.07235658190041,36.67662842075286,0
2024-01-01 13:46:00,3,64.16612357511434,97.49524584019098,36.881498738055214,0
2024-01-01 13:47:00,3,69.84194031617324,97.10935748465495,36.88866462808871,0
2024-01-01 13:48:00,3,69.41031231735873,97.3256826382152,36.83473205809887,0
2024-01-01 13:49:00,3,70.92077154775002,97.38904845459598,36.83329981480695,0
2024-01-01 13:50:00,3,72.852657455735,97.56156943229036,36.946133046382556,0
2024-01-01 13:51:00,3,73.42413251559849,97.37856746040114,36.835499125127335,0
2024-01-01 13:52:00,3,70.77691985544158,97.21315173952807,36.864754053989564,0
2024-01-01 13:53:00,3,67.1412013544625,97.18154336787633,36.79963133008641,0
2024-01-01 13:54:00,3,69.17783052151381,97.45430495728556,36.75439772413756,0
2024-01-01 13:55:00,3,69.35882983501916,97.29629079475995,36.77231112456425,0
2024-01-01 13:56:00,3,70.86417941076714,97.34362316836125,37.00527715077084,0
2024-01-01 13:57:00,3,70.20415296522489,97.62173357531134,36.691428346091584,0
2024-01-01 13:58:00,3,68.67706853261674,97.51686639610905,36.83146559481557,0
2024-01-01 13:59:00,3,67.5124671098636,97.749479348799,36.648464093128645,0
2024-01-01 14:00:00,3,68.24080442441903,97.23064111429618,36.73895418361635,0
2024-01-01 14:01:00,3,68.1295544319524,97.29458960409907,36.87742562259356,0
2024-01-01 14:02:00,3,73.14578862584615,97.47527938286493,36.619118305495725,0
2024-01-01 14:03:00,3,68.32580104726722,97.8043819942127,36.89069420893508,0
2024-01-01 14:04:00,3,69.94797188908618,97.28369638849915,37.00511470145526,0
2024-01-01 14:05:00,3,71.72726272217318,97.4523648105652,36.83705070735368,0
2024-01-01 14:06:00,3,70.14295592772321,97.7109080041014,36.926934605163886,0
2024-01-01 14:07:00,3,67.54403355351378,97.45859143047201,36.82578973272846,0
2024-01-01 14:08:00,3,71.64918911041939,97.65451902958975,36.87237168684366,0
2024-01-01 14:09:00,3,70.35047495829748,97.84389281800837,36.84695040394125,0
2024-01-01 14:10:00,3,65.2343090597546,97.51326187601573,36.750913220277944,0
2024-01-01 14:11:00,3,72.06001406642831,97.54774076879079,36.742329549767824,0
2024-01-01 14:12:00,3,71.27872081396804,97.60640641403111,36.92085645010792,0
2024-01-01 14:13:00,3,70.172456842255,97.27868094625889,36.798936142886724,0
2024-01-01 14:14:00,3,72.72858224670951,97.1649447002794,36.789460874406,0
2024-01-01 14:15:00,3,71.12369572653655,97.49461614636536,36.78790363764538,0
2024-01-01 14:16:00,3,71.64245531148367,97.33953211327714,36.83534087207757,0
2024-01-01 14:17:00,3,71.4232932699721,97.67670652655443,36.68672950964004,0
2024-01-01 14:18:00,3,70.82860417268768,97.53057565950009,36.78768197799031,0
2024-01-01 14:19:00,3,65.6968849955008,97.67640418503674,36.83760034665777,0
2024-01-01 14:20:00,3,65.89995974617102,97.23040201706966,36.67931712851932,0
2024-01-01 14:21:00,3,70.90892856137215,97.67249307851975,36.82886321752665,0
2024-01-01 14:22:00,3,71.6350128464745,97.01385212088086,36.71892469643282,0
2024-01-01 14:23:00,3,67.72593946231412,97.2510636180984,36.84071122872944,0
2024-01-01 14:24:00,3,66.87344725091525,97.60277898162381,37.02613150323179,0
2024-01-01 14:25:00,3,69.59107235814969,97.37712833224634,36.799039336384205,0
2024-01-01 14:26:00,3,66.12657485305714,97.39765316389216,36.70414011388307,0
2024-01-01 14:27:00,3,68.65791476616714,97.50159674366591,36.8366218810323,0
2024-01-01 14:28:00,3,68.25063806684797,97.76574064880857,36.86127666254382,0
2024-01-01 14:29:00,3,68.47719330388662,97.09815880370205,36.72113743443286,0
2024-01-01 14:30:00,3,72.66034024066032,97.73338022686131,36.64398758373444,0
2024-01-01 14:31:00,3,67.58898324203032,97.7462203512846,36.723487102665096,0
2024-01-01 14:32:00,3,68.92938861805935,97.38490601093734,36.813106745623834,0
2024-01-01 14:33:00,3,66.16398167070355,97.34781913628753,36.77351067224859,0
2024-01-01 14:34:00,3,70.63488341849701,97.46418020179249,36.927922583612684,0
2024-01-01 14:35:00,3,68.3609246444627,97.34548103842896,36.87304651314863,0
2024-01-01 14:36:00,3,71.04279225779774,97.55857446558423,36.83272644773424,0
2024-01-01 14:37:00,3,63.73816198856205,97.58548803587416,36.64925508118053,0
2024-01-01 14:38:00,3,68.50243571787641,97.18053271089005,36.88804460930907,0
2024-01-01 14:39:00,3,68.8493958769366,97.308034943183,37.02420548739828,0
2024-01-01 14:40:00,3,70.37475278605142,97.25583240704273,36.913831597053026,0
2024-01-01 14:41:00,3,67.23439702129933,97.53651415997443,36.76317427114736,0
2024-01-01 14:42:00,3,70.05885615405755,97.66872189306291,36.81668063048857,0
2024-01-01 14:43:00,3,67.39727163445463,97.28020948976406,36.877625116332545,0
2024-01-01 14:44:00,3,68.60671799464353,97.66855518642386,36.97181334926962,0
2024-01-01 14:45:00,3,,,,1
2024-01-01 14:46:00,3,66.4941635596309,97.64031770725418,36.78954168859952,0
2024-01-01 14:47:00,3,69.80231117665052,97.44033691939292,36.83329169779387,0
2024-01-01 14:48:00,3,68.95851354868674,97.40919504674713,36.82608319578706,0
2024-01-01 14:49:00,3,67.58905466325832,97.72643933607458,36.9199581366539,0
2024-01-01 14:50:00,3,66.88781282182953,97.85586344199282,36.86854999027863,0
2024-01-01 14:51:00,3,63.99052054465268,97.1103134725074,36.7042276430945,0
2024-01-01 14:52:00,3,67.99972842653763,97.61885053387104,36.779918988879196,0
2024-01-01 14:53:00,3,67.46446945341982,97.5346922326213,36.78447583151962,0
2024-01-01 14:54:00,3,69.37507978015428,97.63102580115594,36.62748845974837,0
2024-01-01 14:55:00,3,69.14128726897059,97.21193227437234,36.94367428130623,0
2024-01-01 14:56:00,3,70.17413323010317,97.28291872171147,36.86570921767072,0
2024-01-01 14:57:00,3,70.21609728284827,97.36560651999464,36.80018019270979,0
2024-01-01 14:58:00,3,74.28258796790217,97.54257710929656,36.94631556491989,0
2024-01-01 14:59:00,3,68.96783964751388,97.35346656888501,36.8880186101857,0
2024-01-01 15:00:00,3,66.18872061678958,97.43538797489114,36.73112905882803,0
2024-01-01 15:01:00,3,69.53132503732154,97.66605524168388,36.92257999184125,0
2024-01-01 15:02:00,3,71.06016019858163,97.90963135940154,37.00082036234732,0
2024-01-01 15:03:00,3,68.76769610720527,97.65158954600298,36.85146111714902,0
2024-01-01 15:04:00,3,63.53900564787137,97.67147128277885,36.86069569142992,0
2024-01-01 15:05:00,3,68.86813197098896,97.46302668200607,36.880149197998264,0
2024-01-01 15:06:00,3,66.46762975328876,97.32104277557247,36.74957873615045,0
2024-01-01 15:07:00,3,65.05362222535409,97.4337003565171,36.8875271929404,0
2024-01-01 15:08:00,3,68.04108729266905,97.48700195844525,36.78627426136326,0
2024-01-01 15:09:00,3,64.5864633316235,97.26620727765884,36.87683158942457,0
2024-01-01 15:10:00,3,69.65490741120175,97.66087341432852,36.89615448074539,0
2024-01-01 15:11:00,3,69.0410323602307,97.8013158549153,36.93474613795251,0
2024-01-01 15:12:00,3,67.37673844397504,97.5214486701451,36.9405450537359,0
2024-01-01 15:13:00,3,66.4208641921728,97.71327971947939,36.79316221066607,0
2024-01-01 15:14:00,3,67.12390900020955,97.73761413117491,36.90685439058722,0
2024-01-01 15:15:00,3,65.44150713770486,97.28842261711058,36.98588301759819,0
2024-01-01 15:16:00,3,67.28062279268258,97.14717863882255,36.77713525634349,0
2024-01-01 15:17:00,3,,,,1
2024-01-01 15:18:00,3,67.555312031908,97.51257761623336,36.799685902147964,0
2024-01-01 15:19:00,3,67.57814005576833,97.25344887448927,37.06192611928142,0
2024-01-01 15:20:00,3,69.01195342949246,97.77635652012594,36.80596920220116,0
2024-01-01 15:21:00,3,67.89337755390186,97.88087118151535,36.898119068908,0
2024-01-01 15:22:00,3,69.220671154054,97.52611187099335,36.88675522949965,0
2024-01-01 15:23:00,3,68.33245852571115,97.2930372412922,36.771686016863185,0
2024-01-01 15:24:00,3,69.28398750090957,97.58574267942933,36.98052228340017,0
2024-01-01 15:25:00,3,72.42648023924411,97.2905452037744,36.98800813054511,0
2024-01-01 15:26:00,3,67.99650456563214,97.71516444420062,36.97739552831915,0
2024-01-01 15:27:00,3,67.49750827886413,97.4392347850424,36.89295473668992,0
2024-01-01 15:28:00,3,69.47669759152936,97.62991001770476,36.850022281523685,0
2024-01-01 15:29:00,3,66.13942706727681,97.66374029708746,37.03252256643128,0
2024-01-01 15:30:00,3,66.81095593809283,97.58981698510075,36.94637360325381,0
2024-01-01 15:31:00,3,67.86491368350903,97.83810929134285,36.851835687360925,0
2024-01-01 15:32:00,3,67.14149958250992,97.51549884667075,36.95136564942297,0
2024-01-01 15:33:00,3,67.10639403247966,97.37795964532377,36.76490127914904,0
2024-01-01 15:34:00,3,68.74417628272158,97.05687878592738,36.945621459821545,0
2024-01-01 15:35:00,3,63.5267124983107,97.01920603869672,37.00290261459465,0
2024-01-01 15:36:00,3,70.96009870346069,97.60505119247549,36.921877516157714,0
2024-01-01 15:37:00,3,67.83949350839563,97.43648385137807,37.013412521112286,0
2024-01-01 15:38:00,3,66.04183878136404,97.30874650328437,37.026157268557235,0
2024-01-01 15:39:00,3,70.0732907518678,97.24758165112915,36.97488962356369,0
2024-01-01 15:40:00,3,66.99923253635778,97.61705470274399,37.126696947048224,0
2024-01-01 15:41:00,3,67.0270974925419,97.270622221284,37.087826000464176,0
2024-01-01 15:42:00,3,66.31318679102739,97.79189118455466,37.017712327558186,0
2024-01-01 15:43:00,3,69.65343105088002,97.93435054826197,36.99304819961231,0
2024-01-01 15:44:00,3,66.67495002728586,97.28250470449603,36.934462017013196,0
2024-01-01 15:45:00,3,65.55258667713842,97.59480066670483,36.89795330173522,0
2024-01-01 15:46:00,3,68.64288999258973,97.54712838383546,37.04499505267664,0
2024-01-01 15:47:00,3,68.98733953414448,97.25984771790463,36.94791402454347,0
2024-01-01 15:48:00,3,69.81088987544082,97.25919839995807,36.86900863169413,0
2024-01-01 15:49:00,3,67.84127598825759,97.4292615626215,36.892795295224914,0
2024-01-01 15:50:00,3,68.84317619115131,97.22425110721609,36.908590286645904,0
2024-01-01 15:51:00,3,66.00886319920332,97.66829510831943,37.15356678697041,0
2024-01-01 15:52:00,3,68.55585633897176,97.39890201569935,37.0656003547264,0
2024-01-01 15:53:00,3,97.96635259719103,92.2220446737174,37.98685445903766,0
2024-01-01 15:54:00,3,97.51944021857429,92.42638467888338,38.027434044172544,0
2024-01-01 15:55:00,3,93.32164529808628,92.53544554123292,38.04165656406495,0
2024-01-01 15:56:00,3,95.63708528637291,92.29521595682137,37.90441092348531,0
2024-01-01 15:57:00,3,96.29970533708222,92.0393983030506,37.87713134255725,0
2024-01-01 15:58:00,3,67.43219365014316,97.46116774157231,37.101661344447926,0
2024-01-01 15:59:00,3,71.14850660858295,97.19033866565758,36.864154440706244,0
2024-01-01 16:00:00,3,68.04371598837363,97.27280025360744,37.000003270511634,0
2024-01-01 16:01:00,3,64.6835625834346,97.52314937230678,36.93219315958918,0
2024-01-01 16:02:00,3,65.32162921190472,97.30949423683484,37.02908377266385,0
2024-01-01 16:03:00,3,69.04053680963204,97.39656476768639,36.98429708070417,0
2024-01-01 16:04:00,3,65.19122874294052,97.7130780596942,37.06561642279871,0
2024-01-01 16:05:00,3,68.25610494842142,97.34970887052413,36.78371559465284,0
2024-01-01 16:06:00,3,66.43233433186448,97.82199602577053,37.12951025348767,0
2024-01-01 16:07:00,3,65.84447428294979,97.56330032966592,37.093589869830495,0
2024-01-01 16:08:00,3,65.13865159839533,97.22659547181802,37.12381084480779,0
2024-01-01 16:09:00,3,60.043632149070746,97.31512105535674,37.114895980647304,0
2024-01-01 16:10:00,3,67.19585123520052,97.15535335094226,37.0592336469002,0
2024-01-01 16:11:00,3,63.99212662370177,97.53283225266023,36.966310737334325,0
2024-01-01 16:12:00,3,63.239857860767025,97.66767202561427,37.076875402159224,0
2024-01-01 16:13:00,3,66.55251949965087,97.32848775672518,37.06456685964029,0
2024-01-01 16:14:00,3,68.09660338649716,97.02525447571041,37.1258442032509,0
2024-01-01 16:15:00,3,62.62461985908043,97.46696396654313,37.10292124133993,0
2024-01-01 16:16:00,3,68.00591669283018,97.21977990659889,37.052740590182,0
2024-01-01 16:17:00,3,64.17377507547512,97.24731924817272,37.089184185938024,0
2024-01-01 16:18:00,3,67.25928224098686,97.44900535169654,37.10059035191007,0
2024-01-01 16:19:00,3,67.10072406469668,97.63031411939835,37.1597879978625,0
2024-01-01 16:20:00,3,65.51111696325482,97.52900574037137,37.22707199592599,0
2024-01-01 16:21:00,3,65.96590095903306,97.46416462881655,37.11571185702374,0
2024-01-01 16:22:00,3,65.09567904712506,97.34394420069985,37.111151089117776,0
2024-01-01 16:23:00,3,66.3972525311263,97.10840899144522,37.038714228657405,0
2024-01-01 16:24:00,3,66.36186258680898,97.4391577632692,37.02917167060081,0
2024-01-01 16:25:00,3,63.987126774617934,97.51016030563545,36.9933999692344,0
2024-01-01 16:26:00,3,63.10185485104638,97.2446148582965,36.74847355965885,0
2024-01-01 16:27:00,3,67.81702364272277,97.28734791967972,36.98698402364781,0
2024-01-01 16:28:00,3,66.19130860891737,97.5795927805614,37.056075824512384,0
2024-01-01 16:29:00,3,67.5061075017314,97.27602180622964,37.04515361917434,0
2024-01-01 16:30:00,3,64.4089511028173,97.29731225959485,37.12385799761132,0
2024-01-01 16:31:00,3,64.0843818689694,97.33062510653227,37.000199912711764,0
2024-01-01 16:32:00,3,63.693261641959126,97.47827070344873,37.00699234700766,0
2024-01-01 16:33:00,3,65.33927407678759,97.40065322388487,36.87399870309933,0
2024-01-01 16:34:00,3,66.14971283265137,97.38264129946118,37.1348738611134,0
2024-01-01 16:35:00,3,64.58137914197549,97.63913844236473,37.001294082999536,0
2024-01-01 16:36:00,3,68.78306455519905,97.25041108541026,37.02080822747593,0
2024-01-01 16:37:00,3,64.35368451182137,97.1389330375341,37.15119902865325,0
2024-01-01 16:38:00,3,66.12031556276456,97.53015928468542,37.00875043312682,0
2024-01-01 16:39:00,3,63.841559086083585,97.36860100851622,37.13733970798394,0
2024-01-01 16:40:00,3,64.24650630687728,97.201215876664,36.98090890598973,0
2024-01-01 16:41:00,3,65.40535150850516,97.24371812888192,37.101707025570164,0
2024-01-01 16:42:00,3,63.898214585259225,97.05750722734062,37.04508449125734,0
2024-01-01 16:43:00,3,65.72795752777787,97.35520747504918,37.081632229385434,0
2024-01-01 16:44:00,3,66.41544856500009,97.01314188256306,37.26162315215632,0
2024-01-01 16:45:00,3,67.70769615342238,97.43836306083223,36.94870087682192,0
2024-01-01 16:46:00,3,63.34732268559518,97.19398563858402,37.257025894976856,0
2024-01-01 16:47:00,3,65.8291754404243,97.01614519273603,37.02504275335757,0
2024-01-01 16:48:00,3,65.35613807802572,97.51086418892203,37.20594389648971,0
2024-01-01 16:49:00,3,61.770396808256606,97.73913416445409,37.227862406950194,0
2024-01-01 16:50:00,3,63.19609188365723,97.37173829220774,37.16625114127749,0
2024-01-01 16:51:00,3,66.39064939941672,97.22358724804761,37.003413626944024,0
2024-01-01 16:52:00,3,62.722712197757964,97.08503356727067,37.15453253275685,0
2024-01-01 16:53:00,3,65.26863835239276,97.32576885203297,37.38525552494953,0
2024-01-01 16:54:00,3,61.15823053732015,97.39708232610681,37.13241041999436,0
2024-01-01 16:55:00,3,65.18502997719382,97.26742767755809,37.123170197052296,0
2024-01-01 16:56:00,3,61.271919269790885,97.44142961685579,37.11548837973534,0
2024-01-01 16:57:00,3,64.15796581183695,97.56139294865812,37.18866933209217,0
2024-01-01 16:58:00,3,64.48001490978085,97.00293062792997,37.13029034785958,0
2024-01-01 16:59:00,3,65.59009680731158,97.30991194915856,37.169339067475875,0
2024-01-01 17:00:00,3,64.82768086238933,96.86665036070089,37.11349509316275,0
2024-01-01 17:01:00,3,62.84990373601057,97.08070281107689,37.04092586413927,0
2024-01-01 17:02:00,3,62.87638108835023,97.38366260488021,37.37855538152033,0
2024-01-01 17:03:00,3,62.071884833444976,97.22648776077577,37.13845635055392,0
2024-01-01 17:04:00,3,65.70254894301083,96.909810068734,37.46970889416444,0
2024-01-01 17:05:00,3,65.60394535634877,97.43809527076289,37.19408247856519,0
2024-01-01 17:06:00,3,66.60790174163857,97.11557216955461,37.213285042901184,0
2024-01-01 17:07:00,3,64.25883387841021,97.39048516377322,37.12402793295009,0
2024-01-01 17:08:00,3,61.78064798965571,97.31891610294763,37.097303637129414,0
2024-01-01 17:09:00,3,64.60773965791262,97.04580964070234,37.1295484669238,0
2024-01-01 17:10:00,3,65.25242179031397,97.38225570914462,37.07657317489148,0
2024-01-01 17:11:00,3,62.89160563884768,97.2682212040675,37.06889790218707,0
2024-01-01 17:12:00,3,63.07238648430123,97.23551520817348,37.34135994461892,0
2024-01-01 17:13:00,3,66.10506090830746,97.10286793169216,37.24438100384428,0
2024-01-01 17:14:00,3,65.39579346546302,96.9719308886811,37.31570195066978,0
2024-01-01 17:15:00,3,67.4518117979097,97.10470252574507,37.27982263936455,0
2024-01-01 17:16:00,3,68.62198424768616,97.09629734082903,37.108616034662596,0
2024-01-01 17:17:00,3,62.164062299705805,97.35064521425153,37.01617617328288,0
2024-01-01 17:18:00,3,64.32402861697751,96.84644516797431,37.12549281112352,0
2024-01-01 17:19:00,3,65.40130478490546,97.46629227647976,37.1820232539337,0
2024-01-01 17:20:00,3,65.8736422855806,97.47316247283703,37.28857767128664,0
2024-01-01 17:21:00,3,67.17090534915526,97.03572390471396,37.169956302027806,0
2024-01-01 17:22:00,3,66.58922840057805,97.4401082023916,37.47329665511984,0
2024-01-01 17:23:00,3,42.40186233020239,91.95453365207094,37.634603473472716,0
2024-01-01 17:24:00,3,40.240934402130435,92.37691985825437,37.73816130969311,0
2024-01-01 17:25:00,3,38.85460678447599,91.98339610447292,37.620348214285436,0
2024-01-01 17:26:00,3,44.00511612832322,92.3498372247668,37.721956375540564,0
2024-01-01 17:27:00,3,40.4056309038957,91.85148221525208,37.669860514471665,0
2024-01-01 17:28:00,3,64.60925178440496,97.35133173454162,37.15861018272443,0
2024-01-01 17:29:00,3,62.94266323135485,97.38826753396319,37.122624007572085,0
2024-01-01 17:30:00,3,65.4003827775588,96.83241699967175,37.200252740287844,0
2024-01-01 17:31:00,3,67.08495918591737,97.47355404388803,37.27007924567144,0
2024-01-01 17:32:00,3,64.06977072917384,97.32156269502528,37.08988677626872,0
2024-01-01 17:33:00,3,64.79885411120766,96.71401723018876,37.18343541931848,0
2024-01-01 17:34:00,3,65.55902717905376,97.01136717889248,37.23847312416388,0
2024-01-01 17:35:00,3,66.00035441581767,97.31261484097045,37.258283369542205,0
2024-01-01 17:36:00,3,64.53181480776857,97.24544403487107,37.37709898537058,0
2024-01-01 17:37:00,3,64.25993647494546,97.1188987705052,37.24943324973559,0
2024-01-01 17:38:00,3,64.02149041631748,97.27784636832587,37.152299530504024,0
2024-01-01 17:39:00,3,62.82587108719445,96.91315274850142,37.13620492375945,0
2024-01-01 17:40:00,3,63.49494711306481,97.09312961187321,37.13564948513204,0
2024-01-01 17:41:00,3,63.43759896691379,96.91023284341843,37.13071461647166,0
2024-01-01 17:42:00,3,61.943997656658254,97.10199694317068,37.216489546855165,0
2024-01-01 17:43:00,3,67.01105061636792,97.27092156868129,37.23754117605065,0
2024-01-01 17:44:00,3,65.74129637532046,97.22270236619542,37.27847729758845,0
2024-01-01 17:45:00,3,65.30380498174178,97.10663804806683,37.26302531898573,0
2024-01-01 17:46:00,3,67.62582684909287,97.25566394827544,37.321605871549906,0
2024-01-01 17:47:00,3,66.44999610709456,97.2710214963981,37.13053858042804,0
2024-01-01 17:48:00,3,63.43283086862378,97.40850709223483,37.361480716345085,0
2024-01-01 17:49:00,3,67.35679556473269,97.27818904317719,37.135234396241465,0
2024-01-01 17:50:00,3,66.9526781967382,97.17162948174838,37.233326902423435,0
2024-01-01 17:51:00,3,62.77064404911039,97.22280954823638,37.179357414220924,0
2024-01-01 17:52:00,3,66.81057225455525,97.08034681465188,37.196709202445525,0
2024-01-01 17:53:00,3,64.06922426901026,96.9712862872149,37.26655899463421,0
2024-01-01 17:54:00,3,66.99692376624942,97.19643710117703,37.055685236811826,0
2024-01-01 17:55:00,3,64.32582822957403,97.1699776173263,37.11661772736967,0
2024-01-01 17:56:00,3,63.93434141109001,97.07257980431272,37.27474146368035,0
2024-01-01 17:57:00,3,64.13993433704026,96.97090482851257,37.19969787949454,0
2024-01-01 17:58:00,3,63.05581253310399,96.95544706455101,37.17431140862856,0
2024-01-01 17:59:00,3,62.039293401824494,96.9193494824152,37.08790487142507,0
2024-01-01 18:00:00,3,60.0020587007347,97.24786682203863,37.17502926715859,0
2024-01-01 18:01:00,3,62.890945932293796,97.2280445673088,37.26804214838945,0
2024-01-01 18:02:00,3,,,,1
2024-01-01 18:03:00,3,65.95786225945203,96.77325737551541,37.33616509104987,0
2024-01-01 18:04:00,3,68.7305959174334,96.90740759146874,37.307301478111796,0
2024-01-01 18:05:00,3,64.36675034480928,96.9234257510276,37.164427673037245,0
2024-01-01 18:06:00,3,64.06769990936368,96.84931527237472,37.13978384934645,0
2024-01-01 18:07:00,3,68.43880624417953,97.33870559284114,36.92252246564319,0
2024-01-01 18:08:00,3,65.75882231179975,97.04192444954843,37.09100163164574,0
2024-01-01 18:09:00,3,63.09850949483155,97.02320129285278,37.084537447370344,0
2024-01-01 18:10:00,3,66.27684897588016,96.85994652602939,37.054923745999105,0
2024-01-01 18:11:00,3,67.51492719907726,97.12120370343028,37.19403807244375,0
2024-01-01 18:12:00,3,62.15974744993008,97.38275127644188,37.22842519641814,0
2024-01-01 18:13:00,3,65.94733368918853,96.95629698418986,37.37823025566346,0
2024-01-01 18:14:00,3,62.29728248852565,96.88907124204485,37.202927607130675,0
2024-01-01 18:15:00,3,67.41714796143265,96.91332949428266,36.99240330368485,0
2024-01-01 18:16:00,3,65.48812964743462,96.86271368513903,37.12043083193761,0
2024-01-01 18:17:00,3,66.28934071274448,96.92223396416772,37.25567472131281,0
2024-01-01 18:18:00,3,64.59860621361608,96.79620136728907,37.18585668454929,0
2024-01-01 18:19:00,3,,,,1
2024-01-01 18:20:00,3,64.1581511079586,96.90564531789754,37.14128264469855,0
2024-01-01 18:21:00,3,66.90473998762084,96.92182147349187,37.30714142132708,0
2024-01-01 18:22:00,3,69.03655380717058,96.84669466218523,37.215787910868855,0
2024-01-01 18:23:00,3,65.61830143481922,97.18843657961256,37.21754707181297,0
2024-01-01 18:24:00,3,63.68563073841355,96.97587025165015,37.20457654284973,0
2024-01-01 18:25:00,3,66.13454562767839,97.03700312753648,37.112214653834236,0
2024-01-01 18:26:00,3,66.74792316333856,97.03806384560005,37.182128039234364,0
2024-01-01 18:27:00,3,65.33882414585455,96.9009452704812,37.21630778394463,0
2024-01-01 18:28:00,3,65.22111731180681,96.91951222903093,37.04591875448115,0
2024-01-01 18:29:00,3,65.51146679130031,96.69952372526616,37.19296425203425,0
2024-01-01 18:30:00,3,65.17710145109187,96.99853895552538,37.30548148632302,0
2024-01-01 18:31:00,3,65.69150197855656,96.79647468635804,37.22633280532145,0
2024-01-01 18:32:00,3,68.75719473353566,96.73099302508047,37.31860591317873,0
2024-01-01 18:33:00,3,61.04177897970163,97.11515293201298,37.22154432975216,0
2024-01-01 18:34:00,3,64.63797918751762,96.58413903285395,37.08987218953794,0
2024-01-01 18:35:00,3,63.256876248043284,97.19024130200131,37.257544114877824,0
2024-01-01 18:36:00,3,67.49007288043398,97.17026289289959,37.063167764351014,0
2024-01-01 18:37:00,3,64.85377287866491,96.79369119022108,37.15519847799933,0
2024-01-01 18:38:00,3,66.26220529397789,97.19105420617544,37.14718417616966,0
2024-01-01 18:39:00,3,68.00485575137802,96.65223350787538,37.10566759730602,0
2024-01-01 18:40:00,3,62.9958572232299,97.02462043932806,40.0,1
2024-01-01 18:41:00,3,64.11066303778551,96.82507647762787,37.16356507558171,0
2024-01-01 18:42:00,3,67.82187242364685,96.45636527156752,37.35045877936593,0
2024-01-01 18:43:00,3,62.939778830089715,96.68738325745103,37.202405583089366,0
2024-01-01 18:44:00,3,64.20272758295934,96.77464052890086,37.08451944675013,0
2024-01-01 18:45:00,3,61.99814819822622,96.96131247183452,37.12418935648162,0
2024-01-01 18:46:00,3,67.93434367027385,96.70607970163333,37.15980816851526,0
2024-01-01 18:47:00,3,64.05406830764244,96.74286725197483,37.12795555651221,0
2024-01-01 18:48:00,3,65.92801335511055,96.90170861528613,37.13319343484341,0
2024-01-01 18:49:00,3,66.58697040316915,96.88716235291007,37.21638776665165,0
2024-01-01 18:50:00,3,63.638039517331286,96.76724538654679,37.19394780565681,0
2024-01-01 18:51:00,3,61.446202586884816,96.72108512017246,37.22478059307113,0
2024-01-01 18:52:00,3,64.82514985160634,96.96559585125085,37.306793369714285,0
2024-01-01 18:53:00,3,64.8024834314513,96.71213853128701,37.10529357462087,0
2024-01-01 18:54:00,3,65.16337833621286,96.53206920701375,37.26212250579462,0
2024-01-01 18:55:00,3,65.18485087275502,96.68719841601006,37.288358666439976,0
2024-01-01 18:56:00,3,64.30788776620675,96.87159177303548,37.27662821341662,0
2024-01-01 18:57:00,3,64.2411602678954,96.72853838189657,36.969459450002645,0
2024-01-01 18:58:00,3,65.92262797119471,96.65403020977236,37.32341062387748,0
2024-01-01 18:59:00,3,63.690676587289865,96.49982757946731,37.07816686598232,0
2024-01-01 19:00:00,3,65.1590991237966,96.71822507772434,36.955879995322164,0
2024-01-01 19:01:00,3,64.23536719215348,96.78883848296465,37.31537468382294,0
2024-01-01 19:02:00,3,65.96421753963686,96.53804211279949,37.18749687121231,0
2024-01-01 19:03:00,3,67.6020655492598,96.69794451504066,37.18969632515611,0
2024-01-01 19:04:00,3,67.6957577830421,96.51332590758196,37.099064962944226,0
2024-01-01 19:05:00,3,67.98785631148627,96.70267289947797,37.14850566074419,0
2024-01-01 19:06:00,3,64.75354419278725,97.06987186590527,37.11436553180289,0
2024-01-01 19:07:00,3,64.93427354686519,96.75548067087692,37.0638562035722,0
2024-01-01 19:08:00,3,62.90928305972281,96.40120983137754,37.126533203255235,0
2024-01-01 19:09:00,3,64.77509191172537,96.78015859001769,37.13348425663279,0
2024-01-01 19:10:00,3,64.85969847699502,96.97272521642314,36.98792239005203,0
2024-01-01 19:11:00,3,64.25244463654656,96.43000301062459,37.123543753779664,0
2024-01-01 19:12:00,3,64.25670077440947,96.49418996076464,36.937102560899554,0
2024-01-01 19:13:00,3,62.11861894666469,96.75145521824153,37.305744816387715,0
2024-01-01 19:14:00,3,62.844099251913136,96.67888224496402,37.10128665758569,0
2024-01-01 19:15:00,3,65.63110132024144,96.93508218202092,37.0022112333116,0
2024-01-01 19:16:00,3,65.72043077613934,96.65328729315706,37.15847980569115,0
2024-01-01 19:17:00,3,66.53684596577897,96.85109428443167,37.03026687428864,0
2024-01-01 19:18:00,3,65.06757511878025,96.98823946329495,37.09977190118812,0
2024-01-01 19:19:00,3,65.6234818576113,96.5057391701261,37.14599095063508,0
2024-01-01 19:20:00,3,68.11618101076903,96.82545418464368,36.996497723981655,0
2024-01-01 19:21:00,3,65.52452771794516,96.59243484666138,37.29084685785979,0
2024-01-01 19:22:00,3,64.38153715719304,96.22627235357635,37.2980600445223,0
2024-01-01 19:23:00,3,63.27930406975957,96.76133225932288,37.03869988256047,0
2024-01-01 19:24:00,3,67.27186207600303,96.78270835334087,36.97657355850943,0
2024-01-01 19:25:00,3,62.28609775801029,96.34976037432693,37.033551066990505,0
2024-01-01 19:26:00,3,64.03200298378262,96.56563779681021,37.03652733060268,0
2024-01-01 19:27:00,3,66.56223368363686,96.52866353544395,37.19283419980723,0
2024-01-01 19:28:00,3,61.928380285376555,96.81212948495994,37.02813020950446,0
2024-01-01 19:29:00,3,64.52936519845207,96.33718769876926,36.96082415890383,0
2024-01-01 19:30:00,3,66.03317411950815,96.66529871380212,37.08472317109004,0
2024-01-01 19:31:00,3,65.02510400917404,96.17295639630657,36.92304320896719,0
2024-01-01 19:32:00,3,63.843517228167016,96.71377253470422,37.176478446484936,0
2024-01-01 19:33:00,3,64.63929742778782,96.65989949211574,37.12721662392698,0
2024-01-01 19:34:00,3,,,,1
2024-01-01 19:35:00,3,69.52404721184237,96.91462314636648,37.01318789924765,0
2024-01-01 19:36:00,3,66.15808448257688,96.10142105171457,37.08463860996275,0
2024-01-01 19:37:00,3,61.920525738879796,96.61953589632711,36.9469552938881,0
2024-01-01 19:38:00,3,67.05146237911788,96.85983117938434,36.97595537931178,0
2024-01-01 19:39:00,3,65.14082612297231,96.64324672445501,37.02967925812963,0
2024-01-01 19:40:00,3,63.76125562609867,96.88790094962826,36.917808961820754,0
2024-01-01 19:41:00,3,64.37023590466318,96.52180512306326,37.001711497900565,0
2024-01-01 19:42:00,3,64.47405513110604,96.57574940415296,36.93728950889961,0
2024-01-01 19:43:00,3,63.18696422329925,96.85312438581047,37.184657707965656,0
2024-01-01 19:44:00,3,65.90171789691159,96.7827052517459,36.99912939947929,0
2024-01-01 19:45:00,3,69.70351612620492,97.08099688397894,36.94221896993694,0
2024-01-01 19:46:00,3,63.868378106998186,96.61909171499474,37.10176840808408,0
2024-01-01 19:47:00,3,69.68116241320718,96.63599039405534,36.96889104727376,0
2024-01-01 19:48:00,3,66.52257972846746,96.5011046586166,36.91890180114387,0
2024-01-01 19:49:00,3,65.94059936498587,96.55004848933388,37.115309100013434,0
2024-01-01 19:50:00,3,65.50269085570105,96.803978133546,36.9916431343025,0
2024-01-01 19:51:00,3,64.55470788495744,96.58584911184178,37.10545648788129,0
2024-01-01 19:52:00,3,66.77125535908095,96.42201263172021,37.01724237565516,0
2024-01-01 19:53:00,3,67.2522301949347,96.50586107605214,37.02905782979777,0
2024-01-01 19:54:00,3,61.378875831600105,96.56063817815816,37.0698432497196,0
2024-01-01 19:55:00,3,71.33629511450958,96.42786622549437,36.94742773348774,0
2024-01-01 19:56:00,3,62.649469295467334,96.48247354063491,36.92727223956619,0
2024-01-01 19:57:00,3,65.24817442255515,96.3718358819748,37.12585918051738,0
2024-01-01 19:58:00,3,61.19781231271589,96.48503580720399,37.060948260414136,0
2024-01-01 19:59:00,3,65.80029112948142,96.80059344975167,36.993686836960286,0
2024-01-01 20:00:00,3,65.43506864665818,96.57485734429532,37.077386956938184,0
2024-01-01 20:01:00,3,65.35666119498013,97.05530434897474,37.049213441682305,0
2024-01-01 20:02:00,3,67.01093114620387,96.40816171907078,37.08690918662937,0
2024-01-01 20:03:00,3,65.9370201449521,96.65596150716189,36.875678148106815,0
2024-01-01 20:04:00,3,67.52402446666963,96.60126522426306,36.98092812324446,0
2024-01-01 20:05:00,3,63.995231712212416,96.6849072099329,37.09771292337458,0
2024-01-01 20:06:00,3,66.64752872200171,96.43163466639581,37.14984454669663,0
2024-01-01 20:07:00,3,65.25243142244688,96.47721876757645,36.92592029771894,0
2024-01-01 20:08:00,3,65.7983073357584,96.63046050239609,36.9928264592186,0
2024-01-01 20:09:00,3,67.10303774272126,96.44620743156376,36.97624326279999,0
2024-01-01 20:10:00,3,65.57724406129373,96.19061387456021,36.847295727598514,0
2024-01-01 20:11:00,3,66.39919955162067,96.80559921187226,36.94036689017989,0
2024-01-01 20:12:00,3,64.32487565867805,96.71936387199362,36.80866792259519,0
2024-01-01 20:13:00,3,68.84838591095293,96.45658830362314,36.94722509083306,0
2024-01-01 20:14:00,3,68.13840353918837,96.58198518540237,36.857581609709634,0
2024-01-01 20:15:00,3,66.90579520191123,96.73802904581056,36.97580784709753,0
2024-01-01 20:16:00,3,66.24497879433595,96.80388370819637,36.925266584894295,0
2024-01-01 20:17:00,3,66.5461840280908,96.5543033056226,36.921122242599154,0
2024-01-01 20:18:00,3,68.92775958115394,96.41482712598365,37.10650128652317,0
2024-01-01 20:19:00,3,68.11986629175229,96.82323595431487,36.95570382233915,0
2024-01-01 20:20:00,3,69.01144237714978,96.54784518528277,37.13391772700669,0
2024-01-01 20:21:00,3,66.17122590029248,96.49801673028142,36.98821447389886,0
2024-01-01 20:22:00,3,67.84721621835561,96.57869001084049,37.02262411985946,0
2024-01-01 20:23:00,3,69.2833300371354,96.75561988541003,36.85161822190671,0
2024-01-01 20:24:00,3,65.07940919230508,96.51557822347043,36.866714759603965,0
2024-01-01 20:25:00,3,64.97948762570077,96.71923759476957,36.9353321441129,0
2024-01-01 20:26:00,3,67.53400821428974,96.47906553478832,37.05244780427745,0
2024-01-01 20:27:00,3,64.53989414869258,96.64135780490126,36.89239121807096,0
2024-01-01 20:28:00,3,63.40445898008695,96.32873846758692,36.7830999668134,0
2024-01-01 20:29:00,3,69.4118833155511,96.73112416660408,36.9636154626171,0
2024-01-01 20:30:00,3,69.78702310982284,96.3808769205758,36.927798560428286,0
2024-01-01 20:31:00,3,64.75597197215329,96.60686252143633,36.86389751060904,0
2024-01-01 20:32:00,3,64.2789728889807,96.21664830273923,36.87930382707223,0
2024-01-01 20:33:00,3,65.86365213338033,96.51791872548748,36.82712883438229,0
2024-01-01 20:34:00,3,69.70288264497673,96.5496115506941,37.00426758791764,0
2024-01-01 20:35:00,3,66.40317219901267,96.37479001698729,36.91186515424039,0
2024-01-01 20:36:00,3,67.44157054031638,96.48820580901958,36.93125183793023,0
2024-01-01 20:37:00,3,67.9297031000601,96.56172381482703,36.845248726326275,0
2024-01-01 20:38:00,3,67.65538152053497,96.62113770909775,37.03621769614572,0
2024-01-01 20:39:00,3,70.32380115582554,96.52773041425627,36.922394948568396,0
2024-01-01 20:40:00,3,65.92399588325631,96.77344591465184,36.68393912117849,0
2024-01-01 20:41:00,3,67.18762905647324,96.73790256396997,36.941805757590274,0
2024-01-01 20:42:00,3,67.8853037011698,96.49945648763618,36.86714831192948,0
2024-01-01 20:43:00,3,67.35101510753555,96.23888285667921,36.87497691507908,0
2024-01-01 20:44:00,3,65.03950226264281,96.40693985011347,36.988550200715665,0
2024-01-01 20:45:00,3,64.56147522451752,96.05797377744734,36.89586696355215,0
2024-01-01 20:46:00,3,64.54857614670914,96.46665468814444,37.05609211773853,0
2024-01-01 20:47:00,3,69.01716695520612,96.78315093229546,36.89328503896412,0
2024-01-01 20:48:00,3,65.9531199829618,96.660559485553,36.83395198624213,0
2024-01-01 20:49:00,3,68.56188547805496,96.51865530341658,36.69719333943536,0
2024-01-01 20:50:00,3,67.82637208795633,96.35609376306485,36.8046644298082,0
2024-01-01 20:51:00,3,65.73286215636175,96.52571892186029,36.842177401756615,0
2024-01-01 20:52:00,3,65.81260821101999,96.9272130326409,37.01900277084352,0
2024-01-01 20:53:00,3,68.01040153036209,96.79825478786177,36.82431245876395,0
2024-01-01 20:54:00,3,67.9278518556367,96.47044161998474,37.032585272100775,0
2024-01-01 20:55:00,3,68.78679192887283,96.20393496619867,36.75159183156687,0
2024-01-01 20:56:00,3,66.91810057677424,96.9418054297662,36.78723771758942,0
2024-01-01 20:57:00,3,66.17021300729677,96.35431809643478,36.975267154696745,0
2024-01-01 20:58:00,3,68.11402454340825,96.60603919654083,36.80116577032689,0
2024-01-01 20:59:00,3,70.76491214110415,96.18825692475296,36.96873325876482,0
2024-01-01 21:00:00,3,64.2026410408728,96.4353976505758,36.77433689000116,0
2024-01-01 21:01:00,3,66.38895340726218,96.18751034476931,36.78253921544375,0
2024-01-01 21:02:00,3,69.19913231423892,96.26778048914998,36.917539168316914,0
2024-01-01 21:03:00,3,68.48254968433302,96.31534314655546,36.77035534563906,0
2024-01-01 21:04:00,3,69.29107589867762,96.59585393001387,36.82240171695463,0
2024-01-01 21:05:00,3,67.25331806766394,96.48143986289305,36.8876024496334,0
2024-01-01 21:06:00,3,64.92051819614028,97.04335267268817,36.82117250895048,0
2024-01-01 21:07:00,3,71.51918848348342,96.72794133069314,36.788510085887154,0
2024-01-01 21:08:00,3,70.37585774044769,96.73259912872508,36.722406615036775,0
2024-01-01 21:09:00,3,68.19194204478768,96.60259149703042,36.986450662251514,0
2024-01-01 21:10:00,3,66.58921839859647,96.55746344342317,37.003544614322585,0
2024-01-01 21:11:00,3,67.32377401538783,96.74049752716464,36.87131000983421,0
2024-01-01 21:12:00,3,43.79557336251973,86.02691275056995,37.813635513925206,1
2024-01-01 21:13:00,3,42.86676600229603,86.3792236368276,37.81762883244421,1
2024-01-01 21:14:00,3,43.373782803962385,86.23211365326327,37.917092330526046,1
2024-01-01 21:15:00,3,,,,1
2024-01-01 21:16:00,3,45.3160094559488,86.35168030845193,37.77699757852807,1
2024-01-01 21:17:00,3,66.16022813508523,96.2765217035307,36.937086965079786,0
2024-01-01 21:18:00,3,68.68887300869079,96.7456160788474,36.88977756308416,0
2024-01-01 21:19:00,3,67.5276811709293,96.5258385155237,36.932663021999545,0
2024-01-01 21:20:00,3,69.19779024704458,96.10629209371241,36.66546463052462,0
2024-01-01 21:21:00,3,68.50885896735775,96.57190352550022,36.78245357205268,0
2024-01-01 21:22:00,3,74.60465846169485,96.30750427608251,36.80584550587642,0
2024-01-01 21:23:00,3,69.56164403874051,96.52328711798874,36.775032353353254,0
2024-01-01 21:24:00,3,68.46873258102514,96.59049482443383,37.012482652025376,0
2024-01-01 21:25:00,3,72.4572119800715,96.36261365975797,36.77861697472295,0
2024-01-01 21:26:00,3,69.21651680740759,96.55717891532481,36.86532731922654,0
2024-01-01 21:27:00,3,65.80230542172411,96.59515552821665,36.83268755191785,0
2024-01-01 21:28:00,3,68.62531362412845,96.48295754442812,36.78732765418401,0
2024-01-01 21:29:00,3,70.13618443593127,96.37299464946118,36.744464675954724,0
2024-01-01 21:30:00,3,69.91252339416063,96.51869271634858,37.0199235631741,0
2024-01-01 21:31:00,3,70.9886157923008,96.49134843589215,36.79119334469959,0
2024-01-01 21:32:00,3,69.32061608070964,96.58376788392721,36.90001292407829,0
2024-01-01 21:33:00,3,69.21443598497383,96.46896377154619,36.81059570048894,0
2024-01-01 21:34:00,3,66.2784078079902,96.2846055417341,36.76482676859679,0
2024-01-01 21:35:00,3,72.17546009756154,96.49053518937706,36.8206989743307,0
2024-01-01 21:36:00,3,68.54277772066752,96.5910362990258,36.83988469320123,0
2024-01-01 21:37:00,3,67.23039600749377,96.56412781141704,36.76135101446504,0
2024-01-01 21:38:00,3,74.48087294281174,96.50635146030979,36.731116680028094,0
2024-01-01 21:39:00,3,72.62093017402626,96.43268607115661,36.854498314545545,0
2024-01-01 21:40:00,3,68.40107200294918,96.42384796284144,36.8178529479094,0
2024-01-01 21:41:00,3,65.57114694493455,96.44615151281025,36.74037899783111,0
2024-01-01 21:42:00,3,67.93157462812457,96.74987116742145,36.71114316086635,0
2024-01-01 21:43:00,3,72.56292386479656,96.34668362595568,36.83934995594189,0
2024-01-01 21:44:00,3,69.79432115674688,96.55610165805152,36.61208294097839,0
2024-01-01 21:45:00,3,66.77836971762744,96.28798939044844,36.77733360857278,0
2024-01-01 21:46:00,3,71.08165864844852,96.69425576111128,36.8164387420975,0
2024-01-01 21:47:00,3,69.130537256412,96.43583807891177,36.976267280232314,0
2024-01-01 21:48:00,3,68.2895110272742,96.37973219343257,36.803152177775296,0
2024-01-01 21:49:00,3,68.47799885349997,96.58976936538585,36.77162290148624,0
2024-01-01 21:50:00,3,72.27333217851181,96.05638946078835,36.829870115520805,0
2024-01-01 21:51:00,3,70.79078900530529,96.29053756230564,36.72946602196478,0
2024-01-01 21:52:00,3,66.76247117333953,96.62454294383132,36.77896666544498,0
2024-01-01 21:53:00,3,70.50613473081218,96.75724463737961,36.80356485249163,0
2024-01-01 21:54:00,3,70.02425763028877,96.64650716023498,36.86339445376157,0
2024-01-01 21:55:00,3,69.00558127387181,96.58623640372032,36.73298600780789,0
2024-01-01 21:56:00,3,69.14850200998495,97.04249043661434,36.79959072014527,0
2024-01-01 21:57:00,3,68.1913244558593,96.66079097771767,36.62097291612828,0
2024-01-01 21:58:00,3,68.63403845513082,96.35573901811865,36.851688189047685,0
2024-01-01 21:59:00,3,70.57629608260716,96.77173784075694,36.77695611803592,0
2024-01-01 22:00:00,3,69.47956274402932,96.44079545084716,36.98844610217513,0
2024-01-01 22:01:00,3,71.16401387045629,96.42958465207516,36.83519656564622,0
2024-01-01 22:02:00,3,68.54073330528364,96.2973080881563,36.713446791698,0
2024-01-01 22:03:00,3,71.56381699379428,96.49350677771717,36.6908945730159,0
2024-01-01 22:04:00,3,72.8159445885832,96.33221802612749,36.86658463395727,0
2024-01-01 22:05:00,3,70.21180759721572,96.69196147199558,36.980243501278885,0
2024-01-01 22:06:00,3,71.30503856367172,96.55778496785999,36.94983668428428,0
2024-01-01 22:07:00,3,71.42157184889997,96.31310062185514,36.67980530034771,0
2024-01-01 22:08:00,3,69.33668038190375,96.57153769595685,36.82169202419429,0
2024-01-01 22:09:00,3,71.50628551513309,96.7889990097901,36.91438703139529,0
2024-01-01 22:10:00,3,65.88145395266415,96.9172026767172,36.667925393367014,0
2024-01-01 22:11:00,3,65.124044323436,96.23737601139163,36.90616841401025,0
2024-01-01 22:12:00,3,69.83716207790546,96.44220958244888,36.73257712026991,0
2024-01-01 22:13:00,3,71.80207728870934,96.3426188369558,36.781766672694765,0
2024-01-01 22:14:00,3,70.40415119740837,96.67383980494634,36.83146900611513,0
2024-01-01 22:15:00,3,72.10520168007231,96.32401847205283,36.91116278236466,0
2024-01-01 22:16:00,3,68.24926331763662,96.82034858640822,36.95808094811485,0
2024-01-01 22:17:00,3,72.45777649045056,96.85197103789037,36.77318945170239,0
2024-01-01 22:18:00,3,73.98916812415844,96.77761672433122,36.75814469443753,0
2024-01-01 22:19:00,3,69.3782484486128,96.4733254649498,36.75214499047523,0
2024-01-01 22:20:00,3,72.3526742092087,96.48873824348503,36.885418565663315,0
2024-01-01 22:21:00,3,70.89600039120413,96.53112088080881,36.90774107099174,0
2024-01-01 22:22:00,3,71.77381104369255,96.84634234088587,36.89838513732625,0
2024-01-01 22:23:00,3,74.1835976322896,96.28862641788021,36.8367137301451,0
2024-01-01 22:24:00,3,71.62450318545733,96.7083916066826,36.84740319175678,0
2024-01-01 22:25:00,3,72.53877985535435,96.44743906933304,36.78837780280777,0
2024-01-01 22:26:00,3,68.52388137670897,96.55323460675987,36.79859276404375,0
2024-01-01 22:27:00,3,72.55740258410387,96.7873650624225,36.8986213516053,0
2024-01-01 22:28:00,3,74.35036020899089,96.34009216315252,36.84060599899469,0
2024-01-01 22:29:00,3,69.32364333160606,96.5907055928334,36.76784488903158,0
2024-01-01 22:30:00,3,70.56496996305634,96.62358551518443,36.92611056281055,0
2024-01-01 22:31:00,3,72.62371343680442,96.64500045310797,36.756442292153494,0
2024-01-01 22:32:00,3,72.18754380397783,96.63499519281314,36.832874934704655,0
2024-01-01 22:33:00,3,68.61310611845961,96.77014180932944,36.69541351718874,0
2024-01-01 22:34:00,3,71.7030403602465,96.57161700672619,36.72597701586258,0
2024-01-01 22:35:00,3,70.74857914310148,96.73831884566059,36.82363990478704,0
2024-01-01 22:36:00,3,69.51742599539338,96.73446929359604,36.75330789167257,0
2024-01-01 22:37:00,3,74.20904709375134,96.72899658783781,36.801250376107895,0
2024-01-01 22:38:00,3,71.54744602062719,96.78065699146295,36.94675583863801,0
2024-01-01 22:39:00,3,73.54361651105214,96.7348364893152,36.81424655668534,0
2024-01-01 22:40:00,3,69.27175234220242,96.66384155721937,36.91803019946404,0
2024-01-01 22:41:00,3,72.83759336608763,96.43136658925577,36.751326612740534,0
2024-01-01 22:42:00,3,73.82426843590663,96.95999735343031,36.88567015797444,0
2024-01-01 22:43:00,3,71.25784242643074,97.0309128223963,36.732171547605006,0
2024-01-01 22:44:00,3,70.78909175684963,96.62355746786064,36.80865221094572,0
2024-01-01 22:45:00,3,69.21628216482674,96.79019488944905,36.894047945692435,0
2024-01-01 22:46:00,3,70.13015449508579,96.59288812628708,36.83787079725176,0
2024-01-01 22:47:00,3,71.00248723529855,96.5618868226552,36.93234971372674,0
2024-01-01 22:48:00,3,69.99748436929924,96.72053644400438,36.9064234080363,0
2024-01-01 22:49:00,3,70.45502445400004,97.2745291062869,36.810411322176805,0
2024-01-01 22:50:00,3,72.34878004385546,97.03569388387284,36.972553765503925,0
2024-01-01 22:51:00,3,72.62988761649585,97.00933935181736,36.88812348916306,0
2024-01-01 22:52:00,3,74.29778204777833,96.82761650341361,36.82178479602217,0
2024-01-01 22:53:00,3,70.63438106775033,96.54400764936831,36.86241746999689,0
2024-01-01 22:54:00,3,72.24618815075668,96.93854712140698,36.85864591863893,0
2024-01-01 22:55:00,3,71.40636752194308,96.16643444002202,36.871452381751745,0
2024-01-01 22:56:00,3,71.30702649218775,96.8167627899552,36.83888178775196,0
2024-01-01 22:57:00,3,71.69352624187214,96.9618954243965,36.892100275821214,0
2024-01-01 22:58:00,3,71.97555246495759,96.77636831675035,36.93564416419785,0
2024-01-01 22:59:00,3,72.9108448013385,97.08171693533285,36.901057869995086,0
2024-01-01 23:00:00,3,71.7915345873158,96.46845499464246,36.89951788721285,0
2024-01-01 23:01:00,3,74.9491586052127,97.07758051949367,36.85218465640076,0
2024-01-01 23:02:00,3,69.1279911738525,96.72972640289358,36.77555549038961,0
2024-01-01 23:03:00,3,74.68704074145793,97.05527086089549,36.75316373981354,0
2024-01-01 23:04:00,3,71.88451386573536,96.9730171534653,36.79729798899573,0
2024-01-01 23:05:00,3,72.28628841732034,97.07567297279999,36.8282353048476,0
2024-01-01 23:06:00,3,72.68720088348338,96.97185038553907,37.03921721888243,0
2024-01-01 23:07:00,3,74.16023724334997,96.91905971290949,36.99922856902071,0
2024-01-01 23:08:00,3,71.03093427179904,97.0578376349316,36.81677673433635,0
2024-01-01 23:09:00,3,71.52040527298207,96.79964934541783,36.92314578711332,0
2024-01-01 23:10:00,3,73.87789070139272,96.91298653136064,36.87350144205869,0
2024-01-01 23:11:00,3,69.52310180843784,96.79577513483059,36.90597138809825,0
2024-01-01 23:12:00,3,72.89385398056334,96.66332813883972,36.82963907932136,0
2024-01-01 23:13:00,3,71.40949452747766,96.90989530168295,37.11082577571526,0
2024-01-01 23:14:00,3,71.03130018127304,96.84788138905152,37.075267863325465,0
2024-01-01 23:15:00,3,69.81367271491754,97.06396785659855,36.86174331473478,0
2024-01-01 23:16:00,3,74.67808280560726,96.7781772026567,36.83357804167252,0
2024-01-01 23:17:00,3,73.49404436319234,96.6685588480811,36.98798240675373,0
2024-01-01 23:18:00,3,71.87477879570804,97.07338177388064,36.77671036659663,0
2024-01-01 23:19:00,3,72.93320796660582,96.8415441776787,36.98453177618764,0
2024-01-01 23:20:00,3,71.1195748710273,96.67473927478446,36.91476044924928,0
2024-01-01 23:21:00,3,72.27601583499447,97.11491617870409,36.76109776494464,0
2024-01-01 23:22:00,3,72.99477436041794,97.02659342385367,36.8916404772879,0
2024-01-01 23:23:00,3,73.56247815953114,97.21515418998145,36.84356814848946,0
2024-01-01 23:24:00,3,74.261844455245,96.78136296823264,36.927663181627,0
2024-01-01 23:25:00,3,69.90918144759733,96.75755240348865,36.91959258302174,0
2024-01-01 23:26:00,3,74.35443543768997,96.64058206676526,36.78148203956916,0
2024-01-01 23:27:00,3,70.15631569628748,96.74870705009378,36.885185140363994,0
2024-01-01 23:28:00,3,74.51362626700133,96.7890182096592,36.97847144476634,0
2024-01-01 23:29:00,3,73.26721429919041,97.00710290634423,36.99810370874387,0
2024-01-01 23:30:00,3,75.9200577012317,96.68885090740358,36.889533706171605,0
2024-01-01 23:31:00,3,72.4315177064835,96.74628930704607,36.97405591935953,0
2024-01-01 23:32:00,3,75.38549303348248,97.22252917317492,36.95736852540407,0
2024-01-01 23:33:00,3,71.53239811396556,96.3012614097947,36.92792966864531,0
2024-01-01 23:34:00,3,74.12235344757606,96.98775830492856,36.98205696010866,0
2024-01-01 23:35:00,3,69.87798969165885,96.63788965080434,36.84563463321182,0
2024-01-01 23:36:00,3,75.76355141372426,96.7391972656231,36.94074876430345,0
2024-01-01 23:37:00,3,77.49462527266043,97.18920236809846,36.78276463186107,0
2024-01-01 23:38:00,3,72.68790528137788,96.923134937098,36.940262609244215,0
2024-01-01 23:39:00,3,74.3730995775306,97.44453140655442,37.09070368584345,0
2024-01-01 23:40:00,3,75.0590196381859,97.04278190154274,36.91878328365537,0
2024-01-01 23:41:00,3,71.11435493767209,96.75579408551484,37.08578309783554,0
2024-01-01 23:42:00,3,72.7601876504011,97.03759211771269,36.92547154091266,0
2024-01-01 23:43:00,3,72.6799316573161,97.15635989001186,36.849917079302145,0
2024-01-01 23:44:00,3,79.15964215438963,97.0390783461584,37.02749462040523,0
2024-01-01 23:45:00,3,76.4806956189457,96.895951013203,37.00992125549422,0
2024-01-01 23:46:00,3,73.9985128440983,96.6051477496684,37.198007583414366,0
2024-01-01 23:47:00,3,76.03435856170319,96.88321039683092,36.87076197253388,0
2024-01-01 23:48:00,3,74.94238459354982,97.28556719173994,37.00692307478734,0
2024-01-01 23:49:00,3,75.74957774388459,96.79704856907043,37.01308104928502,0
2024-01-01 23:50:00,3,72.50010083324716,96.87837902587805,37.08229473043658,0
2024-01-01 23:51:00,3,77.39751538931105,97.16375540774744,37.03205972593825,0
2024-01-01 23:52:00,3,73.15892193104314,97.09339505044385,36.95287924010365,0
2024-01-01 23:53:00,3,73.30610459699939,96.7118339267496,36.8771900779524,0
2024-01-01 23:54:00,3,75.96215393975358,96.95645180588751,37.02157258631794,0
2024-01-01 23:55:00,3,75.51687616995181,97.26393206666424,37.0269676066244,0
2024-01-01 23:56:00,3,74.91532655849059,96.99219814809895,37.05528418534448,0
2024-01-01 23:57:00,3,76.59187417058317,97.27751393431187,36.96581758830462,0
2024-01-01 23:58:00,3,72.63422610802223,97.29318885925859,37.02519541776307,0
2024-01-01 23:59:00,3,78.68870709335074,96.8144679878941,36.845584870808715,0
2024-01-01 00:00:00,4,78.31102692010501,96.88783195634129,37.1763322868748,0
2024-01-01 00:01:00,4,75.98941488162316,96.93161858357087,37.09692871176667,0
2024-01-01 00:02:00,4,70.51362957544963,96.82974471423469,37.06730052861602,0
2024-01-01 00:03:00,4,72.4676455480688,97.28895995656411,37.156309167265356,0
2024-01-01 00:04:00,4,72.45768653149834,97.02543808914297,37.031586182299385,0
2024-01-01 00:05:00,4,72.47211273181613,96.71718624171523,36.98484107917227,0
2024-01-01 00:06:00,4,74.48990606758535,97.15499578960257,37.0430849943871,0
2024-01-01 00:07:00,4,76.86707229516962,96.96204090802534,37.171006409699075,0
2024-01-01 00:08:00,4,74.08541681159534,97.27363424754165,36.93147174343027,0
2024-01-01 00:09:00,4,74.7719965842791,97.03763411935707,37.17502296382582,0
2024-01-01 00:10:00,4,74.82209176877441,96.90442762963869,36.89090147409633,0
2024-01-01 00:11:00,4,77.28657568412238,96.93954678350042,37.08202640365273,0
2024-01-01 00:12:00,4,77.31014471238746,96.97182384912625,37.13232964352065,0
2024-01-01 00:13:00,4,75.89131976356747,97.15459201707836,37.09833666027883,0
2024-01-01 00:14:00,4,78.16778315461444,96.90395667576384,37.14122752653803,0
2024-01-01 00:15:00,4,74.88876492344001,97.31404432146537,37.026293947585025,0
2024-01-01 00:16:00,4,79.1918979797802,97.14334853239258,36.91429769217396,0
2024-01-01 00:17:00,4,74.52944420380781,97.11883611029883,37.14919512097694,0
2024-01-01 00:18:00,4,71.84891070531852,97.09288030302926,37.2315824347815,0
2024-01-01 00:19:00,4,73.30281299091864,97.07856029560742,37.032799833000965,0
2024-01-01 00:20:00,4,73.16856700064645,96.8329789316857,37.11999287598956,0
2024-01-01 00:21:00,4,74.43526500114882,97.14968705087446,36.971685815337416,0
2024-01-01 00:22:00,4,78.21634888282458,97.48061696145285,36.966659337977106,0
2024-01-01 00:23:00,4,75.10431455766812,97.23811658860514,37.07008322629719,0
2024-01-01 00:24:00,4,73.33601539853835,97.19171820235917,36.98907906836062,0
2024-01-01 00:25:00,4,73.17702659150245,96.80130056104055,37.0739529803407,0
2024-01-01 00:26:00,4,76.01776014872445,97.3297792975073,37.36983777363372,0
2024-01-01 00:27:00,4,79.22566996474373,97.27730271240532,36.99868129073223,0
2024-01-01 00:28:00,4,76.66161782283613,97.354528879649,37.10587667637185,0
2024-01-01 00:29:00,4,78.15062489315906,96.9445037888694,36.898317894767665,0
2024-01-01 00:30:00,4,77.10982140633844,97.04952388607123,37.1289170654357,0
2024-01-01 00:31:00,4,73.29645827748818,96.83655588382364,37.00845964013656,0
2024-01-01 00:32:00,4,77.59540448212772,96.82390012822397,37.11066439864521,0
2024-01-01 00:33:00,4,74.15785505636643,97.02671995785742,37.11037567057233,0
2024-01-01 00:34:00,4,75.64555014756928,97.23983751387787,37.10006917824217,0
2024-01-01 00:35:00,4,75.07692169287598,97.0671702506832,36.99377044315115,0
2024-01-01 00:36:00,4,76.35820620222925,97.02078287151843,37.06247241277628,0
2024-01-01 00:37:00,4,76.11128321861506,97.22664595286555,37.11675425260883,0
2024-01-01 00:38:00,4,75.89030985321241,96.51446184517042,37.071228745910474,0
2024-01-01 00:39:00,4,76.14291296982155,97.05853218332571,37.23811690709037,0
2024-01-01 00:40:00,4,77.27311641061009,97.23878384487996,37.10416464663031,0
2024-01-01 00:41:00,4,76.22877995380269,97.09453464419852,37.00303567820444,0
2024-01-01 00:42:00,4,76.47841068012241,97.4391437982297,37.147708098559924,0
2024-01-01 00:43:00,4,80.8508717616733,97.05111317914053,36.86209042511966,0
2024-01-01 00:44:00,4,78.9885182921621,97.06899617331109,37.30514980605164,0
2024-01-01 00:45:00,4,75.95528751850539,96.99425823705964,36.939103733248864,0
2024-01-01 00:46:00,4,77.20842701576812,97.04395437144133,37.20299629934812,0
2024-01-01 00:47:00,4,77.0946430113453,97.25490745993079,37.1895776559989,0
2024-01-01 00:48:00,4,77.24045450634316,97.36512253104713,37.00457372304514,0
2024-01-01 00:49:00,4,77.08137276977321,97.63846538562912,37.17568220401096,0
2024-01-01 00:50:00,4,77.34027036913224,97.32692974439611,37.05287626849391,0
2024-01-01 00:51:00,4,76.7049320019366,96.97982705148402,37.10734878563053,0
2024-01-01 00:52:00,4,76.02195681805274,97.46765750029299,37.1729774130778,0
2024-01-01 00:53:00,4,76.51786836177328,97.32067066544556,37.12312868809522,0
2024-01-01 00:54:00,4,73.86402975317179,97.23287980163845,37.02995904103204,0
2024-01-01 00:55:00,4,78.76863076778932,97.44448393444819,37.17298181069493,0
2024-01-01 00:56:00,4,78.38505881544141,97.70847650643668,37.113090589059055,0
2024-01-01 00:57:00,4,81.4864066638231,97.20093300740548,37.12477543671076,0
2024-01-01 00:58:00,4,75.11446346756551,97.07596491844332,37.13259710561687,0
2024-01-01 00:59:00,4,76.74058153652466,97.51185346164607,37.00510411919787,0
2024-01-01 01:00:00,4,79.92392112730376,97.7814199910812,37.02907094746199,0
2024-01-01 01:01:00,4,78.34987692757275,97.28290546767803,37.084418209814714,0
2024-01-01 01:02:00,4,80.93727012077593,97.2638625824776,37.18618550446388,0
2024-01-01 01:03:00,4,80.6687811668219,97.29583561081725,37.05402867321532,0
2024-01-01 01:04:00,4,72.89841602282526,97.35499019114145,37.26763287650736,0
2024-01-01 01:05:00,4,78.31492416373607,96.9871215761751,37.17061249080383,0
2024-01-01 01:06:00,4,78.36737343375825,97.33366692949357,37.18859698216182,0
2024-01-01 01:07:00,4,77.83825848157474,97.33082913261433,37.12067943955991,0
2024-01-01 01:08:00,4,77.05675940070627,97.32295319658996,36.995901861677034,0
2024-01-01 01:09:00,4,81.09158749310481,97.31677647317325,37.21033293918658,0
2024-01-01 01:10:00,4,77.955017871774,97.30621753500287,37.08652783477717,0
2024-01-01 01:11:00,4,71.77680446912342,96.87026362846426,37.01113877363723,0
2024-01-01 01:12:00,4,77.20712167081533,97.14986041958424,37.07840417060932,0
2024-01-01 01:13:00,4,82.27608991366353,97.46876097435624,37.15543254603118,0
2024-01-01 01:14:00,4,75.94108903162454,97.51917646097999,36.92707549315583,0
2024-01-01 01:15:00,4,80.65162029637195,97.21998825750725,37.13275763073579,0
2024-01-01 01:16:00,4,80.3428024907749,97.11670736487937,37.26864176990957,0
2024-01-01 01:17:00,4,77.78734135895297,97.45483310217604,37.17241767408404,0
2024-01-01 01:18:00,4,78.71849704177663,97.36941107598538,37.29053959441523,0
2024-01-01 01:19:00,4,78.24209643665263,97.29381000448438,37.13163933771188,0
2024-01-01 01:20:00,4,77.36782903870528,97.49395036249066,37.28859289512055,0
2024-01-01 01:21:00,4,77.12640061579653,97.08916581907293,37.04040706180644,0
2024-01-01 01:22:00,4,81.34573671134125,97.56040904762351,37.23582210004914,0
2024-01-01 01:23:00,4,78.19827337789951,97.03109219127062,37.16624061441409,0
2024-01-01 01:24:00,4,77.04205316567162,97.16970830480416,37.31375747050268,0
2024-01-01 01:25:00,4,79.7251423156756,97.12980585247409,37.13820351211018,0
2024-01-01 01:26:00,4,79.52035761426717,97.2246985386791,37.075325692481684,0
2024-01-01 01:27:00,4,75.72400256544167,97.40558452145999,37.23236312828687,0
2024-01-01 01:28:00,4,77.46015211824886,97.48320585545933,37.34749277034828,0
2024-01-01 01:29:00,4,75.3913869915028,97.33433823836057,37.20744009552133,0
2024-01-01 01:30:00,4,83.92961338607425,97.09822390178202,37.180628436595384,0
2024-01-01 01:31:00,4,78.14417864179035,96.95672039921935,37.06432732214579,0
2024-01-01 01:32:00,4,77.55629664214673,97.52913805663063,37.28146647195132,0
2024-01-01 01:33:00,4,77.94969485237212,97.50739820172994,37.18253608350568,0
2024-01-01 01:34:00,4,77.48172526846227,97.5800459331346,37.258666317373546,0
2024-01-01 01:35:00,4,78.66404004121,97.34234337905342,37.20916418421826,0
2024-01-01 01:36:00,4,81.54019814565423,97.50539815118601,37.3942660710549,0
2024-01-01 01:37:00,4,79.30455081488175,97.24676353501869,37.13531468117151,0
2024-01-01 01:38:00,4,76.37443160200051,97.47366822898522,37.13973143274102,0
2024-01-01 01:39:00,4,76.89333752379187,97.28446228184858,37.29388193108683,0
2024-01-01 01:40:00,4,79.57813984994223,97.22036656539295,37.29702739581564,0
2024-01-01 01:41:00,4,77.60330084189495,97.43240646428059,37.3008521803527,0
2024-01-01 01:42:00,4,78.92626489884358,97.42472158351161,37.19325002623967,0
2024-01-01 01:43:00,4,84.63866855923271,97.57382071576788,37.215875456584364,0
2024-01-01 01:44:00,4,77.3751361046387,97.1372863991768,37.06093333754384,0
2024-01-01 01:45:00,4,76.53334798166551,97.58229341892446,37.18010735858834,0
2024-01-01 01:46:00,4,77.98432148111279,97.42548953729595,37.22436567766347,0
2024-01-01 01:47:00,4,75.90553748648762,97.6157131779815,37.224877736828795,0
2024-01-01 01:48:00,4,82.11503064782421,97.61622796035708,37.1217943183917,0
2024-01-01 01:49:00,4,77.26308030499293,96.92054174306985,37.08802419413361,0
2024-01-01 01:50:00,4,77.67251460751176,97.619493872358,37.30273416975054,0
2024-01-01 01:51:00,4,76.99226313658609,97.6308674900942,37.287372479481775,0
2024-01-01 01:52:00,4,76.31440409577,97.16304578858988,37.17569856802529,0
2024-01-01 01:53:00,4,79.62651245918707,97.10475604026247,37.30242651974504,0
2024-01-01 01:54:00,4,78.27228926060609,97.57446823800638,37.29334746406822,0
2024-01-01 01:55:00,4,76.2035600479962,97.44460522532698,37.031746389757856,0
2024-01-01 01:56:00,4,79.10674106772818,97.29572654338595,37.18934554736066,0
2024-01-01 01:57:00,4,80.62062911297801,97.7142619377166,37.333719313409816,0
2024-01-01 01:58:00,4,79.04337743483171,97.48927591729395,37.04091177903591,0
2024-01-01 01:59:00,4,81.16386033690998,97.0138134618975,37.05491463674092,0
2024-01-01 02:00:00,4,83.40022302992051,97.22967736246353,37.26266146076658,0
2024-01-01 02:01:00,4,81.66989838825504,97.6438259455823,37.32921431400601,0
2024-01-01 02:02:00,4,80.51027407517684,97.44464906174922,37.171934479895874,0
2024-01-01 02:03:00,4,81.74052399400408,97.29563968837442,37.15289708084485,0
2024-01-01 02:04:00,4,84.60782904194977,97.53214723345798,37.02980284055868,0
2024-01-01 02:05:00,4,77.3084765643221,97.32213991917824,37.169727502179086,0
2024-01-01 02:06:00,4,81.49368064205963,97.19625697518933,37.05216910821538,0
2024-01-01 02:07:00,4,78.27150921219516,97.65098111812193,37.16367516859241,0
2024-01-01 02:08:00,4,80.78591727953791,97.68307327159356,37.329957573715454,0
2024-01-01 02:09:00,4,77.69528349353213,97.54768791025809,37.06914132667085,0
2024-01-01 02:10:00,4,81.88811565941197,97.14639977582564,37.173029228280285,0
2024-01-01 02:11:00,4,80.97293441835113,97.82518034286002,37.283995200478536,0
2024-01-01 02:12:00,4,83.44875142469031,97.82014295175841,37.11987657811012,0
2024-01-01 02:13:00,4,79.94375841001242,97.71329989298609,37.237859475636505,0
2024-01-01 02:14:00,4,79.91656492910425,97.52116149615071,37.27762586917692,0
2024-01-01 02:15:00,4,79.97289686001221,97.48031113806296,37.20395110164966,0
2024-01-01 02:16:00,4,85.51764133527605,97.55120334702677,37.2054732041441,0
2024-01-01 02:17:00,4,81.89847593749917,97.2370416103856,37.08521814462558,0
2024-01-01 02:18:00,4,83.35686004495106,97.35794275478075,37.15448897845783,0
2024-01-01 02:19:00,4,82.15214379115186,97.35123251116936,37.21000293523366,0
2024-01-01 02:20:00,4,82.50314728550029,97.5914251245417,37.00296227481999,0
2024-01-01 02:21:00,4,77.8247078017863,97.52087649955212,36.96778092717889,0
2024-01-01 02:22:00,4,79.69085242606312,97.28124185214357,37.17637096557523,0
2024-01-01 02:23:00,4,79.60337402586426,97.15577935492007,37.22880815988616,0
2024-01-01 02:24:00,4,80.9995506435289,97.54678737558281,37.19894119954616,0
2024-01-01 02:25:00,4,80.70964015511213,97.26434753187748,37.027184031514544,0
2024-01-01 02:26:00,4,77.73643503013739,97.22723518278207,37.29879397296844,0
2024-01-01 02:27:00,4,81.07269778185612,97.89883151278856,37.19789967529502,0
2024-01-01 02:28:00,4,76.99673991302514,97.94269108178167,37.283688823969605,0
2024-01-01 02:29:00,4,82.60947739589862,97.39212737894755,37.12179615853736,0
2024-01-01 02:30:00,4,81.29912927907684,97.11839654612137,37.21117202849413,0
2024-01-01 02:31:00,4,83.61650834670168,97.7263598783133,37.23568842631559,0
2024-01-01 02:32:00,4,81.58594232332275,97.55247947763499,37.28304865713367,0
2024-01-01 02:33:00,4,80.26979527676912,97.64029646094193,37.2735095870387,0
2024-01-01 02:34:00,4,78.07633093757772,97.36033916421373,37.10039219351735,0
2024-01-01 02:35:00,4,80.47385638982102,97.28058991389189,37.16767168624525,0
2024-01-01 02:36:00,4,79.72145691057314,97.44128588006747,37.125751222440634,0
2024-01-01 02:37:00,4,82.07384062679074,97.52491476294682,37.19116051743447,0
2024-01-01 02:38:00,4,80.52227354151539,97.34461496683194,37.03186960925621,0
2024-01-01 02:39:00,4,82.60792578100288,97.75104510341342,37.015367374625725,0
2024-01-01 02:40:00,4,84.13926389975006,97.14500634209604,37.411623838096446,0
2024-01-01 02:41:00,4,,,,1
2024-01-01 02:42:00,4,81.49299987451307,97.51917332121282,37.28696511446817,0
2024-01-01 02:43:00,4,81.4358537673189,97.73834491490919,37.2174092518886,0
2024-01-01 02:44:00,4,82.19279255486921,97.3033482928673,37.24511798644728,0
2024-01-01 02:45:00,4,82.97052418109548,97.63695328993197,37.24394544784195,0
2024-01-01 02:46:00,4,84.80548022199046,97.59175533223181,37.330122784974805,0
2024-01-01 02:47:00,4,79.4436448315198,97.54567095061606,37.11390158212363,0
2024-01-01 02:48:00,4,78.55091229706706,97.32000059054633,37.08586106483102,0
2024-01-01 02:49:00,4,82.10448346478826,97.34312412563949,37.15854728264138,0
2024-01-01 02:50:00,4,82.65872310669651,97.43887960942173,37.2180345591232,0
2024-01-01 02:51:00,4,83.23246182063158,97.39796728411156,37.131386368892464,0
2024-01-01 02:52:00,4,80.30159931562902,97.75084064370982,37.099968175951105,0
2024-01-01 02:53:00,4,78.69995195816932,97.52621070252962,37.29729051154965,0
2024-01-01 02:54:00,4,84.32530874653935,97.65829411360419,37.068167056006196,0
2024-01-01 02:55:00,4,82.94391072461318,97.2093136141293,37.29702348986296,0
2024-01-01 02:56:00,4,81.19302606933294,97.1313194622133,37.2447315412787,0
2024-01-01 02:57:00,4,77.68946939361653,97.46427986667142,37.33784091531623,0
2024-01-01 02:58:00,4,80.67476087789261,97.24428451538431,37.363162253246266,0
2024-01-01 02:59:00,4,83.4347785603663,97.50796125651473,37.180056275124564,0
2024-01-01 03:00:00,4,82.94452083176428,97.33137868196208,37.349037345421934,0
2024-01-01 03:01:00,4,79.34910615973297,97.56121299740013,37.189845499023,0
2024-01-01 03:02:00,4,83.37460845926672,97.34334636597853,37.177047063141046,0
2024-01-01 03:03:00,4,81.99050945713387,97.61202443004328,37.154895597269885,0
2024-01-01 03:04:00,4,84.73141798602668,97.32347566852062,37.09013410722047,0
2024-01-01 03:05:00,4,80.83164942196004,97.12663873130265,37.20758313593553,0
2024-01-01 03:06:00,4,81.02366650459224,97.66982553553471,37.24469336185772,0
2024-01-01 03:07:00,4,82.51778555868938,97.34528678807676,36.98778955654609,0
2024-01-01 03:08:00,4,81.48210986098454,97.77324260326003,37.38158236790799,0
2024-01-01 03:09:00,4,80.6001638064631,97.37011249250533,37.28599946831085,0
2024-01-01 03:10:00,4,86.05954189219457,97.3335150184094,37.06325878059245,0
2024-01-01 03:11:00,4,85.24799743713528,97.44083709429742,37.175620626028795,0
2024-01-01 03:12:00,4,80.51551804153945,97.38512262522335,37.11295618731716,0
2024-01-01 03:13:00,4,82.90511404025192,97.52195296648509,37.14842617691469,0
2024-01-01 03:14:00,4,79.42953111448337,97.57671944361608,37.099396835664145,0
2024-01-01 03:15:00,4,85.92475861109247,97.60650083532249,37.163134656334805,0
2024-01-01 03:16:00,4,84.07127685446576,97.47790557115749,37.00171715360165,0
2024-01-01 03:17:00,4,84.58686356676905,97.19426698893095,37.32542706084671,0
2024-01-01 03:18:00,4,82.10487150727283,97.83843779130106,37.004860121329095,0
2024-01-01 03:19:00,4,84.98561632385886,97.41917863449034,37.15718563549947,0
2024-01-01 03:20:00,4,85.01904333563962,97.40800161551864,37.031820784516256,0
2024-01-01 03:21:00,4,82.36301669143866,97.47374018866759,37.08178073804964,0
2024-01-01 03:22:00,4,80.42213251066491,97.4384341395249,37.14123464427795,0
2024-01-01 03:23:00,4,83.61823622108727,97.14002869050736,37.10257590298841,0
2024-01-01 03:24:00,4,82.52230001323557,97.60393785785791,37.10340485017267,0
2024-01-01 03:25:00,4,86.50783469146175,97.32392879074001,37.051320001526776,0
2024-01-01 03:26:00,4,82.93123261324608,97.42228053827085,37.01661099900051,0
2024-01-01 03:27:00,4,83.06996240951409,97.83790595902114,37.14969984281116,0
2024-01-01 03:28:00,4,84.49794865164101,97.67389241447063,36.99557308375045,0
2024-01-01 03:29:00,4,82.91732531757675,97.80635442208524,37.01363723680255,0
2024-01-01 03:30:00,4,84.326120274794,97.34739517215975,37.012394894086626,0
2024-01-01 03:31:00,4,81.885829531072,97.62765105783487,37.04061245400013,0
2024-01-01 03:32:00,4,80.75310156918393,97.56110576488172,36.92928760932197,0
2024-01-01 03:33:00,4,56.19126349985433,87.46830136756658,37.92837119854704,1
2024-01-01 03:34:00,4,57.36817679334089,87.32784288616514,38.120700431798305,1
2024-01-01 03:35:00,4,58.305540698035855,87.69358290593257,38.11936201210465,1
2024-01-01 03:36:00,4,59.09209251771361,87.37250285390829,38.09249790445368,1
2024-01-01 03:37:00,4,59.030877800426666,87.50120923044268,38.196450128414774,1
2024-01-01 03:38:00,4,83.1651400860826,97.65516636217465,36.968200854196446,0
2024-01-01 03:39:00,4,81.03005925160237,97.27575321034374,36.88137640262006,0
2024-01-01 03:40:00,4,84.59299698874646,97.25189077562621,37.12990780825767,0
2024-01-01 03:41:00,4,80.2175990550082,97.9713220825621,36.874141745217315,0
2024-01-01 03:42:00,4,80.9098998816977,97.29453630660892,37.03260753802705,0
2024-01-01 03:43:00,4,83.36009252621982,97.78830761166023,37.071564019387935,0
2024-01-01 03:44:00,4,84.88707668592053,97.45273639403148,37.24726273769394,0
2024-01-01 03:45:00,4,84.57310832882658,97.37650317852534,36.98394948043797,0
2024-01-01 03:46:00,4,83.14196976546832,97.39465460435456,36.988736180233694,0
2024-01-01 03:47:00,4,84.2561345815981,97.44581176044392,37.09956972348999,0
2024-01-01 03:48:00,4,81.25956103494627,97.7240737176517,37.09107702442795,0
2024-01-01 03:49:00,4,82.29055020958083,97.60591239294197,36.993946312945866,0
2024-01-01 03:50:00,4,82.34438495000519,97.4105358748319,37.044205615342285,0
2024-01-01 03:51:00,4,81.51125944541816,97.07782487809658,36.94938859310828,0
2024-01-01 03:52:00,4,82.76562343558714,97.45321179527119,37.06515253581875,0
2024-01-01 03:53:00,4,83.08958954167935,97.47371868378114,36.85851084839816,0
2024-01-01 03:54:00,4,82.60551831158169,97.69688406601583,37.30604896006539,0
2024-01-01 03:55:00,4,83.03932308581761,97.14915069188282,37.08476052256155,0
2024-01-01 03:56:00,4,52.85237166423424,87.34243466609728,37.899877942166285,1
2024-01-01 03:57:00,4,89.36912109193399,77.33405133786823,38.48062957815329,1
2024-01-01 03:58:00,4,87.80872212600215,77.42578377885559,38.39948631591418,1
2024-01-01 03:59:00,4,87.82888382726442,77.45302932889086,38.420318037781804,1
2024-01-01 04:00:00,4,85.88731818569221,77.52033025755115,38.52072989196296,1
2024-01-01 04:01:00,4,116.78762384248209,87.05147138197695,37.636102831053776,1
2024-01-01 04:02:00,4,86.90384540595959,97.46280082172296,36.9842073948604,0
2024-01-01 04:03:00,4,80.39144206431266,97.4750646561567,36.8026614580724,0
2024-01-01 04:04:00,4,83.27872112244754,97.43866176602161,36.92769948422361,0
2024-01-01 04:05:00,4,85.6264236075335,97.3857728632374,36.931662352289706,0
2024-01-01 04:06:00,4,83.07465798949653,96.7349655249859,36.99275458179823,0
2024-01-01 04:07:00,4,82.60017798674313,97.53015798409169,36.96715266079193,0
2024-01-01 04:08:00,4,82.49083272250205,97.21945679268664,36.75868820859241,0
2024-01-01 04:09:00,4,84.47879902793211,97.53437707771745,36.88354855306324,0
2024-01-01 04:10:00,4,89.10439318827622,97.65916971659752,36.862694971821476,0
2024-01-01 04:11:00,4,85.54945566908124,97.07139469559615,37.06059263902308,0
2024-01-01 04:12:00,4,81.69641662522244,97.52071074332581,36.93975900425835,0
2024-01-01 04:13:00,4,82.67547362630978,97.15435763979426,36.76581544388574,0
2024-01-01 04:14:00,4,83.41726913232361,97.39037429599247,36.87625856721975,0
2024-01-01 04:15:00,4,82.25381060024199,97.37101646318247,37.07799596018273,0
2024-01-01 04:16:00,4,81.89997203794768,97.54481061066761,36.89804956811217,0
2024-01-01 04:17:00,4,85.51022484619986,97.51240272465638,36.887467545926405,0
2024-01-01 04:18:00,4,83.02334806100076,97.44050344237365,36.935824913885725,0
2024-01-01 04:19:00,4,84.7915283081187,97.05664071573798,36.972873220502805,0
2024-01-01 04:20:00,4,87.6312642841624,96.87955259880603,36.93350731159274,0
2024-01-01 04:21:00,4,83.0360718345989,97.56214499535143,37.04757009289935,0
2024-01-01 04:22:00,4,84.65215625217614,97.52612677713176,36.92847436615019,0
2024-01-01 04:23:00,4,,,,1
2024-01-01 04:24:00,4,84.96972789986687,97.44050544325565,36.95740874106178,0
2024-01-01 04:25:00,4,86.75643683406416,97.3262409679843,36.80595566241176,0
2024-01-01 04:26:00,4,86.67070819196852,97.58242463626028,37.111312720877976,0
2024-01-01 04:27:00,4,84.27571693204096,97.37884641309421,37.04588934598647,0
2024-01-01 04:28:00,4,83.17029186718406,97.53918297372982,36.87119354441661,0
2024-01-01 04:29:00,4,84.69876876037644,97.23333992466338,36.91432165416129,0
2024-01-01 04:30:00,4,84.34414823258167,97.40997871824132,36.98452900360402,0
2024-01-01 04:31:00,4,85.18079013072979,97.26733249983616,36.93860118907972,0
2024-01-01 04:32:00,4,83.00596536008389,97.22304392778602,36.92890664359902,0
2024-01-01 04:33:00,4,83.49082450117814,96.87760237148328,36.96637730463859,0
2024-01-01 04:34:00,4,83.87060927350811,97.52508715733377,36.948794608926654,0
2024-01-01 04:35:00,4,85.65602613376474,97.68711857641514,36.94689546899231,0
2024-01-01 04:36:00,4,85.93715905646845,97.05634392016508,36.917890218847646,0
2024-01-01 04:37:00,4,83.49119966678946,97.46939957796455,36.97032137510667,0
2024-01-01 04:38:00,4,82.06770227261418,97.45777668587924,36.92509270062286,0
2024-01-01 04:39:00,4,85.11011933836343,97.22116056182558,36.92531437587473,0
2024-01-01 04:40:00,4,85.86365638209251,97.17324593769986,37.037045683683566,0
2024-01-01 04:41:00,4,84.14633401529812,97.55348210433871,36.940646962005665,0
2024-01-01 04:42:00,4,83.00204757113748,97.52901738028393,36.92811832204878,0
2024-01-01 04:43:00,4,83.48777625564159,97.40088327895039,36.80396311040061,0
2024-01-01 04:44:00,4,87.7366646591321,97.20315779374651,36.806797499079664,0
2024-01-01 04:45:00,4,84.91553615309299,97.52158574695967,37.00262562428704,0
2024-01-01 04:46:00,4,86.51276736381465,97.13289747850503,36.94335461419244,0
2024-01-01 04:47:00,4,82.89352774068756,97.58083882132784,36.97590107334163,0
2024-01-01 04:48:00,4,86.93375112105011,97.6196271316193,36.90178638112055,0
2024-01-01 04:49:00,4,86.31599831216936,97.52593363333249,36.9196628904108,0
2024-01-01 04:50:00,4,84.33498019041542,97.3546291000819,36.863254465124065,0
2024-01-01 04:51:00,4,85.7706920755973,96.77299702823176,36.87309319286849,0
2024-01-01 04:52:00,4,87.15350108364748,97.24190583088733,36.83204531002386,0
2024-01-01 04:53:00,4,82.36222753216092,97.62820321296441,37.00507525417824,0
2024-01-01 04:54:00,4,83.53925814471604,97.45898273379693,36.79852326714607,0
2024-01-01 04:55:00,4,85.65106562615169,97.35495777209147,36.89848204645066,0
2024-01-01 04:56:00,4,84.65558354410538,97.12802906695792,36.850110130605394,0
2024-01-01 04:57:00,4,85.44957095670156,97.46536218457977,36.95902444413945,0
2024-01-01 04:58:00,4,86.01502506098457,96.94215057002488,36.884700317595396,0
2024-01-01 04:59:00,4,85.64749858830876,97.21882040117778,36.906202797694476,0
2024-01-01 05:00:00,4,84.15593726718612,97.59718771124786,36.878951111416484,0
2024-01-01 05:01:00,4,84.30487248956194,97.08454295279282,36.75714117002588,0
2024-01-01 05:02:00,4,87.79444119681891,97.36344136202176,36.90958371287983,0
2024-01-01 05:03:00,4,84.86697126054997,96.88634675709937,36.842842280220545,0
2024-01-01 05:04:00,4,87.41581871445209,97.10348099349181,36.77486225582389,0
2024-01-01 05:05:00,4,87.56526404444189,97.26594615201996,36.70818166353276,0
2024-01-01 05:06:00,4,83.16396335859213,97.29689214574078,36.76583052074004,0
2024-01-01 05:07:00,4,86.20694177913576,97.63575441824167,36.92228399369336,0
2024-01-01 05:08:00,4,82.5853736442749,97.11753562993263,37.02040616290944,0
2024-01-01 05:09:00,4,87.98982016816052,97.33329676480503,36.85442886597374,0
2024-01-01 05:10:00,4,85.14210785216184,97.3237333770393,36.74131369831523,0
2024-01-01 05:11:00,4,85.05434140073432,97.08871828505745,36.88104928996756,0
2024-01-01 05:12:00,4,83.05318984454722,97.39369307916196,36.945601952608655,0
2024-01-01 05:13:00,4,83.57880138311468,97.33213827388576,37.028467008362504,0
2024-01-01 05:14:00,4,85.25352059960122,97.13979372489969,36.96126337968459,0
2024-01-01 05:15:00,4,84.99169590654333,97.22939941960203,36.85581534633521,0
2024-01-01 05:16:00,4,84.04786207490643,96.99450011386193,36.88946123725651,0
2024-01-01 05:17:00,4,86.58297040729148,97.00523849939418,36.758286289256446,0
2024-01-01 05:18:00,4,84.82937929331625,97.17397204278734,36.9088653924978,0
2024-01-01 05:19:00,4,82.82079624778305,97.32369219198043,36.92122007787508,0
2024-01-01 05:20:00,4,86.29052043581491,97.1033959995258,36.576778867904096,0
2024-01-01 05:21:00,4,82.53865189415306,97.0426941179063,36.83948407404132,0
2024-01-01 05:22:00,4,81.01758830044248,97.1157162874218,36.972966578512654,0
2024-01-01 05:23:00,4,85.06384682067107,97.32344661815294,36.75560625983666,0
2024-01-01 05:24:00,4,82.81704216064527,96.88320682692404,36.60898384036401,0
2024-01-01 05:25:00,4,85.24133352933838,97.32168256081381,36.81759773420938,0
2024-01-01 05:26:00,4,86.52433109263684,97.24763529953735,36.926832508954874,0
2024-01-01 05:27:00,4,86.86693938175902,96.86974165612892,36.85818423580191,0
2024-01-01 05:28:00,4,85.89935633841719,97.08980813974529,36.8197427867788,0
2024-01-01 05:29:00,4,82.25787281130509,97.25987194665511,36.72344204700162,0
2024-01-01 05:30:00,4,83.47544562616537,96.74635273956918,36.705170769835924,0
2024-01-01 05:31:00,4,84.9321420026281,96.91715369362953,36.83229293478393,0
2024-01-01 05:32:00,4,84.95684267575439,96.81540149103951,36.80721535057306,0
2024-01-01 05:33:00,4,83.04804724950253,97.00014443299585,36.89740363439835,0
2024-01-01 05:34:00,4,84.01199439669413,97.31903488189546,36.855329855892926,0
2024-01-01 05:35:00,4,86.5623803561441,97.26688077733884,36.736112556611054,0
2024-01-01 05:36:00,4,85.95376626011146,97.00187759639175,36.83521397164748,0
2024-01-01 05:37:00,4,84.33379652869472,97.30447061671279,36.81785729443752,0
2024-01-01 05:38:00,4,87.01424388200307,97.22707854102383,36.64165053503097,0
2024-01-01 05:39:00,4,82.30596558411574,97.3451327101765,36.76542943695093,0
2024-01-01 05:40:00,4,86.60724498009131,97.06809944148752,36.812662099065214,0
2024-01-01 05:41:00,4,86.33569342266772,97.18931924987434,36.79466517133422,0
2024-01-01 05:42:00,4,86.46336629230194,97.75155698582762,36.83695575135081,0
2024-01-01 05:43:00,4,85.56619049900776,97.01096124356859,36.81262981816203,0
2024-01-01 05:44:00,4,83.66986564558647,97.05555706813021,36.838309970011515,0
2024-01-01 05:45:00,4,86.16325160016007,97.03244537572377,36.820408480594445,0
2024-01-01 05:46:00,4,84.15074061449701,97.04179251057792,36.8009124869609,0
2024-01-01 05:47:00,4,85.39498399133191,97.16717663811882,36.818737216918116,0
2024-01-01 05:48:00,4,83.5310431608408,97.06283642634914,36.76621068429939,0
2024-01-01 05:49:00,4,84.29920320900575,96.77389949503872,36.760410895069604,0
2024-01-01 05:50:00,4,84.70444147517459,97.04613031977708,36.811468891950874,0
2024-01-01 05:51:00,4,85.7921503536998,96.93290653681204,36.60040964572917,0
2024-01-01 05:52:00,4,86.12866301646865,96.68810966168722,36.76394581986191,0
2024-01-01 05:53:00,4,88.38705587807539,97.25846227998225,36.73016406180516,0
2024-01-01 05:54:00,4,85.29310140691197,96.91872305600828,36.71759552819606,0
2024-01-01 05:55:00,4,83.10239014421377,97.097407534528,36.76886452185531,0
2024-01-01 05:56:00,4,86.59859077901517,96.38557289494928,36.66620792304926,0
2024-01-01 05:57:00,4,85.67454764995544,97.11179072605181,36.76908474687938,0
2024-01-01 05:58:00,4,84.61896513553383,96.9449580741533,36.82318515520157,0
2024-01-01 05:59:00,4,84.19899690092736,96.69230511688828,36.90505169131759,0
2024-01-01 06:00:00,4,83.76352119315608,96.88852455613032,37.01991838517485,0
2024-01-01 06:01:00,4,83.69693768204104,96.85727692455487,36.617171752312984,0
2024-01-01 06:02:00,4,82.5585859208085,97.14031141158102,36.70669550312191,0
2024-01-01 06:03:00,4,86.93001298366644,97.00389661902459,36.769110569971495,0
2024-01-01 06:04:00,4,85.8678773583357,96.6769494028364,36.81413684632486,0
2024-01-01 06:05:00,4,85.18348765642735,97.06478543814005,36.83692655749922,0
2024-01-01 06:06:00,4,83.75477781935386,96.55857535324066,36.739657627664776,0
2024-01-01 06:07:00,4,87.17372663486891,96.74335035715515,36.54813337905835,0
2024-01-01 06:08:00,4,82.15224082763811,96.96693913211725,36.90462715330033,0
2024-01-01 06:09:00,4,84.72985902856927,96.8347955079181,36.85173287891138,0
2024-01-01 06:10:00,4,86.95427929275161,97.19364690492691,36.8731233453425,0
2024-01-01 06:11:00,4,81.00268097665698,96.9848220010299,36.78070250875992,0
2024-01-01 06:12:00,4,85.33779846922968,97.07180589400288,36.83768553596752,0
2024-01-01 06:13:00,4,83.66295501572677,97.0756226888099,36.60303921795236,0
2024-01-01 06:14:00,4,85.22297143394034,96.84931328732293,36.69643683934203,0
2024-01-01 06:15:00,4,84.22893783532533,96.720525624674,36.923402924390174,0
2024-01-01 06:16:00,4,86.16222130236069,96.91929537865467,36.80760523665782,0
2024-01-01 06:17:00,4,87.43673574687202,97.09840954399242,36.99201218370431,0
2024-01-01 06:18:00,4,89.99492026438854,96.87409745932256,36.70821712764887,0
2024-01-01 06:19:00,4,84.73789711400984,97.03453374158057,37.06153940749018,0
2024-01-01 06:20:00,4,86.43688163543285,96.90659260599331,37.07653273432569,0
2024-01-01 06:21:00,4,85.64129367265649,96.59711576171742,36.743206220985435,0
2024-01-01 06:22:00,4,85.78500816672963,96.60984165955624,36.762991246942484,0
2024-01-01 06:23:00,4,87.90011485519545,97.2116729865788,36.93440399064197,0
2024-01-01 06:24:00,4,83.57560833761235,96.66140049438454,36.753728022222404,0
2024-01-01 06:25:00,4,84.22271570700363,96.76312229309002,36.784279558572855,0
2024-01-01 06:26:00,4,84.58343947469395,97.06990176375359,36.73838683672505,0
2024-01-01 06:27:00,4,82.95960119259168,96.64362770256895,36.741978694873126,0
2024-01-01 06:28:00,4,84.92107099714221,96.7411953027061,36.82533465279847,0
2024-01-01 06:29:00,4,86.23449389745699,96.83133902942426,36.787139804140416,0
2024-01-01 06:30:00,4,86.56962205334277,96.80098879467371,36.606567126181766,0
2024-01-01 06:31:00,4,84.5394018124461,96.67113398088424,36.960632567924556,0
2024-01-01 06:32:00,4,87.18509131283494,96.8223355968881,36.977516633662944,0
2024-01-01 06:33:00,4,80.74723183365133,96.99266715836879,36.86991145974907,0
2024-01-01 06:34:00,4,89.53914983505378,96.82809159379086,36.8323689546576,0
2024-01-01 06:35:00,4,86.01629923582139,96.71681162664993,36.727358753746245,0
2024-01-01 06:36:00,4,84.01412675473794,97.03356950028765,36.775940505653324,0
2024-01-01 06:37:00,4,85.79222485106132,97.1814982783022,36.93225583885794,0
2024-01-01 06:38:00,4,84.55528301866984,97.02710351217482,36.88437521888372,0
2024-01-01 06:39:00,4,80.67506861222202,96.60730294019015,36.87138477889689,0
2024-01-01 06:40:00,4,84.9397755626189,96.60850533149657,36.876938048535436,0
2024-01-01 06:41:00,4,86.66124996901958,96.91115721606384,36.93474210225663,0
2024-01-01 06:42:00,4,86.75790493687578,96.85388776548082,36.921104336021344,0
2024-01-01 06:43:00,4,85.32561296503646,96.57065772404178,36.9001873759805,0
2024-01-01 06:44:00,4,86.72947031208828,96.86884824915914,36.7978425101218,0
2024-01-01 06:45:00,4,85.67632948041921,96.82729809362327,37.0025543069778,0
2024-01-01 06:46:00,4,85.24193710886246,97.09908551333798,36.78710238761107,0
2024-01-01 06:47:00,4,83.40994826097386,96.71239499106184,36.750224065180646,0
2024-01-01 06:48:00,4,84.08447507673264,97.07282261513289,36.78225530597235,0
2024-01-01 06:49:00,4,84.2569488247654,97.07760901410195,36.72107347410401,0
2024-01-01 06:50:00,4,85.33121868955223,96.65296441899288,36.9001421127184,0
2024-01-01 06:51:00,4,86.35697162989462,96.85442741744144,36.84204431447306,0
2024-01-01 06:52:00,4,83.51202854288957,96.73740094010736,36.95790863298309,0
2024-01-01 06:53:00,4,81.94739306115655,96.72529806353124,36.602075469357246,0
2024-01-01 06:54:00,4,87.60028272415477,96.82113535637318,36.86949855169296,0
2024-01-01 06:55:00,4,82.77318030331594,96.61002363258022,36.82444354440572,0
2024-01-01 06:56:00,4,85.6800879671109,96.44509264802254,36.81731808661983,0
2024-01-01 06:57:00,4,85.1955560029563,96.65392019157532,36.74958428126111,0
2024-01-01 06:58:00,4,83.98962452039633,96.99266354292773,36.85981224256488,0
2024-01-01 06:59:00,4,85.88213249863209,96.71202078708146,36.78080144782646,0
2024-01-01 07:00:00,4,82.24069472925736,96.74424911417825,37.01108738933562,0
2024-01-01 07:01:00,4,87.90596697760562,96.9036616258883,36.92369815241425,0
2024-01-01 07:02:00,4,89.90263270445368,96.42195224999304,36.96102995992701,0
2024-01-01 07:03:00,4,87.08289316427947,96.8254794685077,36.690770145284404,0
2024-01-01 07:04:00,4,82.9888834199304,97.06792165246267,36.955312059497835,0
2024-01-01 07:05:00,4,79.94550894865725,96.74857042988381,36.947851423458545,0
2024-01-01 07:06:00,4,85.53924843421369,96.342002285187,36.830068832739215,0
2024-01-01 07:07:00,4,81.98522930377263,96.70767453622638,36.854066587688926,0
2024-01-01 07:08:00,4,83.73292672006424,96.8413720144725,36.776466858177265,0
2024-01-01 07:09:00,4,,,,1
2024-01-01 07:10:00,4,87.78060463855026,96.76663520247342,36.93533185221807,0
2024-01-01 07:11:00,4,87.98329708693998,96.78710749403777,36.81403010168941,0
2024-01-01 07:12:00,4,84.70333822186335,96.5186000324238,36.88669128799855,0
2024-01-01 07:13:00,4,86.28607091499647,96.54008349722056,37.139777695528714,0
2024-01-01 07:14:00,4,80.49616725578251,96.6241138206249,36.78949055675313,0
2024-01-01 07:15:00,4,81.46674420244584,96.77310857293807,36.92275848178634,0
2024-01-01 07:16:00,4,83.87448215558715,96.45331190981555,36.78835681975746,0
2024-01-01 07:17:00,4,86.11910689186149,97.09897423611964,36.745401785936,0
2024-01-01 07:18:00,4,83.56914875072975,96.19962687347743,36.97611000599612,0
2024-01-01 07:19:00,4,86.01257047435746,96.33958992646652,36.857741350337555,0
2024-01-01 07:20:00,4,82.08524507298496,96.78831977162635,37.06063190416389,0
2024-01-01 07:21:00,4,84.58133954170044,96.76777004075838,36.95976289369542,0
2024-01-01 07:22:00,4,85.46178464320047,96.6564857943673,36.826695494191085,0
2024-01-01 07:23:00,4,85.86139368879132,96.80292498935027,36.81989541580631,0
2024-01-01 07:24:00,4,83.42784979489385,96.77797580834945,36.98198317313332,0
2024-01-01 07:25:00,4,84.37250470017396,96.6612273465856,36.80697834719538,0
2024-01-01 07:26:00,4,81.21772873136878,96.71166035601286,36.80653528030775,0
2024-01-01 07:27:00,4,84.07289541377821,96.02668610114182,36.74508659248193,0
2024-01-01 07:28:00,4,86.43009965542497,96.62506154024655,36.98173680425968,0
2024-01-01 07:29:00,4,83.72445986392688,96.63903697243154,36.84084010848144,0
2024-01-01 07:30:00,4,82.73770002421007,97.02804900500333,36.96019194804832,0
2024-01-01 07:31:00,4,85.77956764984249,96.47728232664142,36.79642670288027,0
2024-01-01 07:32:00,4,88.77010196698001,96.6322062985409,36.765261914108734,0
2024-01-01 07:33:00,4,88.52902215771385,96.92109554365142,37.003527401386485,0
2024-01-01 07:34:00,4,84.6879480412222,96.74540823611189,36.91816648735847,0
2024-01-01 07:35:00,4,85.6885557946193,96.63546364340237,36.868676231128696,0
2024-01-01 07:36:00,4,87.40708110111045,96.81996798791667,36.890340721214464,0
2024-01-01 07:37:00,4,84.59451370258033,96.46606079928024,36.8931972898861,0
2024-01-01 07:38:00,4,85.01647446898649,96.96679728880757,37.147423211683204,0
2024-01-01 07:39:00,4,83.42966110523415,96.74739369704864,36.97305925963302,0
2024-01-01 07:40:00,4,88.79312392689063,96.29088995193297,36.96294426109478,0
2024-01-01 07:41:00,4,85.47608719685998,96.4922580452227,36.876234007399596,0
2024-01-01 07:42:00,4,83.48527192387542,96.17904037531112,37.032809786701684,0
2024-01-01 07:43:00,4,82.85020668475774,96.76697779256017,36.84145241128018,0
2024-01-01 07:44:00,4,80.26734594417238,96.71783185328738,37.01111223437682,0
2024-01-01 07:45:00,4,80.8014406770389,96.51041144517153,37.014221494267524,0
2024-01-01 07:46:00,4,82.49073086954049,96.83990489377017,37.06614069714826,0
2024-01-01 07:47:00,4,85.78006151362173,96.58052522060522,36.77011662750461,0
2024-01-01 07:48:00,4,84.55584030815767,97.11933609648479,37.08227877887515,0
2024-01-01 07:49:00,4,81.37404501511922,96.35223100264128,37.00752704161732,0
2024-01-01 07:50:00,4,82.01048361609708,96.71794621627468,36.89931111355544,0
2024-01-01 07:51:00,4,84.40642369652475,96.50764930429933,36.76142275393866,0
2024-01-01 07:52:00,4,87.16969953651653,96.44927439581615,36.939324365009234,0
2024-01-01 07:53:00,4,81.59819004071127,96.54765443610988,37.00123964832058,0
2024-01-01 07:54:00,4,84.699177660145,96.65328409905412,36.83315304860518,0
2024-01-01 07:55:00,4,82.86946694983749,96.58919202356313,36.90268165699376,0
2024-01-01 07:56:00,4,82.90635357726029,96.71074943063759,36.86405168555523,0
2024-01-01 07:57:00,4,81.37102686984494,96.69432120251058,36.94953889446084,0
2024-01-01 07:58:00,4,84.94940222510884,96.86095652652487,36.886806985576634,0
2024-01-01 07:59:00,4,82.70219203667,96.32820695095582,37.21527915177542,0
2024-01-01 08:00:00,4,82.94990875308383,96.25479540853513,37.08724187523111,0
2024-01-01 08:01:00,4,85.59965496978133,96.55055261014769,36.892936086718926,0
2024-01-01 08:02:00,4,85.68187368468509,96.40326261191413,36.9101180842735,0
2024-01-01 08:03:00,4,82.12692966998294,96.73468296366404,36.86063993976623,0
2024-01-01 08:04:00,4,84.15798427078268,96.34427370445997,36.99631351337476,0
2024-01-01 08:05:00,4,85.35401342844158,96.44589207864274,37.19147739512383,0
2024-01-01 08:06:00,4,83.15178890691996,96.48736046782717,37.13630835102207,0
2024-01-01 08:07:00,4,84.83655222767196,96.90498189727121,37.038985107965914,0
2024-01-01 08:08:00,4,82.83550480740033,96.97148254961733,36.99237025656595,0
2024-01-01 08:09:00,4,82.75702894136748,96.31979053615355,37.07953489314115,0
2024-01-01 08:10:00,4,81.56155858749428,96.10707663168596,37.05497043818304,0
2024-01-01 08:11:00,4,86.82631558152897,96.42960802601539,37.07287736636473,0
2024-01-01 08:12:00,4,82.40985176547176,96.53523627049391,37.05190780359902,0
2024-01-01 08:13:00,4,81.75226053563665,96.53257179020801,37.079234620119905,0
2024-01-01 08:14:00,4,81.23982382498241,96.5223233606919,36.89527030833879,0
2024-01-01 08:15:00,4,83.47537980907228,96.70066923007914,37.02786785135335,0
2024-01-01 08:16:00,4,81.24805531034896,96.4552857639789,37.065816568515885,0
2024-01-01 08:17:00,4,81.83230657319552,96.5769109983764,37.0015155656583,0
2024-01-01 08:18:00,4,84.83061326875573,96.66160701458377,36.92279334455042,0
2024-01-01 08:19:00,4,84.1052683871194,96.5750197645657,37.05063257121326,0
2024-01-01 08:20:00,4,80.49218230276088,96.66477881879464,37.46743143714437,0
2024-01-01 08:21:00,4,84.60728656167123,96.18658892964078,36.972854777714744,0
2024-01-01 08:22:00,4,83.19788286841347,96.54964456856922,37.04345215679906,0
2024-01-01 08:23:00,4,85.38114192560049,96.57131521687984,37.186320190284086,0
2024-01-01 08:24:00,4,85.91715678818598,96.49088421615524,37.239987236591226,0
2024-01-01 08:25:00,4,79.838034007742,96.40315217805616,37.00682824719778,0
2024-01-01 08:26:00,4,84.55869357176155,96.6136381964752,37.16408996350141,0
2024-01-01 08:27:00,4,86.27295434126394,96.54474438282598,37.14921324582796,0
2024-01-01 08:28:00,4,83.39637355137015,96.50842827641252,37.02190287614775,0
2024-01-01 08:29:00,4,84.32710263475103,96.45209645016185,37.13746669378637,0
2024-01-01 08:30:00,4,83.37404961107357,96.45879091273561,37.06008592686659,0
2024-01-01 08:31:00,4,84.85624973886414,96.3624637817069,37.017124420991415,0
2024-01-01 08:32:00,4,83.63752013926108,96.41935834634168,37.25410395121462,0
2024-01-01 08:33:00,4,78.79878498420445,96.32560181672517,37.14951179143699,0
2024-01-01 08:34:00,4,82.57396575399113,96.4350301466344,36.918765327897205,0
2024-01-01 08:35:00,4,82.41743661381355,96.58437967478979,37.076524942566095,0
2024-01-01 08:36:00,4,84.18917230167717,96.67454879087296,37.03968469212996,0
2024-01-01 08:37:00,4,85.08769105521885,96.4994862538517,37.07288957116674,0
2024-01-01 08:38:00,4,82.2509053020832,96.49311736022588,37.14785457408067,0
2024-01-01 08:39:00,4,80.2285935336113,96.53687845498514,37.12788751917671,0
2024-01-01 08:40:00,4,83.26273118697222,96.70399542032132,37.244225715822125,0
2024-01-01 08:41:00,4,81.07021152939615,96.46159933793004,37.22525710346307,0
2024-01-01 08:42:00,4,81.38164857692041,96.59849468415702,36.98391848194829,0
2024-01-01 08:43:00,4,87.32947238162744,96.57937552878988,37.09769502551955,0
2024-01-01 08:44:00,4,81.18121135860015,96.37993423328899,36.9150472838577,0
2024-01-01 08:45:00,4,79.37814283861992,96.64541027885865,37.01223823552593,0
2024-01-01 08:46:00,4,83.68612553982899,96.08910020138536,36.904509964524344,0
2024-01-01 08:47:00,4,83.8640239993761,96.71538341703985,36.959411164989206,0
2024-01-01 08:48:00,4,84.17790096109299,96.26375091399454,37.25834313814417,0
2024-01-01 08:49:00,4,84.07108971564176,96.47434509861932,37.19570552394856,0
2024-01-01 08:50:00,4,82.65311943884907,96.66755964754206,37.18422184017046,0
2024-01-01 08:51:00,4,82.64450731736949,96.416012952486,37.24210977398778,0
2024-01-01 08:52:00,4,84.18164574033261,96.54794245521511,37.18788537859075,0
2024-01-01 08:53:00,4,85.48981557978189,96.66986870375449,37.12015447923071,0
2024-01-01 08:54:00,4,79.7211354768182,96.87024707125003,37.07169289360417,0
2024-01-01 08:55:00,4,80.99582814976827,96.49739846037187,37.30216425056971,0
2024-01-01 08:56:00,4,83.4379633683434,96.53620889692647,37.265187763891234,0
2024-01-01 08:57:00,4,82.66142071250114,96.50822396314277,37.11452971324291,0
2024-01-01 08:58:00,4,78.53992505233055,96.4557977244725,37.21476556884414,0
2024-01-01 08:59:00,4,80.94380303525703,96.23086195174825,36.861165316077475,0
2024-01-01 09:00:00,4,82.66484866180939,96.27584008164494,37.22353759158903,0
2024-01-01 09:01:00,4,82.05367867872965,96.49717983228113,37.09386652089393,0
2024-01-01 09:02:00,4,81.27947739457797,96.56832592033041,37.417000467681945,0
2024-01-01 09:03:00,4,86.65423748058255,96.75250243976147,37.26259557346393,0
2024-01-01 09:04:00,4,81.88492594520969,96.45842037823583,36.95202099356078,0
2024-01-01 09:05:00,4,82.36528173442244,96.80628497733483,37.07988988014769,0
2024-01-01 09:06:00,4,82.13745699399693,96.25987307355712,37.158782503569874,0
2024-01-01 09:07:00,4,82.26307311863944,96.54306740180398,37.15015894193945,0
2024-01-01 09:08:00,4,81.88327463938481,96.44789398530558,37.1472941083052,0
2024-01-01 09:09:00,4,77.61104240732368,96.23916770207376,37.25615295123402,0
2024-01-01 09:10:00,4,79.7631874094824,96.16343345591426,37.10520004664592,0
2024-01-01 09:11:00,4,81.08157696280557,96.4155296011904,37.153615405053365,0
2024-01-01 09:12:00,4,83.30429748713786,96.43095635175554,37.31499885677437,0
2024-01-01 09:13:00,4,81.0477538013543,96.32577642575411,37.31812883922511,0
2024-01-01 09:14:00,4,79.95085747035836,96.65626231958488,37.26316784691705,0
2024-01-01 09:15:00,4,83.46944232740917,96.42336170808012,37.131880060892264,0
2024-01-01 09:16:00,4,84.25004384905357,96.3077686167514,37.09755039315687,0
2024-01-01 09:17:00,4,78.44933922719171,96.45853744972544,37.16555474741439,0
2024-01-01 09:18:00,4,81.67545911416536,96.3801692610651,37.17390143624398,0
2024-01-01 09:19:00,4,76.10795664283606,96.83653466367134,37.16886619344531,0
2024-01-01 09:20:00,4,80.79201903136506,96.44484374909821,37.22934179674259,0
2024-01-01 09:21:00,4,85.1501707779628,96.32513776786536,37.21106226276952,0
2024-01-01 09:22:00,4,81.53151659167264,96.83853580529988,37.208139726070485,0
2024-01-01 09:23:00,4,78.5516678273209,96.6553883137048,37.130797720890065,0
2024-01-01 09:24:00,4,78.56699917268742,96.53254605349349,37.05877107616329,0
2024-01-01 09:25:00,4,79.38059261801338,96.35297105714932,37.24929102323777,0
2024-01-01 09:26:00,4,79.86835339510198,96.66651143806399,37.18702708370181,0
2024-01-01 09:27:00,4,77.39186821444801,96.22153611859633,37.2229391234414,0
2024-01-01 09:28:00,4,81.80155667669231,96.65392614851189,37.226799194070495,0
2024-01-01 09:29:00,4,,,,1
2024-01-01 09:30:00,4,80.37347750433139,96.71549928776136,37.35732138378468,0
2024-01-01 09:31:00,4,85.13059027643948,96.0465608526664,37.12963410767459,0
2024-01-01 09:32:00,4,80.14534142526064,96.33572685296593,37.324480947992626,0
2024-01-01 09:33:00,4,83.3749125388836,96.32114087273403,37.23046215769633,0
2024-01-01 09:34:00,4,78.15882401805516,96.29877350790488,37.08101723092521,0
2024-01-01 09:35:00,4,81.49891779605309,96.60867216986725,37.118955836381126,0
2024-01-01 09:36:00,4,81.76381501756238,96.46595599104127,37.121620245955924,0
2024-01-01 09:37:00,4,79.40709844590798,96.35213068690874,37.12815164997679,0
2024-01-01 09:38:00,4,81.12719694046018,96.30720485012806,37.01512437818359,0
2024-01-01 09:39:00,4,79.31557764058512,96.33703391398726,37.11292811527237,0
2024-01-01 09:40:00,4,80.0975188009597,96.70391511803444,37.29019376582845,0
2024-01-01 09:41:00,4,80.11966775110587,96.5189453684727,37.30107922297471,0
2024-01-01 09:42:00,4,77.83866436615777,96.70011938497737,37.12709265340322,0
2024-01-01 09:43:00,4,81.65920758295724,97.0683767431525,37.008013015422975,0
2024-01-01 09:44:00,4,81.76120597953691,96.53350237599199,37.25893950407844,0
2024-01-01 09:45:00,4,79.79423333023993,96.25533700812703,37.088488104905736,0
2024-01-01 09:46:00,4,80.9886162114946,96.51303887106806,37.09677311987931,0
2024-01-01 09:47:00,4,78.62850869455461,96.91800075059392,37.16900586399989,0
2024-01-01 09:48:00,4,77.92678721429672,96.76130388047139,37.16005530166201,0
2024-01-01 09:49:00,4,79.59484491994289,96.4165562472143,37.11910580828091,0
2024-01-01 09:50:00,4,81.73994022175569,96.48679778802092,37.128486544858944,0
2024-01-01 09:51:00,4,80.17012327295602,96.70448456249379,37.148543228124694,0
2024-01-01 09:52:00,4,79.40697778876087,96.64730591734896,37.12761530377759,0
2024-01-01 09:53:00,4,80.91815074433703,96.71047309120048,37.13414811243575,0
2024-01-01 09:54:00,4,78.37788907105084,96.50750876999939,37.16889234879614,0
2024-01-01 09:55:00,4,77.71978071598916,96.63505032437666,37.23497539093429,0
2024-01-01 09:56:00,4,79.42943728356042,96.49832530890028,37.224684992896414,0
2024-01-01 09:57:00,4,78.39726366985994,96.8401443887891,37.14566844611459,0
2024-01-01 09:58:00,4,77.68065514762381,96.25831317140758,37.1682876526306,0
2024-01-01 09:59:00,4,81.82993186962877,96.26107716774091,37.334429069696746,0
2024-01-01 10:00:00,4,84.39024893184687,96.42497011663559,37.298660398099585,0
2024-01-01 10:01:00,4,76.83711046541049,96.43443937610309,37.25478737327831,0
2024-01-01 10:02:00,4,79.07655261636774,96.2670521740549,37.0227666138472,0
2024-01-01 10:03:00,4,80.21917421834111,96.23332838990495,37.210504784143346,0
2024-01-01 10:04:00,4,76.39085965126635,96.79064970879676,37.1321181478858,0
2024-01-01 10:05:00,4,79.34827746136757,96.54589250013474,37.10384564325133,0
2024-01-01 10:06:00,4,79.45521780359998,96.53313450901747,37.163325102625095,0
2024-01-01 10:07:00,4,80.67689731878241,96.59533511281457,37.30376440873756,0
2024-01-01 10:08:00,4,78.13296705027665,96.90614476240576,37.2876134832462,0
2024-01-01 10:09:00,4,78.51076211364608,96.61224590881717,37.136529001403844,0
2024-01-01 10:10:00,4,81.5440133703069,96.56923964367758,37.206603097002926,0
2024-01-01 10:11:00,4,80.40110800356537,96.46650256292615,37.15561171109823,0
2024-01-01 10:12:00,4,80.97931005025396,96.71637764952882,37.17335377878963,0
2024-01-01 10:13:00,4,75.97622144476023,96.58630683134092,37.296674872171224,0
2024-01-01 10:14:00,4,78.10865223335853,96.93222915547254,37.19012884765532,0
2024-01-01 10:15:00,4,82.43868376491278,96.57231008374289,37.02021705962185,0
2024-01-01 10:16:00,4,79.19903518751967,96.80867711963133,37.20926240637748,0
2024-01-01 10:17:00,4,79.0761437429147,96.46765003051438,37.37645453751295,0
2024-01-01 10:18:00,4,79.12368359826502,96.46844053892573,37.124208567341334,0
2024-01-01 10:19:00,4,82.38869263982241,96.25002549531257,37.348420160658854,0
2024-01-01 10:20:00,4,77.71671257930744,96.77708262093107,37.2546366349838,0
2024-01-01 10:21:00,4,80.51241467981549,96.61337622571176,37.30980733997133,0
2024-01-01 10:22:00,4,79.65763910186054,96.75179782005414,37.27898368892239,0
2024-01-01 10:23:00,4,76.35753875934992,96.96601191279733,37.208444286399654,0
2024-01-01 10:24:00,4,78.45284712391333,96.46036268797317,37.12853298076349,0
2024-01-01 10:25:00,4,77.34253130428846,96.43305101868741,37.20658490057076,0
2024-01-01 10:26:00,4,76.42358174721534,96.47819419894716,37.211463269060914,0
2024-01-01 10:27:00,4,81.3227899086071,96.21792584924103,37.28439635940294,0
2024-01-01 10:28:00,4,76.44987044127278,96.6030134844269,36.96120256926501,0
2024-01-01 10:29:00,4,80.34812238368205,96.82155409805377,37.042347801107276,0
2024-01-01 10:30:00,4,77.08594919912174,96.6576073814898,37.20796458742147,0
2024-01-01 10:31:00,4,81.48359795367607,96.33672988635419,37.216575105457466,0
2024-01-01 10:32:00,4,77.88866524442156,96.58267493560379,37.0955158452776,0
2024-01-01 10:33:00,4,79.35905535294033,96.68225169716824,37.21687127823848,0
2024-01-01 10:34:00,4,77.51455754249552,96.85291150842554,37.24785305743984,0
2024-01-01 10:35:00,4,74.2723807338693,96.8229206922194,37.1593897080589,0
2024-01-01 10:36:00,4,75.23058685730575,96.59777424908539,37.32062859156468,0
2024-01-01 10:37:00,4,74.72871948252175,96.60068948801393,37.33809939896549,0
2024-01-01 10:38:00,4,78.99159592574816,96.79225907965039,37.18738509443577,0
2024-01-01 10:39:00,4,78.38566124198724,96.55809117198255,37.25801545487041,0
2024-01-01 10:40:00,4,79.59131884163688,96.85116807410942,37.00298378923449,0
2024-01-01 10:41:00,4,77.00249169226267,96.5516638930094,37.27861923550905,0
2024-01-01 10:42:00,4,73.97711759291423,96.99708255133142,37.31651346728216,0
2024-01-01 10:43:00,4,80.88233216127001,96.73732540560634,37.066978112178475,0
2024-01-01 10:44:00,4,80.21713402293317,96.30178123373646,37.228765354593904,0
2024-01-01 10:45:00,4,78.94368477607546,96.82526119779519,36.97828417324586,0
2024-01-01 10:46:00,4,80.37621397717986,96.75162734158666,37.08547942512558,0
2024-01-01 10:47:00,4,77.90981826965532,96.80139864963773,37.11061403021565,0
2024-01-01 10:48:00,4,78.60183096920997,97.15807723476934,37.013632341833514,0
2024-01-01 10:49:00,4,76.62262623961693,96.65899756019058,37.13574248017789,0
2024-01-01 10:50:00,4,75.8468585622081,96.40433500234448,37.12755184224127,0
2024-01-01 10:51:00,4,74.79319576295234,96.97193340606636,37.21800508344649,0
2024-01-01 10:52:00,4,76.39928309456413,96.36613235833327,37.00329019085153,0
2024-01-01 10:53:00,4,83.1869395111189,96.57640505351293,37.215340272027966,0
2024-01-01 10:54:00,4,74.78058722950047,96.73776482059698,37.072388958730244,0
2024-01-01 10:55:00,4,75.90389606498752,96.55327738226228,37.02172843674102,0
2024-01-01 10:56:00,4,77.9633715520653,96.72397443586385,37.12818856196145,0
2024-01-01 10:57:00,4,82.49013699621827,96.71329148739704,37.22132483121225,0
2024-01-01 10:58:00,4,75.55377577046796,97.05135745223059,37.09582728305259,0
2024-01-01 10:59:00,4,76.35376852279649,96.26360740426131,37.19381181177491,0
2024-01-01 11:00:00,4,78.91186461232265,96.76920594162502,37.16846039580122,0
2024-01-01 11:01:00,4,78.75651245192704,96.57138663522022,37.45216070640501,0
2024-01-01 11:02:00,4,76.09531820379429,96.64684926612706,37.105536232224885,0
2024-01-01 11:03:00,4,75.77408013333577,96.89920780505612,37.11822288693491,0
2024-01-01 11:04:00,4,78.29547944279446,96.87064767265117,37.24371820278601,0
2024-01-01 11:05:00,4,76.7496382978024,96.83947925626266,37.12578601678349,0
2024-01-01 11:06:00,4,77.88979719159175,96.52324765382507,37.154064512253264,0
2024-01-01 11:07:00,4,76.93362731461252,97.01594936278997,36.95128785225833,0
2024-01-01 11:08:00,4,77.9324311894024,96.60748658455118,37.112725717144464,0
2024-01-01 11:09:00,4,78.09681525254206,97.06385516903003,37.05235092824809,0
2024-01-01 11:10:00,4,73.24900735120391,96.66065162964412,37.07283221426442,0
2024-01-01 11:11:00,4,76.17585399251828,97.00067286400667,37.14433842919933,0
2024-01-01 11:12:00,4,77.72657664820339,96.8188415029168,37.11107485963789,0
2024-01-01 11:13:00,4,78.63759163066885,96.46769153200191,37.19164322303587,0
2024-01-01 11:14:00,4,76.30968776454493,96.73541776573886,37.20766694710187,0
2024-01-01 11:15:00,4,73.24172498805221,97.15101945885431,37.09237080954378,0
2024-01-01 11:16:00,4,79.38619659663904,96.97928936801213,37.137842354863224,0
2024-01-01 11:17:00,4,78.55637172861036,96.73164206189003,36.902312079355696,0
2024-01-01 11:18:00,4,77.0130687882223,97.08346824587973,37.13490404086234,0
2024-01-01 11:19:00,4,75.8301461674339,96.88320227493537,37.20649627666057,0
2024-01-01 11:20:00,4,77.91680003027845,97.15949207909264,37.0079515368628,0
2024-01-01 11:21:00,4,75.763237571413,96.81920055874653,37.17219235579987,0
2024-01-01 11:22:00,4,78.38209650840527,96.78080272440103,37.04914214647999,0
2024-01-01 11:23:00,4,80.1804929438472,97.04094677061103,37.03435285285978,0
2024-01-01 11:24:00,4,75.56859682285695,96.89786523751268,37.23210635198065,0
2024-01-01 11:25:00,4,78.06158501919165,96.96313312500293,37.084048885113425,0
2024-01-01 11:26:00,4,75.1472266264055,96.6832864078677,37.171655653379915,0
2024-01-01 11:27:00,4,78.4690201006253,97.09423174031734,36.88733351082598,0
2024-01-01 11:28:00,4,75.87801799918427,97.06064534629256,37.019218596540654,0
2024-01-01 11:29:00,4,79.22346406972397,97.1387055798948,37.14895519651215,0
2024-01-01 11:30:00,4,75.72918227164989,96.6006583679058,40.0,1
2024-01-01 11:31:00,4,74.44576961213515,96.64429526348027,37.054555716566306,0
2024-01-01 11:32:00,4,75.52916827422102,96.73170214503362,37.1308946010621,0
2024-01-01 11:33:00,4,75.70838108613327,96.83745288931429,36.98490365597348,0
2024-01-01 11:34:00,4,76.58381491576331,96.62298612451826,37.18729395784072,0
2024-01-01 11:35:00,4,75.40997583303381,97.0212948883503,37.0418312713496,0
2024-01-01 11:36:00,4,76.51526699562443,96.81045281769231,36.979023982368176,0
2024-01-01 11:37:00,4,76.50709316312869,97.1535820740585,36.98308962454122,0
2024-01-01 11:38:00,4,75.08251217449804,97.32645703066711,37.04742935589313,0
2024-01-01 11:39:00,4,76.5507163646345,96.79215675714758,37.010415349503205,0
2024-01-01 11:40:00,4,74.67792838601981,96.7618080569269,37.10314858081524,0
2024-01-01 11:41:00,4,79.80652569668496,97.06902946276227,37.04335661233259,0
2024-01-01 11:42:00,4,76.36161560990146,96.94328089857845,37.00984804860117,0
2024-01-01 11:43:00,4,106.94447529455032,87.00213878586814,37.57823050190439,1
2024-01-01 11:44:00,4,105.28558092892247,87.1984068828405,37.487374539806616,1
2024-01-01 11:45:00,4,104.19150621353312,86.88252083148646,37.58689269559452,1
2024-01-01 11:46:00,4,107.26111745497693,86.72804188100592,37.56782271593212,1
2024-01-01 11:47:00,4,106.20529612451087,86.6994344371169,37.56112581320679,1
2024-01-01 11:48:00,4,70.27538280191722,96.91440627981105,36.994219254764914,0
2024-01-01 11:49:00,4,79.3096040668745,96.8838449061372,36.96446047174491,0
2024-01-01 11:50:00,4,76.89033505927145,97.13154381341826,37.10569478738092,0
2024-01-01 11:51:00,4,74.60892982195928,97.24141634597315,37.08362786122533,0
2024-01-01 11:52:00,4,76.5386829709217,97.2449851108959,36.9188184364481,0
2024-01-01 11:53:00,4,76.12706281199516,96.83141762336768,36.97372544171434,0
2024-01-01 11:54:00,4,76.23069409298819,96.8153458301952,37.14836754131924,0
2024-01-01 11:55:00,4,73.45541161520873,96.61767014615239,37.110183084768835,0
2024-01-01 11:56:00,4,75.29512770553559,96.98532549423228,36.89216402212581,0
2024-01-01 11:57:00,4,75.71330250475337,97.16602955904148,37.0077372538564,0
2024-01-01 11:58:00,4,77.52931389269548,96.85211561854153,37.045829926979586,0
2024-01-01 11:59:00,4,75.22704372401864,96.70178698130856,37.10067352762464,0
2024-01-01 12:00:00,4,75.84055499953273,97.37934892346348,37.011402297275566,0
2024-01-01 12:01:00,4,73.11395769345731,96.8655179710719,37.04445659308229,0
2024-01-01 12:02:00,4,75.02540727090809,96.9884431809366,37.08658600595393,0
2024-01-01 12:03:00,4,76.58132667851883,96.92199395596927,37.097403280217826,0
2024-01-01 12:04:00,4,,,,1
2024-01-01 12:05:00,4,73.98368783920223,97.20438192238565,36.99015936682366,0
2024-01-01 12:06:00,4,72.78839167322515,96.67857385424557,36.90718655370044,0
2024-01-01 12:07:00,4,,,,1
2024-01-01 12:08:00,4,72.90745034997128,97.09068984097003,36.93703632793764,0
2024-01-01 12:09:00,4,75.70995944691035,96.98769544573551,36.95631404949443,0
2024-01-01 12:10:00,4,74.04947409433827,96.99538858057437,36.96315398812484,0
2024-01-01 12:11:00,4,72.78322108902316,97.14098342548363,37.05132212151423,0
2024-01-01 12:12:00,4,78.81266020943461,96.92590683151664,37.0023307493001,0
2024-01-01 12:13:00,4,73.00733103512104,97.09416002577127,36.836822853333715,0
2024-01-01 12:14:00,4,75.61645036740077,96.8855105703048,37.01727995185671,0
2024-01-01 12:15:00,4,74.98967639658154,96.63726803080168,36.904793192739795,0
2024-01-01 12:16:00,4,74.77653356308886,97.19519382704709,36.84816870877387,0
2024-01-01 12:17:00,4,70.57487678252684,97.56354739418704,36.8403275308664,0
2024-01-01 12:18:00,4,76.73340656083889,97.19363785335185,36.96898423953295,0
2024-01-01 12:19:00,4,74.7885488560033,97.07524858889782,37.0555594139186,0
2024-01-01 12:20:00,4,75.94402161158159,97.00971186721634,36.92585594863089,0
2024-01-01 12:21:00,4,76.33996872057666,97.02027369754273,37.038142360923096,0
2024-01-01 12:22:00,4,77.44649009284318,97.01827491574517,36.95047123599013,0
2024-01-01 12:23:00,4,71.97900351678614,97.14168882031323,36.72384101431963,0
2024-01-01 12:24:00,4,72.49474539872263,96.62888560592916,36.99812558008793,0
2024-01-01 12:25:00,4,72.7248334301099,96.59838076898099,36.88021264162503,0
2024-01-01 12:26:00,4,72.11292361876585,97.20491742504485,36.85090705774174,0
2024-01-01 12:27:00,4,76.4454926628117,97.07909730137466,36.99129226882258,0
2024-01-01 12:28:00,4,71.75240105906221,96.9260085000732,36.94044360598623,0
2024-01-01 12:29:00,4,72.95697773521508,96.92473871606605,36.91789779901063,0
2024-01-01 12:30:00,4,70.40920068292374,97.0200629674726,36.93190972008891,0
2024-01-01 12:31:00,4,75.09300251347389,97.05214282277936,36.83508860045525,0
2024-01-01 12:32:00,4,73.33041761889177,97.4246781282922,37.09440082747926,0
2024-01-01 12:33:00,4,75.30910324300157,96.93018453518319,36.93228341601273,0
2024-01-01 12:34:00,4,74.90130071251343,97.30116067090913,36.92852567222913,0
2024-01-01 12:35:00,4,70.17326021625544,97.2705877154799,36.901607680019346,0
2024-01-01 12:36:00,4,73.78286891211917,97.11480080099038,36.746324760939494,0
2024-01-01 12:37:00,4,71.18849022330774,97.3138244095925,36.8382039337046,0
2024-01-01 12:38:00,4,73.60911622578556,97.25328979530553,36.780981320326944,0
2024-01-01 12:39:00,4,72.11166874003219,96.91783575268757,36.76910748907478,0
2024-01-01 12:40:00,4,76.90804561809432,97.05450735583716,36.74464871864967,0
2024-01-01 12:41:00,4,78.52471734321189,97.25481773544415,36.83303314289889,0
2024-01-01 12:42:00,4,72.66536933963056,97.0617404279679,36.896369141657644,0
2024-01-01 12:43:00,4,73.30995224251728,97.30755059694995,36.749886258514216,0
2024-01-01 12:44:00,4,68.49901914453949,97.42195431546337,36.95989346582576,0
2024-01-01 12:45:00,4,69.73776892348914,97.18805446523785,36.91747734869137,0
2024-01-01 12:46:00,4,73.75596834985627,97.07632698649653,36.86240213137396,0
2024-01-01 12:47:00,4,72.87608677224213,97.05758065780749,37.09964354687668,0
2024-01-01 12:48:00,4,73.740688446911,97.13262862610483,36.85725560594015,0
2024-01-01 12:49:00,4,71.25938915165781,97.12262111913289,36.95903806105793,0
2024-01-01 12:50:00,4,73.41814330214763,97.38622833682942,36.89808590629651,0
2024-01-01 12:51:00,4,67.71123070350386,97.10006900062704,37.018956447141356,0
2024-01-01 12:52:00,4,71.50924990400594,97.18613551312711,36.981506003035065,0
2024-01-01 12:53:00,4,73.61830946536051,97.38113578490383,36.8410339929984,0
2024-01-01 12:54:00,4,76.03586733856147,97.16308645490079,36.842674758690606,0
2024-01-01 12:55:00,4,72.36636911199837,97.14411430372876,36.73293253467332,0
2024-01-01 12:56:00,4,73.73761262601346,97.41107776969365,36.87672353355212,0
2024-01-01 12:57:00,4,71.17690674534995,97.47264832828303,36.928669279530666,0
2024-01-01 12:58:00,4,73.36054079602297,97.25213923090493,36.85511862895585,0
2024-01-01 12:59:00,4,71.44332233041582,97.58040504792282,36.99949085039639,0
2024-01-01 13:00:00,4,76.29837370759029,97.28519596245816,36.87208994009196,0
2024-01-01 13:01:00,4,71.68911140825806,97.4310734996125,36.98049284642962,0
2024-01-01 13:02:00,4,71.96507717237829,97.65055017163962,36.83763528631059,0
2024-01-01 13:03:00,4,73.81106202143366,97.13753702471871,36.73621852533366,0
2024-01-01 13:04:00,4,73.22567376352252,97.16270750617173,36.787921394635404,0
2024-01-01 13:05:00,4,71.4479977946063,97.43053763190457,36.84547437694372,0
2024-01-01 13:06:00,4,,,,1
2024-01-01 13:07:00,4,69.98563834315621,97.08976892250455,36.67981342115523,0
2024-01-01 13:08:00,4,72.50608676855626,97.21173906608843,36.64343901018065,0
2024-01-01 13:09:00,4,73.11029492349998,97.00221870461445,36.943442756402376,0
2024-01-01 13:10:00,4,71.12475873009696,97.29367078049435,36.87899177303624,0
2024-01-01 13:11:00,4,71.18868114012527,97.32491915244049,36.86645820835991,0
2024-01-01 13:12:00,4,70.62797542886445,97.5128196879593,36.85418956287644,0
2024-01-01 13:13:00,4,68.97377741757936,97.53544055520778,36.78109979181584,0
2024-01-01 13:14:00,4,72.63455064686237,97.23937964853928,36.91379424376954,0
2024-01-01 13:15:00,4,70.81239318613824,97.72780824819051,36.65897915317634,0
2024-01-01 13:16:00,4,72.83438313434623,97.09495646994773,36.62307226864831,0
2024-01-01 13:17:00,4,71.31544754781883,97.0331325761105,36.809920199467825,0
2024-01-01 13:18:00,4,72.86872362750339,97.06810656098362,36.84168771318161,0
2024-01-01 13:19:00,4,68.17087804215245,97.08564859610028,36.73896861439837,0
2024-01-01 13:20:00,4,69.26493538487402,97.47486359618496,36.66673884538165,0
2024-01-01 13:21:00,4,69.8322462172818,97.66299919778925,36.883859902735594,0
2024-01-01 13:22:00,4,73.86926664567878,97.67450904665155,36.782402172926915,0
2024-01-01 13:23:00,4,72.240560786952,96.95621001958983,36.891735826215346,0
2024-01-01 13:24:00,4,70.86654883198358,97.50773738866182,36.95170989293926,0
2024-01-01 13:25:00,4,70.39769196086277,97.64500404021364,36.65962399771202,0
2024-01-01 13:26:00,4,72.50446347043457,97.5423696772027,36.840188325504975,0
2024-01-01 13:27:00,4,70.09342873623558,97.21927425626717,36.84272090361747,0
2024-01-01 13:28:00,4,72.70243105986545,97.38276758240806,36.8911405127183,0
2024-01-01 13:29:00,4,70.7621179154989,97.16189729089243,36.76232448462813,0
2024-01-01 13:30:00,4,73.73653432575867,97.50477108934193,36.820248244233326,0
2024-01-01 13:31:00,4,69.2209627141346,97.06562646334247,36.88706318300742,0
2024-01-01 13:32:00,4,70.81408771082803,97.49845216600623,36.856534690035275,0
2024-01-01 13:33:00,4,69.19204548267308,97.22236478274138,36.9677496792204,0
2024-01-01 13:34:00,4,74.24629090819008,97.43999664628952,36.724137235680494,0
2024-01-01 13:35:00,4,70.99164170476871,97.31960591071226,36.83084501700398,0
2024-01-01 13:36:00,4,68.89534762511806,97.30115575763833,36.80070687135384,0
2024-01-01 13:37:00,4,69.0660246662247,97.56546936744347,36.78790892913712,0
2024-01-01 13:38:00,4,71.8586101269271,97.68427364366985,36.86663256922101,0
2024-01-01 13:39:00,4,67.15385041203854,97.20881834624457,36.818674304346175,0
2024-01-01 13:40:00,4,70.39485528365682,97.4219437082981,36.69983906836486,0
2024-01-01 13:41:00,4,69.00695197410572,97.17010055494595,36.90106231620904,0
2024-01-01 13:42:00,4,70.35311671941713,97.29803627920626,36.86420829522694,0
2024-01-01 13:43:00,4,70.83557630973775,97.24748600382863,36.95207564973661,0
2024-01-01 13:44:00,4,70.39694910749802,97.14370740864727,36.876776254312254,0
2024-01-01 13:45:00,4,70.02238837437505,97.61004438239111,36.78220342676487,0
2024-01-01 13:46:00,4,70.846786621587,97.42151042630066,36.78249403888026,0
2024-01-01 13:47:00,4,73.97644517164579,97.29408342433966,36.90621965255391,0
2024-01-01 13:48:00,4,72.98551129442572,97.39433981447205,36.72552108675937,0
2024-01-01 13:49:00,4,69.72349438930067,97.6477769797116,36.71137020787931,0
2024-01-01 13:50:00,4,71.8102373538121,97.61654498366573,36.823557163247315,0
2024-01-01 13:51:00,4,71.67359337933013,97.52514675762588,36.65180583868914,0
2024-01-01 13:52:00,4,69.52488507176975,97.28204980801098,36.83581363213207,0
2024-01-01 13:53:00,4,70.18103192614409,97.44219895180699,36.84767457225576,0
2024-01-01 13:54:00,4,71.2812359174294,97.20251032474694,36.77586384195552,0
2024-01-01 13:55:00,4,68.70724761655494,97.4055952008921,36.941138779259745,0
2024-01-01 13:56:00,4,69.64855568160276,97.62095224803659,36.912997499771166,0
2024-01-01 13:57:00,4,69.69629889945348,97.66028312804913,36.72227901630783,0
2024-01-01 13:58:00,4,69.51430486484035,97.30132711372148,36.865610625166134,0
2024-01-01 13:59:00,4,69.39769594228734,97.59862421788552,36.898457130502536,0
2024-01-01 14:00:00,4,70.8623254665106,97.55972186699049,36.80828270677232,0
2024-01-01 14:01:00,4,69.99322770164062,97.38830701529092,36.75686186761135,0
2024-01-01 14:02:00,4,71.18130784726088,97.5877653596413,36.6892357752139,0
2024-01-01 14:03:00,4,74.90537347992141,97.68587830407466,36.744397507203175,0
2024-01-01 14:04:00,4,68.75764454519728,97.61280117128665,36.69170951235195,0
2024-01-01 14:05:00,4,70.22575651384783,97.23394582625411,36.89178126969025,0
2024-01-01 14:06:00,4,70.77032142345948,97.39103200010797,36.77522916725015,0
2024-01-01 14:07:00,4,71.89991179814453,97.52853095892057,36.85315110294052,0
2024-01-01 14:08:00,4,70.5479292355837,97.28981913194339,36.927292990010486,0
2024-01-01 14:09:00,4,,,,1
2024-01-01 14:10:00,4,68.28044884644413,97.51692706141598,36.919626287451045,0
2024-01-01 14:11:00,4,69.86148310177566,97.36533109561806,36.76724189983484,0
2024-01-01 14:12:00,4,68.15024386408648,97.35460449777226,36.84135633233349,0
2024-01-01 14:13:00,4,66.54259814645843,97.32052141173703,36.82369822280922,0
2024-01-01 14:14:00,4,67.84628598783699,97.60242658885922,36.73348651640088,0
2024-01-01 14:15:00,4,67.82083441907935,97.62788687270992,36.773218548826776,0
2024-01-01 14:16:00,4,67.36783065757928,97.33178369552681,36.94621911297371,0
2024-01-01 14:17:00,4,74.40399421014058,97.76000834556916,36.77079450994594,0
2024-01-01 14:18:00,4,69.94510705302802,97.39032551830138,36.639632600579844,0
2024-01-01 14:19:00,4,69.5097884681304,97.30985959962568,36.77192078234823,0
2024-01-01 14:20:00,4,71.08190604612705,97.56617972166045,36.731932748138256,0
2024-01-01 14:21:00,4,72.80382601094978,97.2322635767739,36.853532324634784,0
2024-01-01 14:22:00,4,69.94505363890029,97.20058242289109,36.870166733871734,0
2024-01-01 14:23:00,4,71.17138973378219,97.28433694259662,36.84528037445353,0
2024-01-01 14:24:00,4,68.09693395457036,97.319279806613,36.76933269948746,0
2024-01-01 14:25:00,4,67.2531558095533,97.62754063585025,36.817044066601426,0
2024-01-01 14:26:00,4,70.84905061529034,97.21966697224018,36.780476312724836,0
2024-01-01 14:27:00,4,70.77576842832764,97.55390714675129,36.66823050225331,0
2024-01-01 14:28:00,4,70.55325980844887,97.64965762464062,36.80264545502149,0
2024-01-01 14:29:00,4,69.17727627141943,97.77145044255367,37.07849594392849,0
2024-01-01 14:30:00,4,67.33239745143594,97.38526619615331,36.7129105160392,0
2024-01-01 14:31:00,4,67.89585073832781,97.40219734329526,36.63138854461244,0
2024-01-01 14:32:00,4,71.13271457799024,97.89307045192216,36.960336252047966,0
2024-01-01 14:33:00,4,67.60656847718185,97.75742586597866,36.863907383756676,0
2024-01-01 14:34:00,4,69.12664069538897,97.43285154148583,36.84996723569366,0
2024-01-01 14:35:00,4,67.17830540768705,97.71804919169094,36.78547753647061,0
2024-01-01 14:36:00,4,68.30381574260952,97.53911360598426,36.8451531728529,0
2024-01-01 14:37:00,4,66.49129067825143,97.49374805367222,36.828927762070734,0
2024-01-01 14:38:00,4,68.4694943164601,97.9879652061946,36.95608103550036,0
2024-01-01 14:39:00,4,67.63006542835122,97.70706568393389,36.91798296813325,0
2024-01-01 14:40:00,4,65.13860909816644,97.87022215920439,36.88782487312487,0
2024-01-01 14:41:00,4,69.82805293424039,97.28113729612254,36.76067184239654,0
2024-01-01 14:42:00,4,69.70383610992472,97.853778213931,36.85321182953327,0
2024-01-01 14:43:00,4,68.56440447673812,97.46362585064422,36.770175685721334,0
2024-01-01 14:44:00,4,66.17087679609047,97.46164821074733,36.95599397990877,0
2024-01-01 14:45:00,4,66.16571421595572,97.57403182045873,36.7631077308264,0
2024-01-01 14:46:00,4,73.01485118534369,97.59906720005084,36.8226420347956,0
2024-01-01 14:47:00,4,63.076977107148494,97.70810421068636,36.72893231870871,0
2024-01-01 14:48:00,4,66.10745440969109,97.67423301724612,36.78933795712793,0
2024-01-01 14:49:00,4,72.55558244129524,97.36730370846288,36.789779207024445,0
2024-01-01 14:50:00,4,73.14946829027267,97.29902919612137,36.82704829790577,0
2024-01-01 14:51:00,4,71.59045252325615,97.46040730967981,36.753982445971204,0
2024-01-01 14:52:00,4,69.22395693391776,97.49627940046396,36.96716006160499,0
2024-01-01 14:53:00,4,66.85564093898043,97.517036587034,36.828569062146784,0
2024-01-01 14:54:00,4,64.73153243477252,97.77283043824985,36.795618197932,0
2024-01-01 14:55:00,4,68.87759124105845,97.53652179717322,36.92767928839059,0
2024-01-01 14:56:00,4,66.50779636226741,98.02720552252018,37.06870661237246,0
2024-01-01 14:57:00,4,70.90588320359593,97.78905580321542,36.81382453422995,0
2024-01-01 14:58:00,4,64.26452269838308,97.43968131890955,36.831539130714106,0
2024-01-01 14:59:00,4,68.3413703637503,97.14489690982838,36.784056314904475,0
2024-01-01 15:00:00,4,69.76715074876168,97.97760822763188,36.92594401858381,0
2024-01-01 15:01:00,4,69.9042613163412,97.44345995686191,36.957157906771876,0
2024-01-01 15:02:00,4,69.51561127158591,97.6856320393405,36.85888625825963,0
2024-01-01 15:03:00,4,68.49882397239968,97.36630697545698,36.821614076889674,0
2024-01-01 15:04:00,4,68.04302850576806,97.81932087047949,36.92079663286926,0
2024-01-01 15:05:00,4,69.57336207422223,97.66895123962318,36.94334018389328,0
2024-01-01 15:06:00,4,68.40860077509468,97.2817424585329,37.02677241049893,0
2024-01-01 15:07:00,4,68.44313879718374,97.10791368614302,36.815131895930406,0
2024-01-01 15:08:00,4,67.73646670538332,97.53632236118884,36.96065756561551,0
2024-01-01 15:09:00,4,66.86788523412989,97.59766037208395,36.888062350231706,0
2024-01-01 15:10:00,4,64.90873543697984,97.65039367591422,36.7061373542632,0
2024-01-01 15:11:00,4,65.22443909050311,97.34186950570981,37.03388763143959,0
2024-01-01 15:12:00,4,66.7836698547976,97.36821051199428,36.913537347057485,0
2024-01-01 15:13:00,4,67.28001479557547,97.11849137162093,36.94661180279154,0
2024-01-01 15:14:00,4,65.55672877406782,97.38550369224878,36.98272480510181,0
2024-01-01 15:15:00,4,65.37853309421699,97.16911823573632,36.94987953218448,0
2024-01-01 15:16:00,4,66.70549483304862,97.35222347966365,36.79577433926851,0
2024-01-01 15:17:00,4,69.21034584680768,97.55971937866944,36.96215960502255,0
2024-01-01 15:18:00,4,63.13764771247111,97.55615031080636,36.94659099061108,0
2024-01-01 15:19:00,4,65.47304176451699,97.35787106107927,36.73219777145567,0
2024-01-01 15:20:00,4,67.64484473077444,97.54632852033812,37.06805673657127,0
2024-01-01 15:21:00,4,69.86713810148224,97.78671741948821,36.8660086572064,0
2024-01-01 15:22:00,4,71.58766368694133,97.43463520521121,37.00560248346327,0
2024-01-01 15:23:00,4,66.55403159171061,97.23359340445107,36.874766428164925,0
2024-01-01 15:24:00,4,66.4973968330215,97.64560485786045,36.857381768058794,0
2024-01-01 15:25:00,4,66.90823769386442,97.70593730473188,36.90516250150582,0
2024-01-01 15:26:00,4,67.61069127278385,97.34725560094085,37.12759384512789,0
2024-01-01 15:27:00,4,67.03965973044265,97.34771267842504,37.119096937052916,0
2024-01-01 15:28:00,4,67.3357103215605,97.0878063284476,36.86674461279982,0
2024-01-01 15:29:00,4,64.40317622627616,97.39119230909957,37.047341131612114,0
2024-01-01 15:30:00,4,63.72534806710699,97.29768052070779,36.927365933425676,0
2024-01-01 15:31:00,4,68.45354484706468,97.1764717099083,37.12929584273904,0
2024-01-01 15:32:00,4,66.61110650610276,97.40688865163077,37.045199042628276,0
2024-01-01 15:33:00,4,68.63758769744705,97.47761192377345,36.96027711263994,0
2024-01-01 15:34:00,4,67.39216983035593,97.43975211382963,36.94298099806541,0
2024-01-01 15:35:00,4,64.05273173514422,97.41122117078656,36.99816415728261,0
2024-01-01 15:36:00,4,69.99962667226838,97.77951440704423,36.98816902819233,0
2024-01-01 15:37:00,4,66.93040848934821,97.53473663527717,36.83205827202653,0
2024-01-01 15:38:00,4,65.34786605697624,97.60197133001432,36.965616560429034,0
2024-01-01 15:39:00,4,65.74878330096551,97.83249014274992,36.88218994863993,0
2024-01-01 15:40:00,4,64.36946928472192,97.66624396851972,36.89692056332368,0
2024-01-01 15:41:00,4,67.43271881719596,97.41260978993543,37.06388564348431,0
2024-01-01 15:42:00,4,66.52022321929843,97.09515802267312,36.97535394095206,0
2024-01-01 15:43:00,4,70.75528182878261,97.38988900283685,36.91208341168853,0
2024-01-01 15:44:00,4,67.73352789596075,97.75360590488192,36.83891213154313,0
2024-01-01 15:45:00,4,70.58549343444835,97.65680500824539,36.88506495764954,0
2024-01-01 15:46:00,4,64.72282697001093,97.38564891879992,36.959302210003486,0
2024-01-01 15:47:00,4,65.9598133726793,97.44156777901466,37.13641526377877,0
2024-01-01 15:48:00,4,68.37790004900936,97.48115972272169,36.865510108033114,0
2024-01-01 15:49:00,4,67.75189684534969,97.33058571637528,37.0024876153939,0
2024-01-01 15:50:00,4,66.51938648596395,97.34070443407002,37.01632120774792,0
2024-01-01 15:51:00,4,64.37441209165726,97.32026615697237,37.100475479440696,0
2024-01-01 15:52:00,4,62.147707274327075,97.54659164225002,36.99330533516538,0
2024-01-01 15:53:00,4,66.04144397772043,97.23499528659369,37.02422463026377,0
2024-01-01 15:54:00,4,66.10406475794646,97.73255718385111,37.10424890035835,0
2024-01-01 15:55:00,4,66.69199041682151,97.44091665240587,36.91094720117567,0
2024-01-01 15:56:00,4,63.52220570165381,97.21894644615406,37.07039061890578,0
2024-01-01 15:57:00,4,64.63256375271263,97.64321779116229,36.854491150153535,0
2024-01-01 15:58:00,4,67.1527137032549,97.73595250050947,37.00292647717498,0
2024-01-01 15:59:00,4,67.51711230201028,98.06196044961588,36.97539188389005,0
2024-01-01 16:00:00,4,66.72714805633812,97.70570466500125,36.92953647322208,0
2024-01-01 16:01:00,4,65.61047955733102,97.25429199035791,37.1016053294185,0
2024-01-01 16:02:00,4,63.90798745036085,97.46908723093094,37.10983593872244,0
2024-01-01 16:03:00,4,68.16859239246241,97.93053159003098,37.116505028374334,0
2024-01-01 16:04:00,4,67.69361883285288,97.26683609673427,37.050192247229695,0
2024-01-01 16:05:00,4,65.07040981100565,97.16611958161494,36.89157400468254,0
2024-01-01 16:06:00,4,67.8643261074708,97.33973845559214,36.98454570641376,0
2024-01-01 16:07:00,4,66.03909591864755,97.21237511980007,37.12063954040603,0
2024-01-01 16:08:00,4,64.79213724248483,97.29135725002556,37.12192515953493,0
2024-01-01 16:09:00,4,67.98993445385896,97.27815332711799,37.144926718111314,0
2024-01-01 16:10:00,4,66.31668350656993,97.5510911555729,37.05926294034657,0
2024-01-01 16:11:00,4,65.24017385317536,97.14602133719232,37.01225292902112,0
2024-01-01 16:12:00,4,63.51197001653838,97.42894261119561,36.836484776143934,0
2024-01-01 16:13:00,4,63.67754114411061,97.24717750958024,37.12187790442043,0
2024-01-01 16:14:00,4,67.73153310290525,97.50753056831857,37.0282734491825,0
2024-01-01 16:15:00,4,66.92406321751862,97.52664277166805,36.91537846281635,0
2024-01-01 16:16:00,4,63.65983928526816,97.57069897808208,37.119590329989045,0
2024-01-01 16:17:00,4,63.60295675774094,97.567939418028,37.187826709160575,0
2024-01-01 16:18:00,4,70.16648822200823,97.26247892955261,37.13514434475541,0
2024-01-01 16:19:00,4,66.87207606824911,97.38304616250184,37.11844724303489,0
2024-01-01 16:20:00,4,68.34348849937453,97.67503537914313,37.14682433642912,0
2024-01-01 16:21:00,4,68.89066479626091,97.46664462886719,36.78294055705082,0
2024-01-01 16:22:00,4,64.03173858924242,97.55287468335634,37.2306299000742,0
2024-01-01 16:23:00,4,69.35569588526117,97.12909090104303,36.9818401751937,0
2024-01-01 16:24:00,4,63.69681367047668,97.56029072337698,36.993104105825694,0
2024-01-01 16:25:00,4,67.29329807523709,96.98939596312434,37.01887195589322,0
2024-01-01 16:26:00,4,65.58555828034541,97.05783011306912,37.03277315127614,0
2024-01-01 16:27:00,4,67.2472986242206,97.18073782705392,37.22094604781978,0
2024-01-01 16:28:00,4,65.36187155213005,97.44270175766377,37.12773208423447,0
2024-01-01 16:29:00,4,66.86448020484308,97.47386540067522,37.0079292575354,0
2024-01-01 16:30:00,4,68.47356026340448,97.18861105187656,37.0254823339968,0
2024-01-01 16:31:00,4,67.97256209516267,96.96336435865481,37.3300390379732,0
2024-01-01 16:32:00,4,65.59312656282815,97.53585787396484,37.11829625734021,0
2024-01-01 16:33:00,4,63.793646865652136,97.45950573514492,37.04218671404854,0
2024-01-01 16:34:00,4,65.08971436855236,97.42434868122224,36.92554428786877,0
2024-01-01 16:35:00,4,66.55736989399874,97.72089626836669,36.92250821097867,0
2024-01-01 16:36:00,4,66.95741792815109,97.36231861135778,36.98072016103263,0
2024-01-01 16:37:00,4,67.77801962715046,97.13065899349284,37.1043080809341,0
2024-01-01 16:38:00,4,64.16060950976897,97.59149301531184,37.20796484299387,0
2024-01-01 16:39:00,4,63.7429599999734,97.24092021384952,37.16091339334844,0
2024-01-01 16:40:00,4,63.55318429942035,97.29802923261752,37.21897751832161,0
2024-01-01 16:41:00,4,65.18390679050063,97.20840180384513,37.16039690740323,0
2024-01-01 16:42:00,4,65.99192532501901,97.14581861866802,36.98346522984123,0
2024-01-01 16:43:00,4,66.28904140203123,97.22455929076132,37.15074730848106,0
2024-01-01 16:44:00,4,62.70619248652351,97.60955210565164,37.15721745222516,0
2024-01-01 16:45:00,4,63.614219461506,97.08865442723992,37.1006198052957,0
2024-01-01 16:46:00,4,64.10201868776842,97.51236834949817,37.08418726262102,0
2024-01-01 16:47:00,4,69.00869781334913,96.9251385539327,37.10209355015016,0
2024-01-01 16:48:00,4,64.71784204354594,97.61160706257888,36.964393986905684,0
2024-01-01 16:49:00,4,62.51329045479887,97.62900175271514,36.98791425269311,0
2024-01-01 16:50:00,4,66.21664005716607,97.07952227600667,37.37738145470939,0
2024-01-01 16:51:00,4,65.22351349574286,97.29645868435782,37.00011082274255,0
2024-01-01 16:52:00,4,63.078207423349994,97.40581762007771,36.95062833550888,0
2024-01-01 16:53:00,4,64.46818358572564,97.15258048280073,37.057265946884414,0
2024-01-01 16:54:00,4,64.72035305867692,97.64628407440165,37.17719969620767,0
2024-01-01 16:55:00,4,65.1446726734483,97.27037133354987,37.18937039741611,0
2024-01-01 16:56:00,4,67.2388790796855,97.15831732859819,37.032798738252744,0
2024-01-01 16:57:00,4,66.48817259765373,97.27437941111785,37.14677122885406,0
2024-01-01 16:58:00,4,65.60555809660478,97.1076226036268,37.084547849616264,0
2024-01-01 16:59:00,4,67.31626309641777,97.25528792929259,37.15990924440577,0
2024-01-01 17:00:00,4,64.51316999300518,97.15736191454745,37.11340157401419,0
2024-01-01 17:01:00,4,63.871443493053654,97.08770646675998,37.07514610163566,0
2024-01-01 17:02:00,4,65.92828896536024,97.39918316138504,37.08143531106864,0
2024-01-01 17:03:00,4,65.76318255935351,96.89736339306683,36.928208416347275,0
2024-01-01 17:04:00,4,62.33776326993863,97.58454775039118,37.12771574462633,0
2024-01-01 17:05:00,4,68.26570768548127,97.27419087204245,37.14394739195667,0
2024-01-01 17:06:00,4,63.231589710842584,97.59364752647016,37.012437083445825,0
2024-01-01 17:07:00,4,66.31806116066227,97.412709256341,37.121285857814335,0
2024-01-01 17:08:00,4,66.35485812181331,96.94769078642703,37.13107365667168,0
2024-01-01 17:09:00,4,59.066539387289666,97.22657964559727,36.972867840485414,0
2024-01-01 17:10:00,4,65.68476561029065,96.84943587998414,37.08265110340576,0
2024-01-01 17:11:00,4,68.49593266224655,97.02378134875268,37.081064440110474,0
2024-01-01 17:12:00,4,63.791809434861605,97.17314415922374,37.1808737195511,0
2024-01-01 17:13:00,4,61.407470424915985,97.0554789651622,37.28892817250413,0
2024-01-01 17:14:00,4,64.96017991053183,97.09718324967575,37.17060484665423,0
2024-01-01 17:15:00,4,66.1181754482107,97.05502135447891,37.28329142777572,0
2024-01-01 17:16:00,4,65.0033153463746,97.63020026463717,37.146505926879826,0
2024-01-01 17:17:00,4,63.26901899175734,97.20409242259322,37.207268977551486,0
2024-01-01 17:18:00,4,63.10119112302251,97.30093486471802,37.17818684277145,0
2024-01-01 17:19:00,4,61.909704712448516,97.16179134723879,37.41398396343659,0
2024-01-01 17:20:00,4,61.396590689373724,97.23552008560414,37.15890825844659,0
2024-01-01 17:21:00,4,64.4530359251245,96.75285033843303,37.25366462648136,0
2024-01-01 17:22:00,4,65.9800412081117,97.4939349408552,37.19693247588857,0
2024-01-01 17:23:00,4,65.44332368724601,97.01128968700355,37.29043448773684,0
2024-01-01 17:24:00,4,65.61999582260583,97.38065516919868,37.24227029295242,0
2024-01-01 17:25:00,4,66.37527051385042,97.38426652867247,37.21428128784441,0
2024-01-01 17:26:00,4,67.72165504993309,96.7834848692911,37.067163170657096,0
2024-01-01 17:27:00,4,65.15426290305436,97.15017734053524,37.07706283995916,0
2024-01-01 17:28:00,4,65.78242994916337,97.21582788363824,37.121862903780944,0
2024-01-01 17:29:00,4,65.78989913283951,97.15251152720414,37.15525178553062,0
2024-01-01 17:30:00,4,65.37606475864311,97.12614356818612,37.1966131245375,0
2024-01-01 17:31:00,4,65.11444699218052,97.034940684766,37.12508881671932,0
2024-01-01 17:32:00,4,65.27132856213949,96.97509498723002,36.989673231563806,0
2024-01-01 17:33:00,4,68.18865581889924,97.32522369281538,37.29103024493353,0
2024-01-01 17:34:00,4,67.92562727119545,97.18891106153096,37.23389019142984,0
2024-01-01 17:35:00,4,61.64176942838848,97.14215881161387,37.19601935733127,0
2024-01-01 17:36:00,4,65.4887200537313,96.78059823496422,37.31618203260364,0
2024-01-01 17:37:00,4,65.06114676501242,97.04520406854458,37.111199292746754,0
2024-01-01 17:38:00,4,67.56335910432057,97.08108911583487,37.17921174876547,0
2024-01-01 17:39:00,4,64.96748964344475,97.25611467993498,37.20895935261094,0
2024-01-01 17:40:00,4,65.53828462170141,96.7349463829412,37.15215836775185,0
2024-01-01 17:41:00,4,63.731890301598845,96.86018815251828,37.114745907319026,0
2024-01-01 17:42:00,4,66.65522664928277,97.4347813448717,37.28239294400732,0
2024-01-01 17:43:00,4,62.53732723721431,96.911238783916,37.223887033492886,0
2024-01-01 17:44:00,4,64.41146205560173,96.69607901192323,37.258424426593116,0
2024-01-01 17:45:00,4,62.910900176417556,96.92242583486168,37.114162978344694,0
2024-01-01 17:46:00,4,64.4149078978558,96.89896210935723,37.279993040973366,0
2024-01-01 17:47:00,4,63.91638978351443,97.18361130578322,37.135103538168956,0
2024-01-01 17:48:00,4,66.685877120728,97.17681081849042,37.222554250007825,0
2024-01-01 17:49:00,4,64.57218273973882,96.85082304025822,37.396158787052755,0
2024-01-01 17:50:00,4,67.991792628539,96.96456029942553,37.28374147324031,0
2024-01-01 17:51:00,4,64.52464680599869,97.14337869587501,37.23275521392081,0
2024-01-01 17:52:00,4,62.839485089246665,97.14572448662719,37.33414835626788,0
2024-01-01 17:53:00,4,64.51831338178461,96.82035781118188,37.14236399351061,0
2024-01-01 17:54:00,4,65.95626775272025,96.8380987218683,37.248591807781004,0
2024-01-01 17:55:00,4,68.37482175860391,97.44181921892665,37.116504997296566,0
2024-01-01 17:56:00,4,63.711334161424034,96.96224537896512,37.16364411483925,0
2024-01-01 17:57:00,4,,,,1
2024-01-01 17:58:00,4,64.62031205700279,97.05118003430145,37.22733963550936,0
2024-01-01 17:59:00,4,64.10959694407629,97.22009657540701,37.340715558139706,0
2024-01-01 18:00:00,4,66.55137586916352,97.12178246425394,37.189729579699225,0
2024-01-01 18:01:00,4,67.84700752190206,97.02655827838936,37.32202771400677,0
2024-01-01 18:02:00,4,66.11496918346398,97.01982605727285,37.20504295361097,0
2024-01-01 18:03:00,4,62.171526965816625,96.73548811440934,37.213137132894786,0
2024-01-01 18:04:00,4,65.66822206837254,96.94593074976041,37.20203213458519,0
2024-01-01 18:05:00,4,69.35247950321035,96.87049529416194,37.23549037872127,0
2024-01-01 18:06:00,4,60.448881381532594,96.90497732837449,37.173331807089696,0
2024-01-01 18:07:00,4,65.75256273872687,96.89227329074633,37.060061028785555,0
2024-01-01 18:08:00,4,64.43816783436286,96.9943113987897,37.19511673908744,0
2024-01-01 18:09:00,4,63.13738274690037,97.08507017111113,37.21161183489061,0
2024-01-01 18:10:00,4,67.07778631716019,96.92562561504145,37.361507032636084,0
2024-01-01 18:11:00,4,61.53757091203676,97.1397615111654,36.97158821889549,0
2024-01-01 18:12:00,4,64.31507522100138,96.8613541564563,37.35895248046984,0
2024-01-01 18:13:00,4,67.02027213178036,96.95744609980324,37.30159132532717,0
2024-01-01 18:14:00,4,66.7943392039099,97.44044832588654,37.26484016521189,0
2024-01-01 18:15:00,4,66.21655505880958,96.69116813507505,37.211183638787936,0
2024-01-01 18:16:00,4,65.37228828863024,96.84284578718209,37.093175149680974,0
2024-01-01 18:17:00,4,64.78202684168764,96.55992907977961,37.38969994462807,0
2024-01-01 18:18:00,4,64.09309172721355,96.96418562424049,37.31746215046214,0
2024-01-01 18:19:00,4,63.09452237778716,96.91749884964615,37.21842212462873,0
2024-01-01 18:20:00,4,66.66753456215723,96.93503703810119,37.22122405636552,0
2024-01-01 18:21:00,4,65.46698383222994,96.72329066328967,37.18105617007333,0
2024-01-01 18:22:00,4,66.73514844108709,96.74897692529483,37.25062476774919,0
2024-01-01 18:23:00,4,63.491156666583414,96.90785242055479,37.18596385901056,0
2024-01-01 18:24:00,4,63.45218972012329,96.61221075488756,37.220371211203776,0
2024-01-01 18:25:00,4,66.05637948097491,97.06481321550943,37.23253012500854,0
2024-01-01 18:26:00,4,60.51318299723205,96.60608241558042,37.43087743607158,0
2024-01-01 18:27:00,4,60.01566913254025,96.84982498469125,37.09591335205777,0
2024-01-01 18:28:00,4,67.10498300519527,96.7886235548294,37.20198166437064,0
2024-01-01 18:29:00,4,63.66987450062422,96.7715476467836,37.30774934766936,0
2024-01-01 18:30:00,4,65.47607684557785,96.54619708212822,37.266661354595186,0
2024-01-01 18:31:00,4,65.85523743777797,96.85429847831,37.25069557069165,0
2024-01-01 18:32:00,4,67.17232995655556,96.61733237608351,37.483008958556326,0
2024-01-01 18:33:00,4,64.22845440264055,96.88279816809404,37.28956244678633,0
2024-01-01 18:34:00,4,64.34427693279471,96.69869021539158,37.11715855836378,0
2024-01-01 18:35:00,4,63.89077549926214,96.83637205961347,37.10451125078612,0
2024-01-01 18:36:00,4,66.37066953478593,96.48000726448356,37.17343702896243,0
2024-01-01 18:37:00,4,66.46652616881548,97.0205950437188,37.13241906397721,0
2024-01-01 18:38:00,4,67.69926958905374,97.05328259328904,37.18271788817797,0
2024-01-01 18:39:00,4,62.65723904952017,96.71948536514985,37.20729524895621,0
2024-01-01 18:40:00,4,69.62540138465116,97.38608472606984,37.19951563634822,0
2024-01-01 18:41:00,4,64.54080546025979,96.97385967714101,36.92510288713523,0
2024-01-01 18:42:00,4,65.07699306723924,96.7660002356766,37.09389112729806,0
2024-01-01 18:43:00,4,65.50875921524162,96.71539530562276,37.239647767089565,0
2024-01-01 18:44:00,4,63.36871271760454,96.65327387120485,37.330974763357474,0
2024-01-01 18:45:00,4,64.37562053045389,96.6873634987778,37.12477755526009,0
2024-01-01 18:46:00,4,68.12881990562566,96.77952230296428,37.123771888888854,0
2024-01-01 18:47:00,4,68.16894199188329,96.78874446974795,37.15322147763877,0
2024-01-01 18:48:00,4,65.63591255856991,96.51270556048507,37.33305412454645,0
2024-01-01 18:49:00,4,67.32258385716828,97.06049199929265,37.16438498803345,0
2024-01-01 18:50:00,4,66.06620491037431,96.94294479181373,36.93323683899877,0
2024-01-01 18:51:00,4,65.13990159294437,97.1511020925787,37.334545111269755,0
2024-01-01 18:52:00,4,63.75655995880365,96.8513126588505,37.22328878246549,0
2024-01-01 18:53:00,4,63.551228642596215,96.98317653180573,37.023138391397595,0
2024-01-01 18:54:00,4,63.769007322214556,96.51990043324324,37.09961398386472,0
2024-01-01 18:55:00,4,68.52453119708014,96.88652744514805,37.069440086838235,0
2024-01-01 18:56:00,4,67.05190858558834,96.40389624816518,37.126343556774124,0
2024-01-01 18:57:00,4,68.19819281343793,96.5640738993535,37.2941633248367,0
2024-01-01 18:58:00,4,66.12657933827633,97.25589297237569,36.95693766636859,0
2024-01-01 18:59:00,4,63.57739860323105,96.68081031489851,37.10746591974679,0
2024-01-01 19:00:00,4,66.55638857167801,96.74318511359718,37.15106225353869,0
2024-01-01 19:01:00,4,67.9007672980636,96.88364410843784,37.13112255957867,0
2024-01-01 19:02:00,4,66.65250996056729,96.73176145865156,37.05648670974594,0
2024-01-01 19:03:00,4,62.751331870786714,96.53151555003845,37.25321893646089,0
2024-01-01 19:04:00,4,62.44851661714304,96.53275682552811,37.1163933705784,0
2024-01-01 19:05:00,4,66.68206489975427,96.88872320859826,37.10157508151589,0
2024-01-01 19:06:00,4,64.7966901437882,96.78442683996907,37.16291211504254,0
2024-01-01 19:07:00,4,66.05914541343084,96.88841412454224,37.09824802385722,0
2024-01-01 19:08:00,4,64.00019926718933,96.83500087608434,37.06886504547376,0
2024-01-01 19:09:00,4,65.7136692106958,96.72602473667956,37.02961852106022,0
2024-01-01 19:10:00,4,63.272806591685416,96.71300181951112,37.339091916815896,0
2024-01-01 19:11:00,4,65.98098470599648,96.72616663223992,37.19730527935589,0
2024-01-01 19:12:00,4,66.95697551191664,96.63055473406689,37.077623113555376,0
2024-01-01 19:13:00,4,67.08150494413088,96.62937245977751,37.24084470189189,0
2024-01-01 19:14:00,4,62.91455179219663,96.79670402162935,37.16389269901915,0
2024-01-01 19:15:00,4,66.47991814931599,96.98098884634184,37.11321208347331,0
2024-01-01 19:16:00,4,64.38110895482474,96.35425134166056,37.00425271674479,0
2024-01-01 19:17:00,4,68.62471701730254,97.16350404920868,37.02215767125618,0
2024-01-01 19:18:00,4,67.49754231226349,96.82114431258144,37.19954507711912,0
2024-01-01 19:19:00,4,65.6518854756925,96.7663580684353,37.17566497630616,0
2024-01-01 19:20:00,4,69.97921623800076,96.47425760622974,36.96086964414606,0
2024-01-01 19:21:00,4,64.17493921392992,96.53022654758762,37.05511022846976,0
2024-01-01 19:22:00,4,65.53170099124397,96.79157686580935,37.161564552583705,0
2024-01-01 19:23:00,4,66.7438529845449,96.7162294436339,37.20248511351059,0
2024-01-01 19:24:00,4,69.74587644533936,96.40443182913478,37.14034892209217,0
2024-01-01 19:25:00,4,68.62000335177675,96.48718950526374,37.04091907790674,0
2024-01-01 19:26:00,4,67.31232057016861,96.50848317519855,37.10778304210032,0
2024-01-01 19:27:00,4,63.97021979006543,96.48822494041296,37.060721570286354,0
2024-01-01 19:28:00,4,63.98370996553029,96.7044241731407,37.11760104379033,0
2024-01-01 19:29:00,4,67.14884683756081,96.44222490470098,37.22479976051456,0
2024-01-01 19:30:00,4,63.26989611295202,96.79974161123734,36.99634246876838,0
2024-01-01 19:31:00,4,66.43251019724012,96.34382849874169,37.10022776927194,0
2024-01-01 19:32:00,4,67.41735048230001,96.83310810572658,37.060005616712616,0
2024-01-01 19:33:00,4,62.87076343891433,97.24681495349257,37.04093596406446,0
2024-01-01 19:34:00,4,67.13936982727317,96.78765522199332,37.0507607346212,0
2024-01-01 19:35:00,4,67.65305699135845,96.5201770917582,37.19361920014361,0
2024-01-01 19:36:00,4,65.15254489653123,50.0,37.11771715669236,1
2024-01-01 19:37:00,4,65.5837694286091,96.39846393755619,37.00934501753151,0
2024-01-01 19:38:00,4,62.33998709835314,96.83598882120233,37.11970838563266,0
2024-01-01 19:39:00,4,65.71428035605051,96.65008919127608,36.99634210067364,0
2024-01-01 19:40:00,4,62.900843561424196,96.25280361473341,36.87076375257818,0
2024-01-01 19:41:00,4,64.59087201592995,96.32123554303269,36.816682691114586,0
2024-01-01 19:42:00,4,65.18514109421785,96.25775471188933,37.09467362646264,0
2024-01-01 19:43:00,4,63.696964253644914,96.7589600929063,37.013595669083905,0
2024-01-01 19:44:00,4,63.533882058970455,96.40342910008665,37.139217386050255,0
2024-01-01 19:45:00,4,63.65146417079121,96.76792062063353,37.07561361720053,0
2024-01-01 19:46:00,4,68.50818457943816,96.48688771688998,37.06037661039662,0
2024-01-01 19:47:00,4,65.94637352097017,96.75444033634038,36.986650125330904,0
2024-01-01 19:48:00,4,68.63902208731295,96.54191227583944,37.08131478983658,0
2024-01-01 19:49:00,4,65.31668176205508,96.7808273012055,37.18173335788195,0
2024-01-01 19:50:00,4,65.37983435999004,96.42993469620201,36.82203062921545,0
2024-01-01 19:51:00,4,95.31989672278324,91.43898029239426,37.50637516497968,0
2024-01-01 19:52:00,4,90.22368632972498,91.49240423264574,37.653266001884326,0
2024-01-01 19:53:00,4,97.22137097054683,91.74782313381503,37.40158941966313,0
2024-01-01 19:54:00,4,96.01530647039769,91.36225874538657,37.52687638793713,0
2024-01-01 19:55:00,4,96.35302653335386,91.46105015274017,37.44257753614266,0
2024-01-01 19:56:00,4,62.08928117779249,96.52407723675698,36.9815321221388,0
2024-01-01 19:57:00,4,66.23557126304287,96.6516077784399,36.82835444776701,0
2024-01-01 19:58:00,4,65.43728446506202,96.49031373606655,37.101529546138224,0
2024-01-01 19:59:00,4,66.58735424752261,96.6828777646259,37.0154963318468,0
2024-01-01 20:00:00,4,66.20613956057737,96.41561576586511,36.85337548702267,0
2024-01-01 20:01:00,4,65.409259148391,96.76084241514336,37.0370596169507,0
2024-01-01 20:02:00,4,67.52849085677502,96.71223738172621,37.013378989247045,0
2024-01-01 20:03:00,4,68.47403639855202,96.44429041347985,36.921079082694746,0
2024-01-01 20:04:00,4,65.63159309127109,96.70094283812206,37.184165940516785,0
2024-01-01 20:05:00,4,63.573181348199306,96.33650122523505,37.03634222767172,0
2024-01-01 20:06:00,4,63.72768528986659,96.58520132884207,37.11114387061344,0
2024-01-01 20:07:00,4,67.36144360021078,96.39297547451305,36.963401174477625,0
2024-01-01 20:08:00,4,69.13061258055136,96.61167220703962,36.814408240774576,0
2024-01-01 20:09:00,4,62.9351433854322,96.51317777609384,36.74194957500231,0
2024-01-01 20:10:00,4,64.55012964108901,96.39348801132098,36.870326072230654,0
2024-01-01 20:11:00,4,65.94452700073799,96.22921011726147,37.10391007729155,0
2024-01-01 20:12:00,4,62.55290748179403,96.49851305437302,36.91555279153798,0
2024-01-01 20:13:00,4,66.46403580673153,96.7786236732578,37.0680770453405,0
2024-01-01 20:14:00,4,67.40775706986919,96.59516787883699,36.84473904304326,0
2024-01-01 20:15:00,4,67.66542473627568,96.22389684030881,36.89255803962661,0
2024-01-01 20:16:00,4,65.93072780747015,96.48832385263198,36.90440722655271,0
2024-01-01 20:17:00,4,66.04199523258244,96.7711396833065,36.97621945880372,0
2024-01-01 20:18:00,4,64.73717778150264,96.46993061463125,36.81594045108308,0
2024-01-01 20:19:00,4,,,,1
2024-01-01 20:20:00,4,66.45473657224991,96.8783618867291,36.92278040215423,0
2024-01-01 20:21:00,4,67.67169730761147,96.31131729709114,36.80928906503575,0
2024-01-01 20:22:00,4,66.91245465706558,96.48079607087215,36.76510953873016,0
2024-01-01 20:23:00,4,69.12404186188493,96.40166305127423,36.941426672113614,0
2024-01-01 20:24:00,4,67.62247516067377,96.65390863414258,36.80333399684997,0
2024-01-01 20:25:00,4,68.27658300602569,96.61832513377169,37.05506623280281,0
2024-01-01 20:26:00,4,67.31900595877886,96.3417072506531,37.05535029210953,0
2024-01-01 20:27:00,4,70.72809737550152,96.37961328199543,36.87034275531885,0
2024-01-01 20:28:00,4,66.0564593801573,96.54613497900121,36.98644704319206,0
2024-01-01 20:29:00,4,68.42013416884089,96.56085064318572,36.9307199268515,0
2024-01-01 20:30:00,4,67.58483275452014,96.47032493110622,37.028181064382494,0
2024-01-01 20:31:00,4,68.59204658221445,96.45353307276893,36.87317176709004,0
2024-01-01 20:32:00,4,67.8099625046532,96.2682376986261,36.967653639045544,0
2024-01-01 20:33:00,4,67.08524720416553,96.88300758297865,36.94541485686358,0
2024-01-01 20:34:00,4,67.95371449807065,96.6396660758417,36.93795789798272,0
2024-01-01 20:35:00,4,68.23135460113348,96.51223553563263,36.84794232959228,0
2024-01-01 20:36:00,4,68.51943106073304,96.70540098097665,37.02577482639679,0
2024-01-01 20:37:00,4,70.20643247969187,96.4685020173427,36.86409520364008,0
2024-01-01 20:38:00,4,67.69505760928742,96.34559865234014,36.86118280418172,0
2024-01-01 20:39:00,4,65.1409097040327,96.57689920912485,36.82829930642252,0
2024-01-01 20:40:00,4,67.69295958161996,96.53475840642682,36.832075136820976,0
2024-01-01 20:41:00,4,66.50220457113609,96.84261401120412,36.87183498375056,0
2024-01-01 20:42:00,4,66.47581754992805,96.35816700658447,36.938555318214526,0
2024-01-01 20:43:00,4,66.80616657266117,96.31238878432349,36.96970675867092,0
2024-01-01 20:44:00,4,65.67224647470375,96.9246033153792,36.90204504042462,0
2024-01-01 20:45:00,4,62.707730769448034,96.74070416465099,37.028636992319086,0
2024-01-01 20:46:00,4,70.48593637852686,96.63062028778566,36.89662502501868,0
2024-01-01 20:47:00,4,66.5876048934638,96.36608710645116,36.703170843988865,0
2024-01-01 20:48:00,4,64.16499583516894,96.58590222574333,36.76516760520512,0
2024-01-01 20:49:00,4,67.98094981814361,96.2438406387564,36.94852424686369,0
2024-01-01 20:50:00,4,68.88416744601238,96.39890579705872,36.843915673946974,0
2024-01-01 20:51:00,4,67.32644792716923,96.26856541423513,36.835027861555446,0
2024-01-01 20:52:00,4,65.13518276064887,96.35035935956589,36.7759274342683,0
2024-01-01 20:53:00,4,64.91114712234987,96.26244059301634,36.83034232870656,0
2024-01-01 20:54:00,4,72.33570437527949,96.63968131600309,36.82984297146403,0
2024-01-01 20:55:00,4,64.98198830183529,96.85780857925354,36.91548262238335,0
2024-01-01 20:56:00,4,64.5751079166132,96.69544611131347,36.84002116708304,0
2024-01-01 20:57:00,4,67.24610440989004,96.64991559054404,36.990219556348535,0
2024-01-01 20:58:00,4,69.53797973624397,96.43278664713173,36.795183002047246,0
2024-01-01 20:59:00,4,71.24206857260769,96.53843686289848,36.879253605182576,0
2024-01-01 21:00:00,4,67.52940230877837,96.28556703531159,36.69139003566487,0
2024-01-01 21:01:00,4,67.53285027854272,96.24023134270898,36.92104683043752,0
2024-01-01 21:02:00,4,65.45032006280987,96.20957997813939,36.711275719072994,0
2024-01-01 21:03:00,4,70.22608138120863,96.25625873683492,36.90858802551202,0
2024-01-01 21:04:00,4,67.941594590754,96.6378883058681,36.665778431044416,0
2024-01-01 21:05:00,4,68.0385290553121,96.66001115659128,36.744770988524145,0
2024-01-01 21:06:00,4,69.0112282222985,96.3205952217563,36.93022040469076,0
2024-01-01 21:07:00,4,68.77987502873883,96.55989988843262,37.00120036012361,0
2024-01-01 21:08:00,4,67.92762302785599,96.72989221852343,36.57149844591941,0
2024-01-01 21:09:00,4,70.8822575265698,96.47147596982184,36.73253483835812,0
2024-01-01 21:10:00,4,65.06516534138376,96.35358104632418,37.0228873798201,0
2024-01-01 21:11:00,4,68.72749687042078,96.41937013260487,36.8525784096771,0
2024-01-01 21:12:00,4,69.15174490177083,96.7893326940618,36.733633480192886,0
2024-01-01 21:13:00,4,67.54524405790589,96.4897577883876,36.983048944735565,0
2024-01-01 21:14:00,4,69.63568052793723,96.93135706517145,36.89241508381314,0
2024-01-01 21:15:00,4,69.76183490244517,96.37128350250354,36.84343044715693,0
2024-01-01 21:16:00,4,70.6882877598101,96.40419160433518,36.63929756982557,0
2024-01-01 21:17:00,4,68.27866571815466,96.22501192125213,37.039224876753345,0
2024-01-01 21:18:00,4,68.10073740543258,96.72125461936416,36.85450676095523,0
2024-01-01 21:19:00,4,69.64679715388854,96.52635912546512,36.79597467995722,0
2024-01-01 21:20:00,4,68.20693752822291,96.32824081090776,36.97181653714021,0
2024-01-01 21:21:00,4,65.59283387544772,96.43736988663,36.73270531045074,0
2024-01-01 21:22:00,4,70.39410764859826,96.60703458785729,36.71378009997319,0
2024-01-01 21:23:00,4,65.03455036186085,96.34546439484973,36.72460584615789,0
2024-01-01 21:24:00,4,69.54045445116566,96.58020389838263,36.78275936271812,0
2024-01-01 21:25:00,4,73.84818678352799,96.69260438994773,36.822280811710144,0
2024-01-01 21:26:00,4,69.87184739699062,96.42699741051067,36.882502194602274,0
2024-01-01 21:27:00,4,67.45154185128415,96.14243226865713,36.69229937808995,0
2024-01-01 21:28:00,4,67.97147923682223,96.46172448083446,36.846678907679554,0
2024-01-01 21:29:00,4,69.65002547343812,96.41615003585589,36.75507268097062,0
2024-01-01 21:30:00,4,200.0,96.26898813421158,36.803535816337124,1
2024-01-01 21:31:00,4,70.49077144220675,96.63659936398338,36.93429497193432,0
2024-01-01 21:32:00,4,71.9133504447364,96.64559620898775,36.86174022830771,0
2024-01-01 21:33:00,4,71.67703822176651,96.56535957113194,36.86917122572401,0
2024-01-01 21:34:00,4,66.77172900020014,96.43631244181485,36.74908772074981,0
2024-01-01 21:35:00,4,69.15061312209659,96.55136129255646,37.002416828087235,0
2024-01-01 21:36:00,4,70.13958815491036,96.39568262592843,36.87628140559708,0
2024-01-01 21:37:00,4,72.22335204507422,96.66405124217137,36.76582850264068,0
2024-01-01 21:38:00,4,69.94340610373371,96.44101947290031,36.921687874767244,0
2024-01-01 21:39:00,4,67.89335822396716,96.47958916041955,36.86377541549339,0
2024-01-01 21:40:00,4,70.16665531733281,96.49775577715062,36.679915174035415,0
2024-01-01 21:41:00,4,72.97106043531402,97.18650402914412,36.82558723579066,0
2024-01-01 21:42:00,4,68.86371452663562,96.33070635324863,36.7081697372892,0
2024-01-01 21:43:00,4,68.00198016705598,96.44216624817007,36.6004184392804,0
2024-01-01 21:44:00,4,69.37595140870108,96.21747188709882,36.7606218161444,0
2024-01-01 21:45:00,4,68.17549168149901,96.59042668167625,36.91679741920032,0
2024-01-01 21:46:00,4,71.1676723830158,96.88753942005035,36.95036573263196,0
2024-01-01 21:47:00,4,68.26306790940701,96.4972504928675,36.75142758030998,0
2024-01-01 21:48:00,4,72.17198089424411,96.4164080861205,36.7735628709066,0
2024-01-01 21:49:00,4,70.6142524004782,96.53452102951046,36.941355567811954,0
2024-01-01 21:50:00,4,71.05454269016295,96.75548244918065,36.868479015783386,0
2024-01-01 21:51:00,4,71.07619162206606,96.82672424569753,36.85006734713837,0
2024-01-01 21:52:00,4,71.43832581410858,96.34294249287986,36.814807928631716,0
2024-01-01 21:53:00,4,69.15301139307388,96.68595789244877,36.87311305039734,0
2024-01-01 21:54:00,4,67.8528947877747,96.53599485314405,36.79745803325111,0
2024-01-01 21:55:00,4,68.89407923124276,96.84685236054654,36.95323740046649,0
2024-01-01 21:56:00,4,71.73657180158953,97.01945584507307,36.788208426614595,0
2024-01-01 21:57:00,4,66.38846722772254,96.92662770317739,36.786533975147655,0
2024-01-01 21:58:00,4,65.95989003635256,96.367392257284,36.594467334950934,0
2024-01-01 21:59:00,4,70.44598173554955,96.39850604074267,36.90580980322448,0
2024-01-01 22:00:00,4,71.72318657824863,96.90788858190919,36.70374079471033,0
2024-01-01 22:01:00,4,72.03263191967127,96.55044010757916,36.563059643757434,0
2024-01-01 22:02:00,4,68.20909924478283,96.41960878890544,36.78225795194095,0
2024-01-01 22:03:00,4,67.78970390642758,96.30325331508669,36.7664362585903,0
2024-01-01 22:04:00,4,68.81481419012154,96.6060564881414,36.8453995554721,0
2024-01-01 22:05:00,4,69.43977750542078,96.49807608571196,36.8655141667044,0
2024-01-01 22:06:00,4,69.59318366087498,96.66093421327975,36.71804604649817,0
2024-01-01 22:07:00,4,70.54464215632173,96.62332808952509,37.073065639367584,0
2024-01-01 22:08:00,4,73.15212667031136,96.34462489053446,36.78122908557347,0
2024-01-01 22:09:00,4,70.25810376859131,96.42673209774499,36.63286505267532,0
2024-01-01 22:10:00,4,72.29362247111567,96.78167675612913,36.96032305616984,0
2024-01-01 22:11:00,4,71.76649875997298,96.80184414844173,36.87527239660485,0
2024-01-01 22:12:00,4,69.07562423654758,96.52359187563971,36.843742116241415,0
2024-01-01 22:13:00,4,71.82133494831902,96.63569883421313,36.75978356248327,0
2024-01-01 22:14:00,4,71.72303858822603,96.39498118789773,36.80838807728025,0
2024-01-01 22:15:00,4,70.61235410711416,96.59506422127835,36.5874734288354,0
2024-01-01 22:16:00,4,71.00039897276996,96.82956851473887,36.777785115038405,0
2024-01-01 22:17:00,4,70.57647705122099,96.94489358794011,37.05116115636127,0
2024-01-01 22:18:00,4,68.54748642865725,96.58886898876499,36.7106736424353,0
2024-01-01 22:19:00,4,75.5024209009673,96.55394348779956,36.824445108820655,0
2024-01-01 22:20:00,4,72.92168051066514,96.33231258276496,36.63897074583241,0
2024-01-01 22:21:00,4,71.90478209540073,96.50275606293579,36.756115365838816,0
2024-01-01 22:22:00,4,70.07963266325207,96.61163025649684,36.682424575909124,0
2024-01-01 22:23:00,4,70.74638650968147,96.59335634908355,36.852466816865736,0
2024-01-01 22:24:00,4,68.6268279886657,96.51766831855359,36.832141766631636,0
2024-01-01 22:25:00,4,71.94977337346603,96.87154579712598,36.681116980206745,0
2024-01-01 22:26:00,4,71.72233877740052,96.7199212364336,36.8211318030866,0
2024-01-01 22:27:00,4,70.67700716708082,96.6070286926654,36.82560027328082,0
2024-01-01 22:28:00,4,71.19017675754522,96.77991498509344,36.83166907890424,0
2024-01-01 22:29:00,4,70.57359874582015,96.64105264301098,36.90055451331495,0
2024-01-01 22:30:00,4,70.2227484374414,96.95982865072217,36.97268232311921,0
2024-01-01 22:31:00,4,69.6986854245691,96.49349807506835,36.75584134151858,0
2024-01-01 22:32:00,4,69.2503406137573,96.72127471355708,36.78766962444356,0
2024-01-01 22:33:00,4,69.92875403894351,96.23369397241585,36.802089396421614,0
2024-01-01 22:34:00,4,70.12296016983649,96.5836723681581,36.69034652012651,0
2024-01-01 22:35:00,4,73.59234160764984,96.69562515969051,36.72094999627248,0
2024-01-01 22:36:00,4,70.21745229592852,96.60428586170038,36.87925640770616,0
2024-01-01 22:37:00,4,67.42737050240635,96.45073855419677,37.01666102152113,0
2024-01-01 22:38:00,4,72.1199093002609,96.53623641404319,36.721464966931755,0
2024-01-01 22:39:00,4,72.8247364403067,96.4771292319497,37.05604276884566,0
2024-01-01 22:40:00,4,73.55610959898873,96.65789994864151,36.7714099245785,0
2024-01-01 22:41:00,4,71.99203041682014,96.84217584245363,36.95058794147834,0
2024-01-01 22:42:00,4,69.42067166989287,96.61920819581866,36.87371676296429,0
2024-01-01 22:43:00,4,70.14428037644421,97.05377286817786,36.8516681267081,0
2024-01-01 22:44:00,4,72.98378025212583,96.74117011631478,36.79092949733345,0
2024-01-01 22:45:00,4,74.74290520704359,96.28919960354143,36.8366830115267,0
2024-01-01 22:46:00,4,69.58047318440222,96.7690436832818,36.76550326576192,0
2024-01-01 22:47:00,4,72.33158939200034,96.69585154438286,36.932687126251615,0
2024-01-01 22:48:00,4,70.83942584019361,96.98495208007667,36.951458365853256,0
2024-01-01 22:49:00,4,70.34277760032016,96.70964343809415,36.776201883815425,0
2024-01-01 22:50:00,4,72.10257982306342,96.66599304660225,36.67881209445107,0
2024-01-01 22:51:00,4,71.80701681650595,97.13482093307901,36.811708087351306,0
2024-01-01 22:52:00,4,68.0668228984552,96.30272118792756,37.04499936616696,0
2024-01-01 22:53:00,4,72.56111236506868,96.65865888888231,36.871036429128154,0
2024-01-01 22:54:00,4,72.85600914523803,96.78432504884115,36.96489971411795,0
2024-01-01 22:55:00,4,73.73640454145693,96.65499875022455,36.75851249282512,0
2024-01-01 22:56:00,4,71.13834609015777,96.3184268743671,36.80443717892522,0
2024-01-01 22:57:00,4,69.15013967308371,96.82313724581819,36.82377503504535,0
2024-01-01 22:58:00,4,71.52528425498465,96.65447330445836,36.73955241196176,0
2024-01-01 22:59:00,4,73.8219045942922,96.72259438041934,36.87518714842355,0
2024-01-01 23:00:00,4,72.30051888049994,97.00540395196191,36.778522904446014,0
2024-01-01 23:01:00,4,74.19311211747403,96.8183338929251,36.95714676749321,0
2024-01-01 23:02:00,4,69.93498548463508,96.63726189046629,36.873084642456625,0
2024-01-01 23:03:00,4,74.20332810994412,96.84383228365104,37.01418654242302,0
2024-01-01 23:04:00,4,73.11961179084072,96.68408531971835,36.70031636215263,0
2024-01-01 23:05:00,4,71.95415069109247,96.71214625521566,36.81692752124791,0
2024-01-01 23:06:00,4,74.8471379168966,96.92822261995157,36.831296469441476,0
2024-01-01 23:07:00,4,73.22900150660911,96.6523273179172,36.92038384450499,0
2024-01-01 23:08:00,4,70.82310391041229,96.89691823149923,36.83390591838822,0
2024-01-01 23:09:00,4,74.79787179892843,96.74253287119816,37.050416951137265,0
2024-01-01 23:10:00,4,72.39334311598563,96.6909292825929,36.861854119157,0
2024-01-01 23:11:00,4,72.99335236746688,96.69560494101407,36.79183060616171,0
2024-01-01 23:12:00,4,71.2356001063485,96.6776975429119,36.86840764909679,0
2024-01-01 23:13:00,4,72.90159855305365,96.82235883859475,36.85408646945079,0
2024-01-01 23:14:00,4,71.15563489766198,96.75358423514368,36.98164267200034,0
2024-01-01 23:15:00,4,72.74621282082192,97.08647503689946,36.84982429761413,0
2024-01-01 23:16:00,4,73.19483804050006,96.63920243654064,36.741170558444836,0
2024-01-01 23:17:00,4,74.3879407801166,96.92932055726132,36.91318714990682,0
2024-01-01 23:18:00,4,70.40612319719814,97.05343554825572,36.83259225499826,0
2024-01-01 23:19:00,4,75.26832081976524,97.17490115939921,36.78446049872671,0
2024-01-01 23:20:00,4,75.37394397857672,96.67063026910715,36.9044720339153,0
2024-01-01 23:21:00,4,72.97040947679604,97.04198410281856,36.89129579192682,0
2024-01-01 23:22:00,4,73.64957712021159,96.8824214237027,36.88478392598885,0
2024-01-01 23:23:00,4,74.04762529600191,97.05583597241726,36.935185794268,0
2024-01-01 23:24:00,4,73.64445590989001,96.72061209222808,36.85359646567259,0
2024-01-01 23:25:00,4,74.72774505096157,96.8304636161602,36.92543578419805,0
2024-01-01 23:26:00,4,72.78960449741425,96.78516013435978,36.857254835879175,0
2024-01-01 23:27:00,4,72.0870513122393,96.7719259953689,37.000824332406445,0
2024-01-01 23:28:00,4,74.50689537858683,96.87451794281003,36.91862339449306,0
2024-01-01 23:29:00,4,70.64215363967084,97.36948222935605,37.098388988626155,0
2024-01-01 23:30:00,4,74.97522703694831,97.00850097931585,36.876351087473445,0
2024-01-01 23:31:00,4,75.22563008161022,96.80873212624925,36.96399460495342,0
2024-01-01 23:32:00,4,72.25922786917768,96.82480614454789,37.04370139933122,0
2024-01-01 23:33:00,4,76.7113579731938,96.999958035208,36.98681612018827,0
2024-01-01 23:34:00,4,73.20826013662206,96.85447444551798,36.949713192238484,0
2024-01-01 23:35:00,4,73.07951004941455,96.85944794335836,36.97176076519656,0
2024-01-01 23:36:00,4,72.69038299136037,96.67841128054214,36.99140474991541,0
2024-01-01 23:37:00,4,74.9370869368974,96.89511778175813,36.97294528092118,0
2024-01-01 23:38:00,4,73.3016270956789,96.40381827000391,36.944205087966075,0
2024-01-01 23:39:00,4,71.253570597144,96.5594344307372,37.021915726270855,0
2024-01-01 23:40:00,4,74.85458166660328,96.84735769482243,36.94226086724049,0
2024-01-01 23:41:00,4,73.63228105760771,97.05378374740269,36.854804521473106,0
2024-01-01 23:42:00,4,76.43025326335407,97.24831627244387,37.161674727517315,0
2024-01-01 23:43:00,4,74.91948584306921,97.01063890811817,37.046134900550236,0
2024-01-01 23:44:00,4,74.87782449454791,97.04153837991414,36.869803064092046,0
2024-01-01 23:45:00,4,76.41810494806393,96.96159287614827,36.93908932764587,0
2024-01-01 23:46:00,4,74.75270953758299,97.11104184920943,36.90913562492533,0
2024-01-01 23:47:00,4,76.04067420903111,96.99037629241037,36.918879661451705,0
2024-01-01 23:48:00,4,73.22019128944729,97.0265664595143,37.057992710587094,0
2024-01-01 23:49:00,4,77.85558117884368,96.64366472314744,36.94071432954066,0
2024-01-01 23:50:00,4,75.15799240074857,97.01333552655903,37.16808590287119,0
2024-01-01 23:51:00,4,72.24729796607218,96.96975084411427,36.80241073688366,0
2024-01-01 23:52:00,4,74.9701156381234,96.88622639290926,36.9787189520974,0
2024-01-01 23:53:00,4,75.11138088632678,96.90530983945497,36.85114800599231,0
2024-01-01 23:54:00,4,75.03129071119045,96.71140497611181,37.01965758229554,0
2024-01-01 23:55:00,4,70.22560276323847,97.09035547945365,37.03426754229327,0
2024-01-01 23:56:00,4,73.77284620090397,97.03390047242729,37.08204510590958,0
2024-01-01 23:57:00,4,72.14697244103918,97.00510938314105,36.87206072655227,0
2024-01-01 23:58:00,4,72.2196236714701,97.04163391103937,37.04051909861932,0
2024-01-01 23:59:00,4,75.33283794550698,96.75075707856244,36.91265318103358,0
2024-01-01 00:00:00,5,74.96753544503838,97.02515649360792,36.883115220799176,0
2024-01-01 00:01:00,5,70.8205198780437,96.79643795208482,37.097613280082065,0
2024-01-01 00:02:00,5,77.08714013082704,97.13400947329681,37.04237051875866,0
2024-01-01 00:03:00,5,76.62056553811871,96.90638577805797,36.79506859741747,0
2024-01-01 00:04:00,5,78.41346490132283,97.52497369185359,37.106414613094785,0
2024-01-01 00:05:00,5,73.08500973361939,97.14163109624977,36.90670124657948,0
2024-01-01 00:06:00,5,73.32546329156062,96.84166377922487,36.84491334786659,0
2024-01-01 00:07:00,5,77.40992464897897,97.20674949229988,36.936256911183214,0
2024-01-01 00:08:00,5,,,,1
2024-01-01 00:09:00,5,78.09018611944414,97.03806587788617,37.031261372511246,0
2024-01-01 00:10:00,5,77.74482236481782,96.8900214485022,36.86263675218276,0
2024-01-01 00:11:00,5,75.91840511918231,97.05682038043429,36.88740816544194,0
2024-01-01 00:12:00,5,74.6035941474337,96.92974101116958,36.95521787781083,0
2024-01-01 00:13:00,5,77.0373194236024,97.00497778449113,36.964191453585656,0
2024-01-01 00:14:00,5,74.72720693077306,96.78320813209284,37.112652032099795,0
2024-01-01 00:15:00,5,75.86505224136422,97.24035118462832,36.997712670851485,0
2024-01-01 00:16:00,5,74.9344882401246,96.83977878092571,37.115873810047646,0
2024-01-01 00:17:00,5,76.27486418094391,97.19558807210669,37.153752135803664,0
2024-01-01 00:18:00,5,78.26926878595235,97.01745111676819,37.10228796527524,0
2024-01-01 00:19:00,5,75.12975774512988,97.12716091465731,36.74185316189388,0
2024-01-01 00:20:00,5,74.8693941376457,96.99194290890168,37.02139726509847,0
2024-01-01 00:21:00,5,75.70337815692979,97.13042379402859,37.03769428187993,0
2024-01-01 00:22:00,5,73.60116164639773,97.18199958635343,37.051399066901276,0
2024-01-01 00:23:00,5,77.3308154756191,97.02957951202403,36.851130368006245,0
2024-01-01 00:24:00,5,76.27904617637797,96.75811826716723,36.98543637048224,0
2024-01-01 00:25:00,5,76.01864469938897,97.17569688934923,36.92810653944338,0
2024-01-01 00:26:00,5,76.79012066093244,97.19071818579798,36.97414969878094,0
2024-01-01 00:27:00,5,73.2282831374278,96.83025428598755,37.0434005994849,0
2024-01-01 00:28:00,5,79.02084101240207,96.92482756899746,36.997565884532584,0
2024-01-01 00:29:00,5,75.22356518133653,97.05571566067367,36.988859232698864,0
2024-01-01 00:30:00,5,75.55664985397979,96.67052484745656,37.05679016426922,0
2024-01-01 00:31:00,5,78.07951523415502,97.27529098847445,37.02977980772182,0
2024-01-01 00:32:00,5,77.6151586979364,97.04015087932744,37.10136950088759,0
2024-01-01 00:33:00,5,80.43364206746153,97.19981770626904,37.041800847164566,0
2024-01-01 00:34:00,5,74.54876751479529,96.93383018514548,36.92939714498499,0
2024-01-01 00:35:00,5,74.64698528403933,97.55395181490894,36.98540661096068,0
2024-01-01 00:36:00,5,74.17368404139435,96.87049442157357,37.05805138457211,0
2024-01-01 00:37:00,5,76.87557798425667,97.05906400626054,37.04838492464062,0
2024-01-01 00:38:00,5,76.1104536202055,97.40270976658408,36.95414427547627,0
2024-01-01 00:39:00,5,75.30406358583913,96.93713180270879,37.16544419061045,0
2024-01-01 00:40:00,5,76.60633036526033,97.18932773243233,37.13128536177566,0
2024-01-01 00:41:00,5,74.71637459888169,97.30058874438811,37.042243461737606,0
2024-01-01 00:42:00,5,79.91551629937281,96.87800883039539,37.08819578027752,0
2024-01-01 00:43:00,5,75.46805735305527,97.04964084667174,36.999601704657906,0
2024-01-01 00:44:00,5,75.76711024113791,97.2254596304773,37.19430172043717,0
2024-01-01 00:45:00,5,72.1784413873033,97.28213187107868,37.31807514465539,0
2024-01-01 00:46:00,5,73.70401806631325,97.03103432694222,37.0488915136144,0
2024-01-01 00:47:00,5,75.86173026535765,97.56761869435961,37.23789209155832,0
2024-01-01 00:48:00,5,76.46954990427835,97.29969000271073,37.03154846798805,0
2024-01-01 00:49:00,5,78.56199071914868,97.3628122604613,37.066540191394836,0
2024-01-01 00:50:00,5,74.17466791669747,97.35504435434044,37.26519346436,0
2024-01-01 00:51:00,5,78.11282410484516,96.90273363463993,37.11190773851735,0
2024-01-01 00:52:00,5,78.49942001477015,97.19637326546538,37.19463595420027,0
2024-01-01 00:53:00,5,78.64746040856053,97.21999525607703,37.10101582920908,0
2024-01-01 00:54:00,5,79.40736531072773,97.17626927877653,36.949690735549815,0
2024-01-01 00:55:00,5,75.05463861130346,97.27251382374624,37.36568555764785,0
2024-01-01 00:56:00,5,78.50332881754224,96.81342603579775,37.11222450208312,0
2024-01-01 00:57:00,5,80.99352986525044,97.26434843378127,37.151448035239596,0
2024-01-01 00:58:00,5,80.30604228591709,97.18189551708235,37.06449466568032,0
2024-01-01 00:59:00,5,81.33166090313573,96.8231592470298,37.21764812179791,0
2024-01-01 01:00:00,5,78.07195405990522,97.33464210515878,37.21215715303143,0
2024-01-01 01:01:00,5,76.44839123175318,97.01768927929734,36.98761233889223,0
2024-01-01 01:02:00,5,72.61338512165791,97.18157591402985,37.16226245453981,0
2024-01-01 01:03:00,5,75.23076724211904,97.21053222756885,37.234652380006196,0
2024-01-01 01:04:00,5,76.70743698350162,96.89588630967873,37.268750537556876,0
2024-01-01 01:05:00,5,77.10995198965324,96.92194614256726,37.21509080417048,0
2024-01-01 01:06:00,5,76.25856591015163,97.38156245167383,37.225592894859055,0
2024-01-01 01:07:00,5,78.56304984689065,97.15537424781088,37.09983691105831,0
2024-01-01 01:08:00,5,78.31530857624483,97.20118604284494,37.032603147722426,0
2024-01-01 01:09:00,5,78.0493196083064,97.29794383925487,37.12605369028948,0
2024-01-01 01:10:00,5,79.57966943785998,96.93531885948205,37.033571624227925,0
2024-01-01 01:11:00,5,77.11142231384945,97.20898563101704,37.086424906902906,0
2024-01-01 01:12:00,5,80.2842251079212,97.27194540519838,37.08648262900479,0
2024-01-01 01:13:00,5,75.72616949432042,97.65049632272341,37.0693344734257,0
2024-01-01 01:14:00,5,77.56801444927486,97.11702835068897,37.218130080685725,0
2024-01-01 01:15:00,5,78.85363355212198,97.46233701916547,37.06509696419472,0
2024-01-01 01:16:00,5,74.42050804181525,97.30765337976904,37.35136742339011,0
2024-01-01 01:17:00,5,77.2913597293206,97.08432199078544,37.268135279437764,0
2024-01-01 01:18:00,5,79.76379522890497,97.1882557244668,37.289551509362205,0
2024-01-01 01:19:00,5,77.52673838093936,97.49147678330678,37.103039098338535,0
2024-01-01 01:20:00,5,74.77725538828886,97.47697868778937,37.19330746395548,0
2024-01-01 01:21:00,5,76.68878971909254,97.2208548143277,37.0702816901001,0
2024-01-01 01:22:00,5,75.81416398081387,97.39696206745342,37.19757013740034,0
2024-01-01 01:23:00,5,79.53767153807391,97.12409553385993,37.00029569982279,0
2024-01-01 01:24:00,5,78.82063172890697,97.29944293112322,37.28450032093328,0
2024-01-01 01:25:00,5,75.50386183014976,97.25206645706685,37.11495335859369,0
2024-01-01 01:26:00,5,75.39150192734171,97.52754530071752,37.21086884377645,0
2024-01-01 01:27:00,5,200.0,97.43693710996777,37.23054225860525,1
2024-01-01 01:28:00,5,78.81112279886561,97.21230763255814,37.12737774685825,0
2024-01-01 01:29:00,5,77.44524922166157,97.23534839505382,37.10399600544896,0
2024-01-01 01:30:00,5,79.52980850867708,97.34793631488651,37.17281773103616,0
2024-01-01 01:31:00,5,79.5007988904382,97.32456120499955,37.26611976391758,0
2024-01-01 01:32:00,5,79.97448654147846,97.30395892784328,37.17207745958033,0
2024-01-01 01:33:00,5,76.1233614081262,97.29249029367216,37.24799254034355,0
2024-01-01 01:34:00,5,78.43846472272342,97.64170857450671,37.267994469380895,0
2024-01-01 01:35:00,5,81.1809687954986,97.27844915987168,37.17019622295675,0
2024-01-01 01:36:00,5,77.72629648587336,97.43176336777645,37.17899755170414,0
2024-01-01 01:37:00,5,77.48276743156045,97.85920646219593,37.20493698414109,0
2024-01-01 01:38:00,5,78.17298088285555,97.20825188850168,37.30605497123005,0
2024-01-01 01:39:00,5,78.16250146488709,97.41894133877915,37.15821169952339,0
2024-01-01 01:40:00,5,79.47187674591997,97.43211000527931,37.3070072252359,0
2024-01-01 01:41:00,5,78.1054125472326,97.38378760867856,37.21940407617534,0
2024-01-01 01:42:00,5,75.26828455916805,97.39698884160757,37.12085612749039,0
2024-01-01 01:43:00,5,81.71789473726358,97.21570151702187,37.19091034971387,0
2024-01-01 01:44:00,5,80.39938746744161,97.46596832248977,37.083605367783555,0
2024-01-01 01:45:00,5,79.72390582565836,97.02942336426536,37.06159350716018,0
2024-01-01 01:46:00,5,79.27650925028054,97.75907855680153,37.257370958584374,0
2024-01-01 01:47:00,5,78.85846959438243,97.74472918925105,37.276920977272276,0
2024-01-01 01:48:00,5,77.9428892987232,97.33885452972737,37.19426593532847,0
2024-01-01 01:49:00,5,75.82651045068272,97.61759993768571,37.20272677215086,0
2024-01-01 01:50:00,5,82.87532235898694,97.35109341921678,37.14063862777632,0
2024-01-01 01:51:00,5,79.70091078517805,97.41421564376513,37.215625268618105,0
2024-01-01 01:52:00,5,76.4754983801831,97.27852151779602,37.39707345198561,0
2024-01-01 01:53:00,5,77.6839076230375,97.58108633443726,37.300149363457045,0
2024-01-01 01:54:00,5,80.38358614083305,97.30326565770636,37.191793899207475,0
2024-01-01 01:55:00,5,80.38200789301169,97.57891394937194,37.18326642369037,0
2024-01-01 01:56:00,5,78.356158114019,97.41580158026923,37.16209774028583,0
2024-01-01 01:57:00,5,77.733571243956,97.42305608210576,37.058747315313994,0
2024-01-01 01:58:00,5,78.7829070893758,97.13050336357733,37.151645684737524,0
2024-01-01 01:59:00,5,76.1064643899433,97.44296800958992,37.267408761472865,0
2024-01-01 02:00:00,5,79.05183063330799,97.20402629075382,37.10679805449589,0
2024-01-01 02:01:00,5,79.11086103154855,97.4476772869185,37.17197413075114,0
2024-01-01 02:02:00,5,83.13186461355849,97.82544273083863,37.08810741751454,0
2024-01-01 02:03:00,5,79.21476584083031,97.16167567914944,37.27838135976995,0
2024-01-01 02:04:00,5,80.65929976540855,97.41226910399784,37.07239081034984,0
2024-01-01 02:05:00,5,83.3875476501719,97.31658075474506,37.2588245727513,0
2024-01-01 02:06:00,5,78.09366600261632,97.23761292230633,37.30222941132745,0
2024-01-01 02:07:00,5,79.01603218861953,97.28939057814125,37.166802126304745,0
2024-01-01 02:08:00,5,79.22367546252478,97.74373160309685,37.13018756092021,0
2024-01-01 02:09:00,5,76.99029277410105,97.79875810039272,37.24609776494559,0
2024-01-01 02:10:00,5,79.85332214402571,97.24405135544457,37.35850047732854,0
2024-01-01 02:11:00,5,82.7398681625913,97.53532705799546,37.33206369431403,0
2024-01-01 02:12:00,5,82.14085540927437,97.27313671577456,37.190123913931174,0
2024-01-01 02:13:00,5,82.85084933732554,97.3230259522444,37.108751833309405,0
2024-01-01 02:14:00,5,79.25515479680851,97.05056469021433,37.17339716166222,0
2024-01-01 02:15:00,5,78.30074157890273,97.88846195484912,37.02711810655819,0
2024-01-01 02:16:00,5,85.10744906907719,97.68340996250255,37.14000741505129,0
2024-01-01 02:17:00,5,81.06102796631008,97.33502388699605,37.240067899227306,0
2024-01-01 02:18:00,5,77.44276095849268,97.52390786634354,37.157644512399855,0
2024-01-01 02:19:00,5,85.82422112193528,97.38848719972144,37.13373886458491,0
2024-01-01 02:20:00,5,80.55928127978196,97.65918175910986,37.18757022591817,0
2024-01-01 02:21:00,5,74.88021029670483,97.40321208459638,37.16548587648808,0
2024-01-01 02:22:00,5,83.71959210321636,97.43394436450582,37.26723972776766,0
2024-01-01 02:23:00,5,76.22528294233008,97.34188858921074,37.05825105840863,0
2024-01-01 02:24:00,5,81.45821736092039,97.59644160708305,37.24277693987628,0
2024-01-01 02:25:00,5,82.60153099029151,97.91885617252332,37.184687228665844,0
2024-01-01 02:26:00,5,82.31457351837572,97.42142981255952,37.2318672822821,0
2024-01-01 02:27:00,5,84.09899583033487,97.42039029750529,37.04863533617196,0
2024-01-01 02:28:00,5,83.05598720064604,97.47572623105965,37.27492405471849,0
2024-01-01 02:29:00,5,84.76980768490606,97.53397756604313,37.23996534446328,0
2024-01-01 02:30:00,5,80.90524749276433,97.42328501061735,37.3519920523486,0
2024-01-01 02:31:00,5,80.29856140560838,97.40573598501564,37.10037593569497,0
2024-01-01 02:32:00,5,80.46694083829179,97.50176398539864,37.12409882935876,0
2024-01-01 02:33:00,5,83.94187725369943,97.13607933499041,37.003093658077034,0
2024-01-01 02:34:00,5,79.95004256763079,97.37780967393363,37.098036427048434,0
2024-01-01 02:35:00,5,82.95770782362635,97.08805087923285,37.322680062646434,0
2024-01-01 02:36:00,5,79.5770694099764,97.39063756053207,37.207578563378796,0
2024-01-01 02:37:00,5,79.64709548945817,97.30040500840285,37.10422866096476,0
2024-01-01 02:38:00,5,83.73304741368969,97.61630111332084,37.18893521700792,0
2024-01-01 02:39:00,5,82.27142770477684,97.3446722086419,37.16820263300071,0
2024-01-01 02:40:00,5,77.11230827803959,97.41938536295753,36.98214624180864,0
2024-01-01 02:41:00,5,79.75733486243625,97.06365310783617,36.998915643662926,0
2024-01-01 02:42:00,5,76.35650513751524,97.69839987561045,37.281051314819564,0
2024-01-01 02:43:00,5,80.78028445104613,97.27730076713408,37.24264821240739,0
2024-01-01 02:44:00,5,81.01749085429196,97.39866882300085,37.01911843170176,0
2024-01-01 02:45:00,5,80.64913658613206,97.65140687929666,37.15344028228378,0
2024-01-01 02:46:00,5,84.04295470127455,97.6527028291635,37.093083508380865,0
2024-01-01 02:47:00,5,82.48870172467207,97.27468127169172,37.27203654772,0
2024-01-01 02:48:00,5,86.62679319299721,97.60270318105478,37.206380474261906,0
2024-01-01 02:49:00,5,82.79569799133871,97.26800122737434,37.04960611444341,0
2024-01-01 02:50:00,5,82.864748106103,97.5446040196985,37.170506281976046,0
2024-01-01 02:51:00,5,82.33580228845682,97.34164764305628,37.152759521148894,0
2024-01-01 02:52:00,5,81.28577029455347,97.295795627103,37.15139488041844,0
2024-01-01 02:53:00,5,80.5563520372831,97.50614890020132,37.10255497962969,0
2024-01-01 02:54:00,5,81.41740491898835,97.3546391623711,37.15435794835164,0
2024-01-01 02:55:00,5,81.54080627323965,97.90326304031144,37.06508086765274,0
2024-01-01 02:56:00,5,81.76200441766247,97.37615843032036,37.02963372878423,0
2024-01-01 02:57:00,5,83.25372225305884,97.26145112632187,37.02199097666279,0
2024-01-01 02:58:00,5,82.61308825812492,97.32016134147862,37.03994130415267,0
2024-01-01 02:59:00,5,81.01014430360362,97.49650925680105,37.185261271240236,0
2024-01-01 03:00:00,5,80.59863797011093,97.52239656674611,37.18613678956407,0
2024-01-01 03:01:00,5,82.55427306876375,97.56188022089212,37.285374556919955,0
2024-01-01 03:02:00,5,80.28289335908713,97.68221570919144,37.114583638305994,0
2024-01-01 03:03:00,5,81.31312917232717,97.16563294250268,37.20565639921616,0
2024-01-01 03:04:00,5,81.1345815629114,97.69110811923127,37.138283424614634,0
2024-01-01 03:05:00,5,87.07961113145178,97.31671863509582,37.16157575053926,0
2024-01-01 03:06:00,5,79.70926675890011,97.57961551765308,37.21046885117055,0
2024-01-01 03:07:00,5,80.70232016272627,97.84325328189946,37.18583075444815,0
2024-01-01 03:08:00,5,81.20627003883855,97.3390894945096,37.136442085119214,0
2024-01-01 03:09:00,5,81.44317829129353,97.33047792656514,37.062190983457526,0
2024-01-01 03:10:00,5,84.37628229708585,97.29319028334444,37.14905770671031,0
2024-01-01 03:11:00,5,81.89729822145351,97.43004467134448,37.25581642961133,0
2024-01-01 03:12:00,5,79.7869484229965,97.75027548436256,37.13480751457783,0
2024-01-01 03:13:00,5,85.32629746027601,97.27385862267339,37.07560802345093,0
2024-01-01 03:14:00,5,83.02073174344467,97.3974503649688,37.195130228514905,0
2024-01-01 03:15:00,5,83.36334244490234,97.69079269586983,36.97230655542517,0
2024-01-01 03:16:00,5,83.85266716390483,97.61984123630677,37.07263322577101,0
2024-01-01 03:17:00,5,80.11546516450328,97.3944761517513,37.00834212688842,0
2024-01-01 03:18:00,5,82.59419553562286,97.45156601308655,37.092043788837145,0
2024-01-01 03:19:00,5,84.27871764785166,97.67621346262663,37.22659530735228,0
2024-01-01 03:20:00,5,81.38380172150832,97.80865094804905,37.16377268385172,0
2024-01-01 03:21:00,5,83.30563536442024,97.83171850351857,36.91060931738432,0
2024-01-01 03:22:00,5,83.80717748072401,97.7666566631141,37.03323720498802,0
2024-01-01 03:23:00,5,79.82790732581783,97.35582732598732,36.94288942798358,0
2024-01-01 03:24:00,5,80.71045771627882,97.85267037323136,37.196296173268635,0
2024-01-01 03:25:00,5,78.2331807877693,97.34023778840708,37.0298763707247,0
2024-01-01 03:26:00,5,83.28343606704894,97.15681804604961,37.09335308060567,0
2024-01-01 03:27:00,5,86.62699301368939,97.50851035915755,37.09579403658946,0
2024-01-01 03:28:00,5,81.49962271838771,97.78023820170709,37.10158699864202,0
2024-01-01 03:29:00,5,82.52539903307961,97.61663970226782,36.78932531675527,0
2024-01-01 03:30:00,5,84.96405505430545,97.46805561306121,37.11229631690156,0
2024-01-01 03:31:00,5,83.49564231157413,97.53991647833428,37.01890849767275,0
2024-01-01 03:32:00,5,81.04284170586303,97.58687966591478,37.15589349871568,0
2024-01-01 03:33:00,5,86.06901594897201,97.50873949322254,37.08913584630218,0
2024-01-01 03:34:00,5,83.43707513715381,97.41889078808005,37.12956407848849,0
2024-01-01 03:35:00,5,82.60386793581831,97.32851310986344,36.99110088608909,0
2024-01-01 03:36:00,5,82.79513277169362,97.49778983226423,36.94853767998817,0
2024-01-01 03:37:00,5,84.30132012151606,97.4494425490481,37.14796610086457,0
2024-01-01 03:38:00,5,81.91821894544952,97.47326513915858,37.11276312991311,0
2024-01-01 03:39:00,5,86.31348786366551,97.68029755693176,37.07612595233687,0
2024-01-01 03:40:00,5,85.71261152652974,97.42009018583127,37.07345478456031,0
2024-01-01 03:41:00,5,83.2372467187476,97.42647477861196,37.09090362272252,0
2024-01-01 03:42:00,5,83.36829153497142,97.50453073606832,36.91707034022588,0
2024-01-01 03:43:00,5,81.57761772855295,97.9901322174272,37.151300486875385,0
2024-01-01 03:44:00,5,82.0194931089639,97.24495778636361,37.025778057169525,0
2024-01-01 03:45:00,5,81.04769184514844,97.68005345446119,37.02606273462279,0
2024-01-01 03:46:00,5,82.93448948416118,97.40018556654836,36.994231180774875,0
2024-01-01 03:47:00,5,83.49132055994721,97.44605750358676,36.78650742671508,0
2024-01-01 03:48:00,5,80.21031349997615,97.19405827316535,37.08839683574286,0
2024-01-01 03:49:00,5,84.79196811947848,97.83078481553414,36.928447316367944,0
2024-01-01 03:50:00,5,81.69589411390578,97.49736588538325,37.03649614413795,0
2024-01-01 03:51:00,5,84.2846372186311,97.58275610287205,36.94106890726641,0
2024-01-01 03:52:00,5,85.09870708152206,97.14932321545764,36.986133300011495,0
2024-01-01 03:53:00,5,86.12134564727324,97.31869779694387,36.97796285535397,0
2024-01-01 03:54:00,5,85.72421364030939,97.52767596034353,36.930933193684844,0
2024-01-01 03:55:00,5,86.86609794519617,97.41098039908026,36.990064389342415,0
2024-01-01 03:56:00,5,85.2063350742598,97.53047317919984,36.9619473971752,0
2024-01-01 03:57:00,5,83.93318429685955,97.8596352065592,36.903374616184806,0
2024-01-01 03:58:00,5,82.67460427354129,97.5378821702174,37.12208960359027,0
2024-01-01 03:59:00,5,83.40312783635267,97.34507151537716,36.92203909388926,0
2024-01-01 04:00:00,5,86.92281407111761,97.30237621410471,37.055770765439235,0
2024-01-01 04:01:00,5,83.28992942109392,97.27737403888054,37.06376753106845,0
2024-01-01 04:02:00,5,83.69687891655883,97.34267721838226,37.086717724490526,0
2024-01-01 04:03:00,5,86.68100398202307,97.3488384587678,36.93715785016735,0
2024-01-01 04:04:00,5,83.28313731175272,97.44741453405491,36.96921557493099,0
2024-01-01 04:05:00,5,82.1812276488108,97.52696079609629,36.969690465597076,0
2024-01-01 04:06:00,5,86.05809872760193,97.50601935242886,37.036583497148385,0
2024-01-01 04:07:00,5,82.15743249953942,97.44295141617863,36.95701490443228,0
2024-01-01 04:08:00,5,84.64063856780753,97.45433093150505,37.02449362858906,0
2024-01-01 04:09:00,5,84.3110480325246,97.91876970738822,36.95046351416152,0
2024-01-01 04:10:00,5,84.50508518524354,97.26465449325295,37.08516350832654,0
2024-01-01 04:11:00,5,79.05414079401228,97.39924470887915,36.96967531327703,0
2024-01-01 04:12:00,5,85.47446521440143,97.04700373717598,36.95505086908079,0
2024-01-01 04:13:00,5,83.81424977803519,97.32488892534231,36.99962732789482,0
2024-01-01 04:14:00,5,85.18534329706915,97.21909360350776,37.12664865438395,0
2024-01-01 04:15:00,5,84.97373125132975,97.25023429997145,36.900008502164084,0
2024-01-01 04:16:00,5,84.62320258680371,97.15637413083564,37.06190470759215,0
2024-01-01 04:17:00,5,83.21600541838114,97.12039423032178,36.87364597802276,0
2024-01-01 04:18:00,5,83.25693394500942,97.41254202281726,36.957237556896395,0
2024-01-01 04:19:00,5,83.93931123438061,97.52737889723934,36.87083520749533,0
2024-01-01 04:20:00,5,84.40935322881161,97.22820885113954,36.9106482307182,0
2024-01-01 04:21:00,5,83.2367411945669,96.97413494770589,36.87740044393961,0
2024-01-01 04:22:00,5,85.98877711693632,97.39905040189393,37.01256181644464,0
2024-01-01 04:23:00,5,83.46520679851037,97.46784073294361,36.89051048348954,0
2024-01-01 04:24:00,5,82.17900509218296,97.50578239638682,36.9907606896153,0
2024-01-01 04:25:00,5,85.34681912106781,97.1638417216405,36.8825728644669,0
2024-01-01 04:26:00,5,,,,1
2024-01-01 04:27:00,5,81.85600072634253,97.1401548261531,37.07608090801752,0
2024-01-01 04:28:00,5,83.95758889953406,97.21125075295329,36.853322304866055,0
2024-01-01 04:29:00,5,86.35296143974236,97.1980991564099,36.852781352627815,0
2024-01-01 04:30:00,5,85.38160197707643,97.25101731117718,36.89838887368565,0
2024-01-01 04:31:00,5,85.50099414518652,97.29958071376483,36.91884032863619,0
2024-01-01 04:32:00,5,84.33589459158466,97.36967166500767,36.98028126759091,0
2024-01-01 04:33:00,5,78.97515500570209,97.17447168177851,36.920115750336954,0
2024-01-01 04:34:00,5,84.82292220105683,97.31244370955254,36.937967825817935,0
2024-01-01 04:35:00,5,85.07006295182809,97.1558147877193,36.79566107347387,0
2024-01-01 04:36:00,5,86.59047872558332,96.98289891336037,36.938911637674316,0
2024-01-01 04:37:00,5,82.85238915291896,97.43880273713096,36.93926149059392,0
2024-01-01 04:38:00,5,87.73530977931055,97.19483207249655,36.97128409620626,0
2024-01-01 04:39:00,5,83.76394635687865,96.97746194738073,36.86899800550749,0
2024-01-01 04:40:00,5,83.43455187578489,97.43284420574714,36.89888574989787,0
2024-01-01 04:41:00,5,82.97310344768748,97.26721763572631,36.96793804143714,0
2024-01-01 04:42:00,5,86.52192300460518,97.40455749402719,36.78919899001861,0
2024-01-01 04:43:00,5,82.25173096758452,97.39425819492337,36.71334402420548,0
2024-01-01 04:44:00,5,85.72183867950635,97.08828139142554,36.779744332884796,0
2024-01-01 04:45:00,5,82.8569439271878,97.48979115469022,36.82452322341097,0
2024-01-01 04:46:00,5,84.3976684833951,96.93367323468794,36.993530932473675,0
2024-01-01 04:47:00,5,81.4504048257625,97.21727816100062,37.0870701580296,0
2024-01-01 04:48:00,5,86.08401351097503,97.2005091455179,36.79107516410006,0
2024-01-01 04:49:00,5,84.2265453302896,97.1343152040874,36.87149496998446,0
2024-01-01 04:50:00,5,85.65467060755262,97.53127987234024,36.825143783329736,0
2024-01-01 04:51:00,5,84.19497432178702,97.34272507417697,36.92388539139859,0
2024-01-01 04:52:00,5,85.62112828825548,96.99723632045432,36.90171308224303,0
2024-01-01 04:53:00,5,84.48605120263286,97.0225375015807,36.784044417268994,0
2024-01-01 04:54:00,5,86.07200353130611,97.70241692189909,36.80758974260657,0
2024-01-01 04:55:00,5,85.67057004503603,97.17252160351076,36.85342574631514,0
2024-01-01 04:56:00,5,85.00757176925373,97.10498828822293,36.98879946627421,0
2024-01-01 04:57:00,5,82.82670018526183,97.49177230227956,36.79846449736802,0
2024-01-01 04:58:00,5,83.76393356732406,96.90132248272846,36.70680040316601,0
2024-01-01 04:59:00,5,83.10582882934565,97.53038966904799,36.99035503730661,0
2024-01-01 05:00:00,5,87.5189978655972,97.08963968654282,36.907922554125456,0
2024-01-01 05:01:00,5,86.23349678482705,97.348395827368,36.74006935815654,0
2024-01-01 05:02:00,5,,,,1
2024-01-01 05:03:00,5,83.57026709092827,96.92289888966775,36.9339286022331,0
2024-01-01 05:04:00,5,83.12564063382628,97.26961500760162,36.86037607852299,0
2024-01-01 05:05:00,5,84.9605650286892,97.41961284405976,36.98552443870039,0
2024-01-01 05:06:00,5,88.41228021618265,96.75648701288569,36.903090656821476,0
2024-01-01 05:07:00,5,84.74778294989983,96.99111718675455,36.87642463664558,0
2024-01-01 05:08:00,5,,,,1
2024-01-01 05:09:00,5,85.30681365530556,97.29393431499493,36.85617863620527,0
2024-01-01 05:10:00,5,85.89013858604848,97.30325667324068,36.92879343029839,0
2024-01-01 05:11:00,5,83.82247296566332,97.3926651234913,36.824453133551174,0
2024-01-01 05:12:00,5,84.38930355997508,97.2960739380071,36.93281693771932,0
2024-01-01 05:13:00,5,83.1307712201758,97.22799762336655,36.86753746125746,0
2024-01-01 05:14:00,5,85.41030814864926,97.4177169930915,36.84540810680183,0
2024-01-01 05:15:00,5,84.32286621096802,97.1124374363321,36.80258458141309,0
2024-01-01 05:16:00,5,85.53786674036155,97.18309910623283,36.802084685120306,0
2024-01-01 05:17:00,5,82.8558725588688,97.34752706956687,36.86244934349452,0
2024-01-01 05:18:00,5,85.74575691544028,97.02530950253616,36.93048073633673,0
2024-01-01 05:19:00,5,85.17992935040233,97.45917608490177,36.878262626666384,0
2024-01-01 05:20:00,5,85.12349704015729,97.2283668575903,36.755057362474794,0
2024-01-01 05:21:00,5,85.6359558568398,96.9362069959205,36.665323451504406,0
2024-01-01 05:22:00,5,84.38926101721907,97.12314358033575,36.8979336214256,0
2024-01-01 05:23:00,5,92.48496797293767,96.88056590709066,37.09102645136508,0
2024-01-01 05:24:00,5,85.81530696406568,97.170753042262,36.79394574096531,0
2024-01-01 05:25:00,5,85.09533337788537,97.07365186157202,36.77400338692496,0
2024-01-01 05:26:00,5,86.375563294752,96.97229927975401,36.90128102341715,0
2024-01-01 05:27:00,5,83.85541238531258,96.78502934897762,36.73203479208984,0
2024-01-01 05:28:00,5,83.79531861541932,96.9785068193953,36.96666884349832,0
2024-01-01 05:29:00,5,86.51073666435677,97.09653767479826,36.85723732493019,0
2024-01-01 05:30:00,5,86.69403578047508,97.0540425482625,36.81233398304599,0
2024-01-01 05:31:00,5,87.30481335397343,96.84018730355082,36.7366042617027,0
2024-01-01 05:32:00,5,82.07634520753875,97.12426673163395,36.90127520754303,0
2024-01-01 05:33:00,5,84.67908819800017,96.91863385523686,36.767733174967276,0
2024-01-01 05:34:00,5,85.59612158524706,97.29586651299049,36.88219120252333,0
2024-01-01 05:35:00,5,86.38229295631093,97.32105376562752,36.850327880400464,0
2024-01-01 05:36:00,5,85.99944470328417,97.05154338479994,36.93874309850596,0
2024-01-01 05:37:00,5,83.24854852251482,97.4139076166893,36.82471286465686,0
2024-01-01 05:38:00,5,85.98445285585169,97.06620554022801,37.11969711392121,0
2024-01-01 05:39:00,5,85.60145552337355,96.83000878980702,36.862839610855005,0
2024-01-01 05:40:00,5,85.599870792082,97.32285416117334,36.82128266308036,0
2024-01-01 05:41:00,5,82.77362262774193,97.40432673359994,36.76709753375384,0
2024-01-01 05:42:00,5,83.10105026533745,97.27611730679926,36.89304875976812,0
2024-01-01 05:43:00,5,88.59772854083319,96.92010619625525,36.76813395545343,0
2024-01-01 05:44:00,5,86.94858777005818,96.82148082208498,36.72682095641976,0
2024-01-01 05:45:00,5,84.8533278577684,96.99416657523737,36.75685298784397,0
2024-01-01 05:46:00,5,84.89020667294754,97.55517446656647,36.7840198850132,0
2024-01-01 05:47:00,5,89.43017151345539,96.82017981140429,37.02776126189262,0
2024-01-01 05:48:00,5,85.07750907347277,97.21536571617207,36.83161158401089,0
2024-01-01 05:49:00,5,84.7554058106513,97.02836246811592,36.73587907131786,0
2024-01-01 05:50:00,5,83.40412220571719,97.23135098381258,36.91050828228672,0
2024-01-01 05:51:00,5,84.52537414929117,96.78617078472084,36.82016319260349,0
2024-01-01 05:52:00,5,81.62858768049409,96.98391314690318,36.93050604394061,0
2024-01-01 05:53:00,5,86.03724305258345,96.84984589857218,36.991957057505545,0
2024-01-01 05:54:00,5,87.51536646670404,96.85686581819,36.651390960256094,0
2024-01-01 05:55:00,5,87.53864560142574,97.16806284861144,36.56287748772345,0
2024-01-01 05:56:00,5,83.59374245335526,96.79256163038585,36.99938813762422,0
2024-01-01 05:57:00,5,80.40990334785702,97.06998018172028,36.731397504999535,0
2024-01-01 05:58:00,5,85.67825749071669,97.01879592741075,36.63020155386765,0
2024-01-01 05:59:00,5,87.63735907900002,96.8125136937666,36.74752335779548,0
2024-01-01 06:00:00,5,81.79171615775445,96.85136420049855,36.70323998639061,0
2024-01-01 06:01:00,5,84.25264177877881,97.06132866164567,36.72277507762346,0
2024-01-01 06:02:00,5,85.71434666016562,96.98514904327241,36.885661203242016,0
2024-01-01 06:03:00,5,83.31686943547359,96.99347014767226,36.76424150625497,0
2024-01-01 06:04:00,5,81.54196359708295,96.9349268434739,36.6385225617495,0
2024-01-01 06:05:00,5,83.50994671606432,96.91762002189276,36.803726756385025,0
2024-01-01 06:06:00,5,83.85810592583061,96.9684114026087,36.71555471234116,0
2024-01-01 06:07:00,5,81.22266719710629,97.25620552106729,36.77596644874417,0
2024-01-01 06:08:00,5,87.13660056407707,97.06982531903832,36.78195626222577,0
2024-01-01 06:09:00,5,88.09967566913258,96.93347722060655,36.88601456180861,0
2024-01-01 06:10:00,5,85.04910027940677,96.73893627205763,36.75126122226085,0
2024-01-01 06:11:00,5,86.4469121300148,96.86715143522675,36.87194604122279,0
2024-01-01 06:12:00,5,82.02732026102102,96.76256530017291,36.643057762949276,0
2024-01-01 06:13:00,5,84.70011254716403,96.78295754432654,36.892881310788496,0
2024-01-01 06:14:00,5,83.82284017477596,96.56385038484815,36.933367186251004,0
2024-01-01 06:15:00,5,85.80095389890887,96.93135128517771,36.78095367145697,0
2024-01-01 06:16:00,5,79.5788083234041,97.34283005078403,36.722654825095425,0
2024-01-01 06:17:00,5,84.36350718543648,96.96419870854702,36.6973239662591,0
2024-01-01 06:18:00,5,86.22506910810225,97.06613234393988,36.80313900216259,0
2024-01-01 06:19:00,5,85.44109185015617,97.10830266858429,36.92793188934384,0
2024-01-01 06:20:00,5,86.5267501210788,96.85470172575673,36.764417104168096,0
2024-01-01 06:21:00,5,83.76023438121817,96.86379622448247,36.91884248441053,0
2024-01-01 06:22:00,5,79.30620922329764,96.62412539633284,36.69329622135874,0
2024-01-01 06:23:00,5,87.1462838160153,96.93856124798005,36.774049507702955,0
2024-01-01 06:24:00,5,86.46228747636937,96.9060833760737,36.805646137780016,0
2024-01-01 06:25:00,5,88.07680017453801,96.71940387650257,36.83247977032647,0
2024-01-01 06:26:00,5,85.08289962936657,97.11609295716984,36.77843126451341,0
2024-01-01 06:27:00,5,85.76177682861697,96.72680957333128,36.937270917939394,0
2024-01-01 06:28:00,5,89.58251627316247,97.44737261527621,36.93977242664935,0
2024-01-01 06:29:00,5,81.21653304947976,96.95435765357712,36.79701945601553,0
2024-01-01 06:30:00,5,85.80230606275106,96.8650739529498,36.763447111251985,0
2024-01-01 06:31:00,5,87.34253244287686,97.25302714728865,36.75648221309928,0
2024-01-01 06:32:00,5,85.32618288012436,96.40443201426673,36.921021304617746,0
2024-01-01 06:33:00,5,85.02741106871034,96.79960578383871,36.75217030173074,0
2024-01-01 06:34:00,5,81.92124122529057,96.76596265025205,36.67365369014142,0
2024-01-01 06:35:00,5,87.81623230999698,96.81227789851515,36.68972862217135,0
2024-01-01 06:36:00,5,87.01287823525173,96.88957457822163,36.88882450216084,0
2024-01-01 06:37:00,5,87.43313940748425,96.7980909674353,36.686803999662125,0
2024-01-01 06:38:00,5,84.81774929777427,97.11627574607112,36.784691114289906,0
2024-01-01 06:39:00,5,84.21204538667784,96.91903130412759,36.83607250365427,0
2024-01-01 06:40:00,5,84.83255246956452,96.9246485944416,36.658949418500185,0
2024-01-01 06:41:00,5,88.23688145265653,96.91622708359036,36.84672013272922,0
2024-01-01 06:42:00,5,84.30970487398295,96.56199855278652,36.797398376907125,0
2024-01-01 06:43:00,5,87.78610312768879,96.85600621836424,36.64051626768229,0
2024-01-01 06:44:00,5,84.51973108132142,96.85885479668013,36.85218989461569,0
2024-01-01 06:45:00,5,83.09093366304153,96.58266282215874,36.87369666228738,0
2024-01-01 06:46:00,5,80.64229717497251,96.98070181845566,36.85406192964588,0
2024-01-01 06:47:00,5,85.93619422520186,96.39201159780956,36.88753131007011,0
2024-01-01 06:48:00,5,86.31514061491441,97.29944373944765,36.864445777574886,0
2024-01-01 06:49:00,5,82.46860225316522,96.78401972139638,36.913210770111284,0
2024-01-01 06:50:00,5,87.71398843029127,96.6164744607291,36.74719830056662,0
2024-01-01 06:51:00,5,81.9879116804312,96.90716594041957,36.70371794984278,0
2024-01-01 06:52:00,5,86.15775921434509,96.90492302474306,36.72891144909899,0
2024-01-01 06:53:00,5,86.2458793168295,97.18500391210274,36.76549734066845,0
2024-01-01 06:54:00,5,86.86709067537163,97.12832220517284,37.050604661399014,0
2024-01-01 06:55:00,5,80.76882703524969,96.50204368126141,36.769799687332494,0
2024-01-01 06:56:00,5,86.83364334242101,96.71014203523563,36.79970142672772,0
2024-01-01 06:57:00,5,84.39950443798776,96.57837931710569,36.8302204954584,0
2024-01-01 06:58:00,5,83.99757285690453,96.90491846281378,36.81977484960645,0
2024-01-01 06:59:00,5,86.31723584732286,97.03568438997928,37.038793576909995,0
2024-01-01 07:00:00,5,86.57732677912801,96.48558083400467,36.686559495255494,0
2024-01-01 07:01:00,5,80.6672411874898,96.73249082504825,37.07952874163566,0
2024-01-01 07:02:00,5,82.05330172942853,96.61501206791975,36.877356425934465,0
2024-01-01 07:03:00,5,87.01948799096544,96.90654595739346,36.960954532263514,0
2024-01-01 07:04:00,5,85.55904344131234,96.81584804431776,36.86878503227263,0
2024-01-01 07:05:00,5,84.96038908467351,96.96542707125629,36.95024006027982,0
2024-01-01 07:06:00,5,82.61318024343058,96.64238552047186,36.77626474102826,0
2024-01-01 07:07:00,5,85.4496574760568,96.6996229143881,36.737213158536164,0
2024-01-01 07:08:00,5,86.99710943556742,96.79815157957982,37.13405411363679,0
2024-01-01 07:09:00,5,89.18219978244008,96.6615157756528,37.068142236148326,0
2024-01-01 07:10:00,5,83.82486688280524,96.77194502034517,36.773491453104285,0
2024-01-01 07:11:00,5,86.27413802829206,96.9626152528095,36.95261899611034,0
2024-01-01 07:12:00,5,88.21627233100608,97.13176810283052,36.99886738906887,0
2024-01-01 07:13:00,5,81.59548369529143,96.60386806247631,36.951233999936605,0
2024-01-01 07:14:00,5,88.07730972168572,97.12754917724992,36.866537592834085,0
2024-01-01 07:15:00,5,84.86634043598875,96.59411537622707,37.09199478014623,0
2024-01-01 07:16:00,5,84.60060196622541,96.86491387396535,36.960504561636675,0
2024-01-01 07:17:00,5,83.35305572111403,96.58882755361671,36.801159959596035,0
2024-01-01 07:18:00,5,83.69418410958171,96.47839021631083,36.857491919302106,0
2024-01-01 07:19:00,5,82.91722929412238,96.92548008604105,36.79143089085816,0
2024-01-01 07:20:00,5,82.48630664897773,96.66775535400431,36.88995436601585,0
2024-01-01 07:21:00,5,85.27652171705067,96.93105999294679,36.8890020137743,0
2024-01-01 07:22:00,5,86.58739477764826,96.82136299105412,36.98081196844929,0
2024-01-01 07:23:00,5,82.25109203936567,96.749907958177,36.981655927469625,0
2024-01-01 07:24:00,5,82.94063581297667,96.77466661528737,36.94875630073951,0
2024-01-01 07:25:00,5,84.82786969782761,96.87894000928817,36.94840898556888,0
2024-01-01 07:26:00,5,82.07020956060693,96.84330264632777,37.01895753344805,0
2024-01-01 07:27:00,5,84.77132458396902,96.5739348604296,36.89442350089951,0
2024-01-01 07:28:00,5,83.72736297282977,96.73628181743805,36.68009175644408,0
2024-01-01 07:29:00,5,80.97434952678628,96.94869868808355,37.13289921548884,0
2024-01-01 07:30:00,5,85.17682588824948,96.6545411792393,36.83314633792811,0
2024-01-01 07:31:00,5,83.09467359850045,96.54359907102004,36.996197896553696,0
2024-01-01 07:32:00,5,86.24978174265931,96.51510269856492,36.895032600135195,0
2024-01-01 07:33:00,5,83.7914896748304,96.80619953320762,37.07135348060828,0
2024-01-01 07:34:00,5,82.74248179981097,96.58530066037298,36.83784862630288,0
2024-01-01 07:35:00,5,84.08106011911185,96.70287766804152,36.8654179630769,0
2024-01-01 07:36:00,5,86.61376351255889,96.56989103824964,36.889209451758944,0
2024-01-01 07:37:00,5,87.79556536046975,96.85939451032313,36.99691581413986,0
2024-01-01 07:38:00,5,85.27998713654613,96.65177885169291,36.96630005968507,0
2024-01-01 07:39:00,5,82.8975328390506,96.90452845849937,37.003036917330526,0
2024-01-01 07:40:00,5,84.12238830864318,96.89439152133517,36.9617207147833,0
2024-01-01 07:41:00,5,83.84174526366265,96.59567109772266,37.044785559214276,0
2024-01-01 07:42:00,5,83.71933270063302,96.87721573350223,37.04900857734066,0
2024-01-01 07:43:00,5,83.49209426117947,96.54026969106857,37.10813050432425,0
2024-01-01 07:44:00,5,82.0509092789945,96.6583593827401,36.99362340283488,0
2024-01-01 07:45:00,5,85.91372005410352,96.44652508498837,36.99571410736158,0
2024-01-01 07:46:00,5,85.66458956501225,96.71854450312067,37.14108768668757,0
2024-01-01 07:47:00,5,83.96973211098356,96.6574901636666,37.086708011577365,0
2024-01-01 07:48:00,5,86.42110916512146,96.69749880699864,37.02142778821355,0
2024-01-01 07:49:00,5,85.06575217151953,96.32009254836797,36.83269882714615,0
2024-01-01 07:50:00,5,81.63064944540874,96.19173704833572,36.80637462032423,0
2024-01-01 07:51:00,5,83.13440765500799,96.36060348555806,37.03861432423959,0
2024-01-01 07:52:00,5,86.7834893380887,96.68450632890652,37.04534099184642,0
2024-01-01 07:53:00,5,83.0808141336233,96.71695782440669,36.9102781169053,0
2024-01-01 07:54:00,5,82.39464404199376,96.80575102083745,37.02055774354661,0
2024-01-01 07:55:00,5,85.20514916474863,96.49662992656944,36.896467260497175,0
2024-01-01 07:56:00,5,83.17875577044079,96.6169412785134,37.04761564953512,0
2024-01-01 07:57:00,5,84.8394534866519,96.43272073728504,37.05283733341991,0
2024-01-01 07:58:00,5,83.62417854398484,96.84415102443504,37.05480825696208,0
2024-01-01 07:59:00,5,82.08146062473458,96.42658023061826,37.03180704547976,0
2024-01-01 08:00:00,5,82.26674369394922,96.80196711498522,36.971461041276875,0
2024-01-01 08:01:00,5,80.2595000493351,96.51384337853206,36.98232354771361,0
2024-01-01 08:02:00,5,81.39849953303882,96.87703257991264,37.122021803914485,0
2024-01-01 08:03:00,5,84.84332352732137,96.5964860402482,37.050221421651116,0
2024-01-01 08:04:00,5,85.97564594846595,96.59005659270099,37.06015532848814,0
2024-01-01 08:05:00,5,82.32062782197416,96.4050014263933,37.02260995584877,0
2024-01-01 08:06:00,5,80.76872669650601,96.98723306751175,37.08171810782941,0
2024-01-01 08:07:00,5,85.77141716145412,96.75003903702722,37.11507549953732,0
2024-01-01 08:08:00,5,85.80748656368168,96.65234752578704,36.95899173993967,0
2024-01-01 08:09:00,5,84.89527431185186,96.59598193072533,37.083665450746274,0
2024-01-01 08:10:00,5,80.5240585276813,96.41407356252923,37.00438042747593,0
2024-01-01 08:11:00,5,84.43256581012174,96.67905819369606,37.060967607631454,0
2024-01-01 08:12:00,5,84.48172895082996,96.52928199494578,37.115694314057706,0
2024-01-01 08:13:00,5,85.15580773626056,96.55238001945966,36.88958339491598,0
2024-01-01 08:14:00,5,83.63255944155698,96.71735846728181,36.92894844240949,0
2024-01-01 08:15:00,5,81.8059979464115,96.59437846463094,36.97396161762903,0
2024-01-01 08:16:00,5,82.47287300295766,96.5394769281171,36.96943012487594,0
2024-01-01 08:17:00,5,85.6115125174138,96.82137066995752,37.02878604677296,0
2024-01-01 08:18:00,5,83.99178418535494,96.36889670561449,37.21680766389381,0
2024-01-01 08:19:00,5,80.59172163824782,96.2001608068195,37.16795474163535,0
2024-01-01 08:20:00,5,86.59574977909006,96.37043777176909,36.99458295202626,0
2024-01-01 08:21:00,5,85.46873308474389,96.55858269748968,37.14205311466841,0
2024-01-01 08:22:00,5,86.45730385322743,96.66565735768849,37.05335589249683,0
2024-01-01 08:23:00,5,85.37544422130838,96.3765336355477,37.094556572973076,0
2024-01-01 08:24:00,5,81.22438219950253,97.26149507675011,36.96458887010718,0
2024-01-01 08:25:00,5,83.71539202727133,96.55911549473124,36.93308885235277,0
2024-01-01 08:26:00,5,84.23642125125032,96.5517576049677,37.14086328548674,0
2024-01-01 08:27:00,5,80.31472248049853,96.26222887498147,37.07337263398869,0
2024-01-01 08:28:00,5,80.6323028214774,96.23038711438167,37.12479536299788,0
2024-01-01 08:29:00,5,84.43746499726609,96.16115552473954,37.23434555603728,0
2024-01-01 08:30:00,5,84.56948651966171,96.7909229554913,37.05351307830734,0
2024-01-01 08:31:00,5,87.63383830953494,96.75803074371976,37.056838548132546,0
2024-01-01 08:32:00,5,82.34976681244555,96.51418837695263,37.259063524881505,0
2024-01-01 08:33:00,5,79.4776390522539,96.27047193664679,37.08627753846991,0
2024-01-01 08:34:00,5,82.51410473254302,96.45696173612724,37.006614582805405,0
2024-01-01 08:35:00,5,84.47598083251992,96.7958040252423,37.16286530251708,0
2024-01-01 08:36:00,5,82.03340625262376,96.40977231711588,37.06786592919815,0
2024-01-01 08:37:00,5,82.93748995313362,96.32931896239222,37.011690456123944,0
2024-01-01 08:38:00,5,81.42205006110902,96.43268908592115,37.10522755120202,0
2024-01-01 08:39:00,5,85.0645362183222,96.44951600648822,37.18121559022928,0
2024-01-01 08:40:00,5,84.13953099211564,96.65494213353698,36.98489996543201,0
2024-01-01 08:41:00,5,80.98195881826193,96.06515268255707,36.98482848728201,0
2024-01-01 08:42:00,5,81.54991948907198,96.53977652160424,37.09730236307277,0
2024-01-01 08:43:00,5,81.20630474749156,96.3658973063927,36.99752313594827,0
2024-01-01 08:44:00,5,78.81741925948849,96.39753894156718,36.98211882052307,0
2024-01-01 08:45:00,5,80.98392582009062,96.65496424210023,37.112518553255306,0
2024-01-01 08:46:00,5,78.9332532945548,96.24317352902456,37.22467565041036,0
2024-01-01 08:47:00,5,84.31708291919635,96.53902177716061,37.1950124230613,0
2024-01-01 08:48:00,5,84.4464762379453,96.59882914292841,37.10763872896845,0
2024-01-01 08:49:00,5,81.79380825104435,96.61807219278963,37.24869187125167,0
2024-01-01 08:50:00,5,82.77129842141846,96.6431385161356,37.296011806010235,0
2024-01-01 08:51:00,5,84.47428557552239,96.61579859363684,37.17369815182827,0
2024-01-01 08:52:00,5,83.8700900960038,96.64496121576346,37.08999561805191,0
2024-01-01 08:53:00,5,86.28202377085697,96.32467607780067,37.284893418655,0
2024-01-01 08:54:00,5,82.76141335849245,96.77373784598535,37.28248167505746,0
2024-01-01 08:55:00,5,85.11768290866411,96.26349502066911,37.15793900463556,0
2024-01-01 08:56:00,5,82.3723384795307,96.57431940375751,37.256833756355526,0
2024-01-01 08:57:00,5,81.912650998187,96.36395304977415,37.058347473652915,0
2024-01-01 08:58:00,5,83.47842907069409,96.15648759640911,36.93165522571349,0
2024-01-01 08:59:00,5,83.1946446307398,96.38598547707001,37.04313991431526,0
2024-01-01 09:00:00,5,80.84363683839065,96.47631266972842,37.162771298146104,0
2024-01-01 09:01:00,5,80.38042555501829,96.77741781125565,37.136527486889285,0
2024-01-01 09:02:00,5,82.14691244235749,96.86404204925353,37.241938156077524,0
2024-01-01 09:03:00,5,78.18595989768899,96.47428900536671,36.998967736647344,0
2024-01-01 09:04:00,5,81.31964790570385,96.22255910863426,37.0026782279782,0
2024-01-01 09:05:00,5,79.93850669530944,96.23932654857119,37.22725031636069,0
2024-01-01 09:06:00,5,80.71883467844414,96.65514847836083,37.009131775478295,0
2024-01-01 09:07:00,5,80.28227436222507,96.6426680532454,37.12732745848435,0
2024-01-01 09:08:00,5,83.34363965448894,96.3798631155549,37.15851097449485,0
2024-01-01 09:09:00,5,82.6691332435332,96.26682911826232,37.092630858930164,0
2024-01-01 09:10:00,5,81.84950212421388,96.70050571730874,37.217063941819845,0
2024-01-01 09:11:00,5,80.94453884669716,96.25686697545056,36.954661793658154,0
2024-01-01 09:12:00,5,83.74825484976733,96.41405435653452,37.34558445580455,0
2024-01-01 09:13:00,5,83.44759459674283,96.59810517182234,37.13089329338173,0
2024-01-01 09:14:00,5,81.39132727638098,96.10375335516615,37.14836683707497,0
2024-01-01 09:15:00,5,84.29028985446851,96.69516968585862,37.43621049123744,0
2024-01-01 09:16:00,5,81.16877104123816,96.98115968551512,37.03229284399475,0
2024-01-01 09:17:00,5,81.9241985232006,96.52852229319073,37.06517433816161,0
2024-01-01 09:18:00,5,80.33316816782431,96.49949281589234,37.31150599045592,0
2024-01-01 09:19:00,5,80.66187330419453,96.51600487401859,37.01675269220499,0
2024-01-01 09:20:00,5,80.16082614494385,96.55286369946384,37.22323028345749,0
2024-01-01 09:21:00,5,82.75648603281854,96.36269070517913,37.11436750639158,0
2024-01-01 09:22:00,5,82.10006277919766,96.28464788248431,37.0146349407075,0
2024-01-01 09:23:00,5,79.2083468034153,96.43975901801964,37.23015705673277,0
2024-01-01 09:24:00,5,82.41280240817218,96.54200500502388,37.23429053334087,0
2024-01-01 09:25:00,5,84.8317667677654,96.31254357490084,37.1799653969072,0
2024-01-01 09:26:00,5,79.89155385887119,96.24388217693692,37.38786686789092,0
2024-01-01 09:27:00,5,79.74291164467077,96.4261352391555,37.104908353576064,0
2024-01-01 09:28:00,5,81.15916760476738,96.24858939531629,37.26978432296436,0
2024-01-01 09:29:00,5,83.86499131515635,96.6507204347155,37.2168985650112,0
2024-01-01 09:30:00,5,80.19726873723128,95.82917145156183,37.28232244372867,0
2024-01-01 09:31:00,5,84.72285085135209,96.28502356777905,37.135735665791394,0
2024-01-01 09:32:00,5,78.89017226892696,96.80255607285937,37.04861955166693,0
2024-01-01 09:33:00,5,81.34541276578446,96.47674278841122,37.119795387019074,0
2024-01-01 09:34:00,5,77.53170777637163,96.55914524958628,37.18249646036559,0
2024-01-01 09:35:00,5,79.0267331606267,96.4978847646433,37.25780924735563,0
2024-01-01 09:36:00,5,80.43691188675211,96.39955068897214,37.19226119387881,0
2024-01-01 09:37:00,5,81.3686768742344,96.745434842085,37.21282035152105,0
2024-01-01 09:38:00,5,83.27421635886094,96.41344188506035,37.36461617387493,0
2024-01-01 09:39:00,5,79.35844711722446,96.36357189100337,37.19035210207994,0
2024-01-01 09:40:00,5,81.56263713471428,96.66211049130646,37.14021822006166,0
2024-01-01 09:41:00,5,78.00726964395352,96.14615332562683,37.238136129410194,0
2024-01-01 09:42:00,5,82.66921689962305,96.47676041324726,37.023136874171264,0
2024-01-01 09:43:00,5,83.23419290930097,96.43165059462925,37.023504085983475,0
2024-01-01 09:44:00,5,82.65228936527947,96.47624340212967,37.18244242596631,0
2024-01-01 09:45:00,5,82.6130735854806,96.44106520143474,37.103071852924955,0
2024-01-01 09:46:00,5,80.3217770159457,96.61546226850794,37.13601862798711,0
2024-01-01 09:47:00,5,81.02146284162758,96.7621198425529,37.29076660003159,0
2024-01-01 09:48:00,5,80.2374688057713,96.63582274092661,37.250326683235976,0
2024-01-01 09:49:00,5,80.30369812179632,96.4783801676713,37.19038369409359,0
2024-01-01 09:50:00,5,78.87057308441008,96.67389175157021,37.206722828920334,0
2024-01-01 09:51:00,5,80.88431808486474,96.6992000009876,37.156285724126,0
2024-01-01 09:52:00,5,81.119561839475,96.62357851715424,37.28394816556323,0
2024-01-01 09:53:00,5,82.21743598253757,96.7630679933449,37.278510982916444,0
2024-01-01 09:54:00,5,80.99385592563038,96.08583818939309,37.29855862923866,0
2024-01-01 09:55:00,5,81.93445887485234,96.56268341384211,37.294132359093936,0
2024-01-01 09:56:00,5,78.64633232037139,96.62094819649593,37.205184533844324,0
2024-01-01 09:57:00,5,82.94424120811443,96.26521094068266,37.13006445379302,0
2024-01-01 09:58:00,5,79.57724556348572,96.60772634503266,37.183226543819636,0
2024-01-01 09:59:00,5,75.92453371940057,96.7487095332763,37.21165661535528,0
2024-01-01 10:00:00,5,79.20525579880218,96.52312486968239,37.13259436636497,0
2024-01-01 10:01:00,5,81.09969590619913,96.70142106654802,37.36295248020087,0
2024-01-01 10:02:00,5,80.07274878772338,96.77691000911798,37.363385914314584,0
2024-01-01 10:03:00,5,75.9862269477717,96.84313086284921,37.18779294513135,0
2024-01-01 10:04:00,5,80.2623827568789,96.80938008761234,37.30275338217858,0
2024-01-01 10:05:00,5,80.04725923707959,96.85241412945591,37.25549892599693,0
2024-01-01 10:06:00,5,77.81256336680448,96.4817588168884,37.149631849678215,0
2024-01-01 10:07:00,5,80.84600440205126,96.50604930323763,37.24025795081832,0
2024-01-01 10:08:00,5,79.41077117884323,96.09182576286578,37.12136010357439,0
2024-01-01 10:09:00,5,75.73763192035901,96.37595202865994,37.11048012793561,0
2024-01-01 10:10:00,5,80.99122198198548,96.83517749788938,37.24583140727025,0
2024-01-01 10:11:00,5,79.91189545904527,96.47304958150636,37.246648521874114,0
2024-01-01 10:12:00,5,82.55048119492211,96.67610271451485,37.46676918409688,0
2024-01-01 10:13:00,5,77.75448659966952,96.6473252831328,37.181372292482344,0
2024-01-01 10:14:00,5,78.97922350345118,96.84994268200312,37.143547948671255,0
2024-01-01 10:15:00,5,81.53814123236326,96.20038484886493,37.288211127099636,0
2024-01-01 10:16:00,5,77.53567407767093,96.67767333952561,37.19288780390004,0
2024-01-01 10:17:00,5,81.38909299271785,96.67713677559026,37.13005562290913,0
2024-01-01 10:18:00,5,81.40184914480662,96.44104953071654,37.13562711079247,0
2024-01-01 10:19:00,5,79.87626468466473,96.80743365228398,37.17561272861938,0
2024-01-01 10:20:00,5,78.878879320279,96.33838183771697,37.298335260400975,0
2024-01-01 10:21:00,5,77.87491608670355,96.83392978454484,37.23534390434488,0
2024-01-01 10:22:00,5,77.68759754966025,96.19274808196016,37.10810024569124,0
2024-01-01 10:23:00,5,79.71161896857984,96.44579248372227,37.37413663590612,0
2024-01-01 10:24:00,5,73.29515001602164,96.60171870968144,37.09911944301365,0
2024-01-01 10:25:00,5,77.89600050461145,96.6761762595089,37.11528466226485,0
2024-01-01 10:26:00,5,77.5801481715564,96.26200356779518,37.304847743026194,0
2024-01-01 10:27:00,5,76.95387900548427,96.84720600094258,37.33699647880305,0
2024-01-01 10:28:00,5,79.26119739093821,96.79236748962893,37.2216592730162,0
2024-01-01 10:29:00,5,75.90993494626966,97.02537679095573,37.05627360133252,0
2024-01-01 10:30:00,5,81.21492338433411,96.78822227863142,37.19402406690061,0
2024-01-01 10:31:00,5,80.59593192255039,96.50363059939198,37.04659569684838,0
2024-01-01 10:32:00,5,81.4473873596234,96.43979209149815,37.43071291068798,0
2024-01-01 10:33:00,5,77.63328798197537,96.57309920464988,37.20986028127621,0
2024-01-01 10:34:00,5,79.06271863837205,97.09657230797214,37.26016690521223,0
2024-01-01 10:35:00,5,80.25277043121679,96.67314841451615,37.14183304084417,0
2024-01-01 10:36:00,5,78.3040567731512,96.68492109541394,37.35823973772475,0
2024-01-01 10:37:00,5,77.39163168379552,96.94603123990997,37.126207097692976,0
2024-01-01 10:38:00,5,78.72330509121201,96.44052718625178,37.08932434689582,0
2024-01-01 10:39:00,5,78.03293903618486,96.78454380641452,37.20441670463889,0
2024-01-01 10:40:00,5,76.2605960889628,96.78336379988622,37.2606264066674,0
2024-01-01 10:41:00,5,73.60010733822669,96.87493453623043,37.38415158291286,0
2024-01-01 10:42:00,5,76.47259354928791,96.85731371972807,37.33134463583748,0
2024-01-01 10:43:00,5,73.55927010104236,96.67853266389926,37.28802693088023,0
2024-01-01 10:44:00,5,76.49723395181597,96.41708780893558,37.09857309587374,0
2024-01-01 10:45:00,5,81.03399382993112,96.58419721207325,37.095005087760505,0
2024-01-01 10:46:00,5,74.45743232772624,96.86907835074405,37.07637207349902,0
2024-01-01 10:47:00,5,79.01080016205559,97.07504304594788,37.14758074069232,0
2024-01-01 10:48:00,5,80.51685542016774,96.46311269312409,36.96978019071896,0
2024-01-01 10:49:00,5,74.88455728170993,96.45349845528304,37.29608730051086,0
2024-01-01 10:50:00,5,81.57691353589327,96.40004780753354,37.05548933570559,0
2024-01-01 10:51:00,5,77.79361706296247,96.56501589079495,37.041517544367466,0
2024-01-01 10:52:00,5,80.62111069161682,96.91155696459442,37.11409678966171,0
2024-01-01 10:53:00,5,78.40468115477867,96.98892301226296,37.018767693402026,0
2024-01-01 10:54:00,5,76.8998276950801,96.31361436487128,37.21573483177336,0
2024-01-01 10:55:00,5,71.96434346744331,96.49199245401515,37.05297735715896,0
2024-01-01 10:56:00,5,75.50764252048374,96.4582837247576,37.19797466336812,0
2024-01-01 10:57:00,5,79.0547259616558,96.56691611595744,37.23853860957597,0
2024-01-01 10:58:00,5,80.72771886973344,96.69972367517127,37.08931250166661,0
2024-01-01 10:59:00,5,74.80172255626522,96.66847116790463,37.070675911577,0
2024-01-01 11:00:00,5,77.44952173167643,96.85449897265711,37.0603530702412,0
2024-01-01 11:01:00,5,76.63464597262005,96.37020549439357,37.03047219929482,0
2024-01-01 11:02:00,5,78.31999257640254,96.65524855599841,37.094759045372484,0
2024-01-01 11:03:00,5,77.61877914536431,97.03646946105798,37.14161000173798,0
2024-01-01 11:04:00,5,76.65631769735653,97.04794618314074,36.994624347495154,0
2024-01-01 11:05:00,5,78.63548454460289,97.1038652874806,37.06675788113465,0
2024-01-01 11:06:00,5,75.93175165295749,96.85345667642693,37.14474353572985,0
2024-01-01 11:07:00,5,77.29479338441799,96.64769605404047,37.13042006817954,0
2024-01-01 11:08:00,5,78.76998319725391,96.81760919929567,36.85819833431617,0
2024-01-01 11:09:00,5,75.73444702832816,97.2921208405762,37.18622385963338,0
2024-01-01 11:10:00,5,76.42664748955481,96.68442092008267,37.24462794048061,0
2024-01-01 11:11:00,5,75.98585124570266,97.16107383609686,37.06142041473508,0
2024-01-01 11:12:00,5,77.96352030565062,96.31113677360892,36.94307502496838,0
2024-01-01 11:13:00,5,77.71554955839542,96.91689560532772,37.03798821645895,0
2024-01-01 11:14:00,5,75.93735946271475,96.93597032623848,37.03288041160141,0
2024-01-01 11:15:00,5,77.61257062501859,96.88526802270692,37.2300764161643,0
2024-01-01 11:16:00,5,71.26383639928116,96.90241164258944,36.998529506034686,0
2024-01-01 11:17:00,5,78.5156135827375,96.9233039791577,37.069875769016235,0
2024-01-01 11:18:00,5,78.59354001144388,96.93673459402575,37.27126966048526,0
2024-01-01 11:19:00,5,75.74640933890176,96.76067834597661,37.117293092056066,0
2024-01-01 11:20:00,5,75.30553871518092,96.776722733861,37.11848644710432,0
2024-01-01 11:21:00,5,76.55809345630186,96.56288130424628,37.08652170113976,0
2024-01-01 11:22:00,5,74.80993309488407,96.98567040704152,37.192108175703595,0
2024-01-01 11:23:00,5,75.07767172740105,97.10376816421338,37.1324265494318,0
2024-01-01 11:24:00,5,77.15956200773282,97.19634225911584,37.275041872171556,0
2024-01-01 11:25:00,5,78.11882426485444,96.68741330860944,37.28360472754912,0
2024-01-01 11:26:00,5,77.09326171169349,96.51098866061075,37.11634576416938,0
2024-01-01 11:27:00,5,82.18696530395847,96.93525305237105,37.0788726696103,0
2024-01-01 11:28:00,5,78.86824450162568,96.63306262507,37.09656434838538,0
2024-01-01 11:29:00,5,77.79855651529098,96.98274882231692,37.02115250137201,0
2024-01-01 11:30:00,5,77.68289271022927,96.43154355868734,37.0887499087679,0
2024-01-01 11:31:00,5,76.41471978279013,97.09428148921569,36.92873305069006,0
2024-01-01 11:32:00,5,77.20717128685632,96.91173212932308,36.99928945522844,0
2024-01-01 11:33:00,5,76.54969472764553,96.50105389568448,37.14668788145986,0
2024-01-01 11:34:00,5,78.21279860068542,96.95039239869341,37.11937530373096,0
2024-01-01 11:35:00,5,75.50943899671059,96.91283086571049,37.05036027437457,0
2024-01-01 11:36:00,5,75.35913566621556,97.002688004003,37.102487220469605,0
2024-01-01 11:37:00,5,78.3369868394088,97.06279064705512,37.2087117676017,0
2024-01-01 11:38:00,5,75.01740663358247,96.42341151283875,37.017022916822114,0
2024-01-01 11:39:00,5,,,,1
2024-01-01 11:40:00,5,49.3541519702635,86.89746096997018,37.613253231486624,1
2024-01-01 11:41:00,5,52.30413162675541,86.86049885650513,37.6016190822006,1
2024-01-01 11:42:00,5,56.10714057821538,86.8536801607285,37.62141587077788,1
2024-01-01 11:43:00,5,48.944443560454445,87.13909422139253,37.423169178292305,1
2024-01-01 11:44:00,5,51.96656582037606,86.58627495189744,37.39030454583227,1
2024-01-01 11:45:00,5,75.94025099637336,96.87856015786798,37.06425323840643,0
2024-01-01 11:46:00,5,77.84549466108433,96.89873936629203,37.05467805651135,0
2024-01-01 11:47:00,5,76.8182821333559,96.92364407286004,36.99688377874763,0
2024-01-01 11:48:00,5,77.88229812508412,96.75440847687058,37.17468821016028,0
2024-01-01 11:49:00,5,76.0425781095196,97.38256676390637,37.02643236794302,0
2024-01-01 11:50:00,5,73.74513683951295,97.15428491210814,37.147926245291686,0
2024-01-01 11:51:00,5,49.01102546718796,92.4052271341878,37.610044290859754,0
2024-01-01 11:52:00,5,50.75137931335098,92.09532998936895,37.41062672428724,0
2024-01-01 11:53:00,5,51.217940478581454,92.12409011355334,37.428315017354684,0
2024-01-01 11:54:00,5,49.47170412104472,91.97511788923597,37.386175320620154,0
2024-01-01 11:55:00,5,54.22659249855499,92.29297308272203,37.5549084705513,0
2024-01-01 11:56:00,5,77.03526035120395,97.0978257340421,37.01897691179665,0
2024-01-01 11:57:00,5,70.94134365679096,96.95095520954709,37.14155775474877,0
2024-01-01 11:58:00,5,74.81969026965483,97.36276498437635,37.06343773620013,0
2024-01-01 11:59:00,5,72.96239682832895,96.73725330642584,36.87151373158479,0
2024-01-01 12:00:00,5,78.79073347299105,96.85575976961184,36.95248415569084,0
2024-01-01 12:01:00,5,70.49582448852675,97.56867293053178,36.78502688442409,0
2024-01-01 12:02:00,5,75.7283271137009,97.1450557129578,37.02278892204268,0
2024-01-01 12:03:00,5,75.09383230748253,96.4886512555164,37.26990869998735,0
2024-01-01 12:04:00,5,76.43134088798932,97.22342994576962,37.00129949388821,0
2024-01-01 12:05:00,5,75.40539565351747,96.81938500081036,37.00572202601669,0
2024-01-01 12:06:00,5,78.85487438004911,96.91350322052097,36.981260033560964,0
2024-01-01 12:07:00,5,76.50844281299433,97.54291226436284,37.01596815373817,0
2024-01-01 12:08:00,5,70.95275889053573,97.36818319273425,36.96215413041846,0
2024-01-01 12:09:00,5,77.39374751098534,97.4410551177373,37.03696150115302,0
2024-01-01 12:10:00,5,74.94799994608493,96.92432273872869,36.895336883902836,0
2024-01-01 12:11:00,5,77.3099068948021,96.99190740991519,36.89688841919491,0
2024-01-01 12:12:00,5,73.82031785421056,97.09820423889889,36.83815048808846,0
2024-01-01 12:13:00,5,72.28622396498567,97.23248879531076,36.96156395103377,0
2024-01-01 12:14:00,5,71.86454730381794,96.9947463025362,36.85165836448393,0
2024-01-01 12:15:00,5,76.44652354895581,97.44314667520291,37.10492495393184,0
2024-01-01 12:16:00,5,75.87453115066415,97.17003296939495,36.91401478785556,0
2024-01-01 12:17:00,5,73.05273604363589,97.37430036163366,36.757652185383954,0
2024-01-01 12:18:00,5,68.85290247927678,96.92442871698486,36.83846387844848,0
2024-01-01 12:19:00,5,76.34893870822923,97.00095731056444,36.96297169352623,0
2024-01-01 12:20:00,5,70.03104376860153,97.13816777531076,37.01217244740667,0
2024-01-01 12:21:00,5,78.41043416560538,97.00150285506477,36.97980839106299,0
2024-01-01 12:22:00,5,71.12832114720129,97.3071569532949,36.85966993039885,0
2024-01-01 12:23:00,5,74.00385976267611,97.31542018022613,36.88227914645194,0
2024-01-01 12:24:00,5,74.3923156025747,97.05834881620264,36.86807667572646,0
2024-01-01 12:25:00,5,74.61858093204624,97.24201836667311,36.99109364761403,0
2024-01-01 12:26:00,5,74.49406328651956,97.52304922536209,36.94359032736444,0
2024-01-01 12:27:00,5,74.06301471152291,97.32784342959472,36.88476285258502,0
2024-01-01 12:28:00,5,72.8906502307971,97.25356069430913,36.861111640657576,0
2024-01-01 12:29:00,5,73.26858949519782,97.38645082629752,36.872330581948134,0
2024-01-01 12:30:00,5,72.36855716438532,97.46776886373631,36.92305311786903,0
2024-01-01 12:31:00,5,73.86068394191389,97.43939500767151,37.053879892918935,0
2024-01-01 12:32:00,5,70.07792164495899,97.12561339283214,36.93606441451099,0
2024-01-01 12:33:00,5,74.17340448850425,97.32465239963864,36.88136536422984,0
2024-01-01 12:34:00,5,73.3019543103013,97.08875859730486,36.871208288171644,0
2024-01-01 12:35:00,5,75.13900837465997,97.14164584632977,37.080501872769155,0
2024-01-01 12:36:00,5,72.80568979008102,97.25253533130649,36.99045120267337,0
2024-01-01 12:37:00,5,,,,1
2024-01-01 12:38:00,5,74.43090999637403,97.23868415857628,36.9780976375574,0
2024-01-01 12:39:00,5,73.00569725590839,97.03078280518704,36.89607923433761,0
2024-01-01 12:40:00,5,73.94659293081072,96.93595168118034,37.018583557776395,0
2024-01-01 12:41:00,5,70.51253006175494,97.33624599934247,36.74977266630318,0
2024-01-01 12:42:00,5,75.8380621970416,97.12918188175438,37.04941490664278,0
2024-01-01 12:43:00,5,72.0209427090025,97.2293986162374,36.96631958296733,0
2024-01-01 12:44:00,5,72.71254350760323,97.14217422250712,36.93849911800659,0
2024-01-01 12:45:00,5,70.92068175454756,97.07015388387867,36.81203280145995,0
2024-01-01 12:46:00,5,71.44714236768769,97.22101555474276,36.978668927636996,0
2024-01-01 12:47:00,5,76.2278948462839,96.92905551860554,36.997938946859726,0
2024-01-01 12:48:00,5,73.17389071447055,97.1862456948312,36.81087455020182,0
2024-01-01 12:49:00,5,72.2618735562644,97.60561280534704,36.81181925384357,0
2024-01-01 12:50:00,5,72.20810484360561,96.97352754351553,36.773778437484694,0
2024-01-01 12:51:00,5,72.77418759546808,97.50259492934654,36.92988165582587,0
2024-01-01 12:52:00,5,74.17260255836322,97.63864666799148,36.863231808519544,0
2024-01-01 12:53:00,5,73.07286460317556,97.06809243234764,37.08328246567352,0
2024-01-01 12:54:00,5,73.0731218867352,97.2946056507323,36.715633836275146,0
2024-01-01 12:55:00,5,70.75397579477446,96.97301030452086,36.780012138210516,0
2024-01-01 12:56:00,5,71.97035874352423,96.94693664627272,36.86633061698332,0
2024-01-01 12:57:00,5,72.82867965654631,97.27408123060346,36.92970634302838,0
2024-01-01 12:58:00,5,72.41098623888101,97.3263014042532,36.92328034567359,0
2024-01-01 12:59:00,5,71.59939643789578,97.13488185819372,36.867879903688284,0
2024-01-01 13:00:00,5,71.37396248524593,97.02584667215584,36.89281801738666,0
2024-01-01 13:01:00,5,73.21797667579783,97.09902130897825,36.86759511977201,0
2024-01-01 13:02:00,5,73.22516875326023,97.43776728432647,36.95888603941202,0
2024-01-01 13:03:00,5,74.24157781998751,97.44285552318529,36.796546767637885,0
2024-01-01 13:04:00,5,72.61235041915863,97.39547445413261,36.8061213231877,0
2024-01-01 13:05:00,5,68.0264366623318,97.19353341269876,36.91763752571337,0
2024-01-01 13:06:00,5,76.8535849499454,97.05920288234807,37.004227991089266,0
2024-01-01 13:07:00,5,72.0775917088705,97.5405074043344,36.78189518616595,0
2024-01-01 13:08:00,5,71.23339641001382,97.60980770836082,36.86779085774046,0
2024-01-01 13:09:00,5,71.89542347921727,97.18018996814553,36.804209295521886,0
2024-01-01 13:10:00,5,71.17791694637133,97.2569670180789,36.89593506784827,0
2024-01-01 13:11:00,5,70.29111473050297,96.9988905779946,36.67476487020181,0
2024-01-01 13:12:00,5,73.1161061547229,97.40261955904327,36.80278150209953,0
2024-01-01 13:13:00,5,71.54844266828543,97.71449808708404,36.778422391656825,0
2024-01-01 13:14:00,5,71.62525221413273,97.49155294214518,36.80012547707757,0
2024-01-01 13:15:00,5,66.75717313460169,97.7486892607402,36.57901869143259,0
2024-01-01 13:16:00,5,71.26853025556765,97.23165228563282,37.033926320839775,0
2024-01-01 13:17:00,5,69.52707110186304,97.05162200229445,36.580665598173894,0
2024-01-01 13:18:00,5,70.59425930956439,97.6173985553324,36.87633856339259,0
2024-01-01 13:19:00,5,72.07060088055654,97.3542656983658,36.69798815417353,0
2024-01-01 13:20:00,5,70.32999104644826,97.14463678885642,36.70160047246187,0
2024-01-01 13:21:00,5,70.56496983772243,97.70103121667645,36.83859566793244,0
2024-01-01 13:22:00,5,71.66831277221779,97.20864710753109,36.89266974412427,0
2024-01-01 13:23:00,5,70.42130421712477,97.1091717079879,36.71477940855964,0
2024-01-01 13:24:00,5,69.28294553042723,97.45669511489059,36.710333946187994,0
2024-01-01 13:25:00,5,67.90986963326421,97.07924107758642,36.69049252449971,0
2024-01-01 13:26:00,5,71.98541136484695,97.54725262626141,36.840327217613236,0
2024-01-01 13:27:00,5,70.23869978460046,97.11548567206411,36.71304209469324,0
2024-01-01 13:28:00,5,67.90018712843793,97.39938540544894,36.94556916313193,0
2024-01-01 13:29:00,5,73.6821464229974,97.4155359732244,36.70028739745026,0
2024-01-01 13:30:00,5,71.82653706296104,97.4082694927743,36.86884525762288,0
2024-01-01 13:31:00,5,68.73432313274216,97.10080575261034,36.96816387316114,0
2024-01-01 13:32:00,5,69.66076407809457,97.32246959533536,36.81964168841141,0
2024-01-01 13:33:00,5,73.12274760936013,97.63909730439852,36.63281859535017,0
2024-01-01 13:34:00,5,70.6390296725766,97.32695235565566,36.8509894007672,0
2024-01-01 13:35:00,5,70.11318536499866,97.14012763312775,36.78551076346725,0
2024-01-01 13:36:00,5,72.41139278845185,97.28420924508694,36.80517094472338,0
2024-01-01 13:37:00,5,70.53460324822501,97.12445546044798,36.96716500219349,0
2024-01-01 13:38:00,5,73.28985094120962,96.94263093884102,36.81297615335623,0
2024-01-01 13:39:00,5,69.96546256798594,97.34652291949432,36.85845308821685,0
2024-01-01 13:40:00,5,69.61055743201922,97.40461780407747,36.74022900099874,0
2024-01-01 13:41:00,5,70.74499391231969,97.52716796171258,36.77772998255985,0
2024-01-01 13:42:00,5,72.60176075671541,97.48360975726014,36.91750134443378,0
2024-01-01 13:43:00,5,71.13211041084726,97.51578216258488,36.81823929931329,0
2024-01-01 13:44:00,5,70.80093592122195,97.3873245910787,36.83261024400398,0
2024-01-01 13:45:00,5,68.93991812503265,97.82369440644607,36.90366684958753,0
2024-01-01 13:46:00,5,68.60698896908333,97.2325198644507,36.9661003970349,0
2024-01-01 13:47:00,5,72.40818870130659,97.33999270390518,36.68705693039278,0
2024-01-01 13:48:00,5,72.5794239465017,97.73770633255133,36.75307627995116,0
2024-01-01 13:49:00,5,72.47611846549977,97.33053007551845,36.94766647479234,0
2024-01-01 13:50:00,5,71.94230605793447,97.3889709027426,37.00076912353255,0
2024-01-01 13:51:00,5,71.21460365121843,97.4943219867842,36.775018722793476,0
2024-01-01 13:52:00,5,71.14544359660682,97.64941646428231,36.828076477653866,0
2024-01-01 13:53:00,5,70.51175526448117,97.44673229704905,36.83582459951099,0
2024-01-01 13:54:00,5,71.33034806855866,97.24395842210215,36.82393174014725,0
2024-01-01 13:55:00,5,70.08454882025232,97.34103532083557,36.82509346586635,0
2024-01-01 13:56:00,5,71.24829056465784,97.53336311256375,36.93668600760055,0
2024-01-01 13:57:00,5,71.92677950581007,97.36861865440146,36.62002589673611,0
2024-01-01 13:58:00,5,67.53813887116594,97.3364266145028,36.73450930631319,0
2024-01-01 13:59:00,5,72.20839181819787,97.24570022457532,36.86387690685575,0
2024-01-01 14:00:00,5,69.86233501827202,97.67297706148415,36.75038278259704,0
2024-01-01 14:01:00,5,72.85664791671,97.41211239510122,36.82869002264032,0
2024-01-01 14:02:00,5,72.44356702694697,97.41549449926902,36.90877168907581,0
2024-01-01 14:03:00,5,67.80361432485994,97.57660042717062,36.960233190081695,0
2024-01-01 14:04:00,5,69.82896948342169,97.17019745893124,36.82810499877242,0
2024-01-01 14:05:00,5,66.05871270722335,97.45308010636445,36.949484992033554,0
2024-01-01 14:06:00,5,68.98100539279748,97.74772633075371,36.814929525530296,0
2024-01-01 14:07:00,5,70.42751805065001,97.43584052969852,36.77063252417089,0
2024-01-01 14:08:00,5,71.37292767149201,97.49442138189505,36.64695111594176,0
2024-01-01 14:09:00,5,69.78057295814848,97.49182910226811,36.70124482883328,0
2024-01-01 14:10:00,5,70.49080369224079,97.66650598310574,36.80239039713603,0
2024-01-01 14:11:00,5,68.1636963923547,97.4962896302347,36.804862766446014,0
2024-01-01 14:12:00,5,69.49392278858359,97.95153438018762,36.82565493465153,0
2024-01-01 14:13:00,5,68.31513905782064,97.50581051299113,36.98680690068309,0
2024-01-01 14:14:00,5,70.02417215629009,97.37410748880868,36.878750870997365,0
2024-01-01 14:15:00,5,72.20221608448185,97.76531503422,36.884598948471165,0
2024-01-01 14:16:00,5,69.27269827124181,97.42242076130131,36.98749802000918,0
2024-01-01 14:17:00,5,66.60829971606286,97.34623459278436,36.7696369088435,0
2024-01-01 14:18:00,5,69.70706870605922,97.2300307856345,36.755005356675376,0
2024-01-01 14:19:00,5,70.68952218125682,97.564993725553,36.92879002783171,0
2024-01-01 14:20:00,5,67.40684137751911,97.37923973319278,36.85580900779204,0
2024-01-01 14:21:00,5,71.69092990600284,97.3167149168928,36.80350542352077,0
2024-01-01 14:22:00,5,67.97903267282594,97.3604411535086,36.802631415548,0
2024-01-01 14:23:00,5,67.61581582384456,97.40232155507613,36.79227051534688,0
2024-01-01 14:24:00,5,65.53973236415443,97.64287423814153,36.80018064239851,0
2024-01-01 14:25:00,5,69.60337093631215,97.57434779045516,36.810846376005394,0
2024-01-01 14:26:00,5,72.66266740586114,97.45000546873675,36.78225797465246,0
2024-01-01 14:27:00,5,69.72921053831932,97.59231772777744,36.86845466161442,0
2024-01-01 14:28:00,5,67.4924846869648,97.46008152377112,36.888509816594315,0
2024-01-01 14:29:00,5,69.95254140503302,97.52382602150212,36.75836122106709,0
2024-01-01 14:30:00,5,70.49218451198999,97.35025090748105,36.906097654224766,0
2024-01-01 14:31:00,5,71.17829662308863,97.35318753026276,36.689735854311316,0
2024-01-01 14:32:00,5,66.3526169027649,97.51605024883223,36.868317645313184,0
2024-01-01 14:33:00,5,71.89441361432627,97.51751414895415,36.874417199482394,0
2024-01-01 14:34:00,5,69.18102749664384,97.6900105024494,36.81180013360958,0
2024-01-01 14:35:00,5,72.22648480970048,97.58858030179468,36.82707415724881,0
2024-01-01 14:36:00,5,68.99735219497197,97.39122981580971,36.79918078698863,0
2024-01-01 14:37:00,5,69.80590228865823,97.23447100433442,36.772985835934,0
2024-01-01 14:38:00,5,66.72144182291221,97.66783278102136,36.82505495889548,0
2024-01-01 14:39:00,5,70.55482213561892,97.55844039844894,36.771657829371705,0
2024-01-01 14:40:00,5,66.39788027544814,97.68670477269308,36.941554334848895,0
2024-01-01 14:41:00,5,69.05595187572891,97.58532922122976,36.61868951686824,0
2024-01-01 14:42:00,5,67.62412697347995,97.8552479757985,36.81685825966616,0
2024-01-01 14:43:00,5,68.27593290306147,97.45162062089496,36.64164092794452,0
2024-01-01 14:44:00,5,70.58965318397073,97.50378161868326,36.72676226590594,0
2024-01-01 14:45:00,5,67.67634505310306,97.65415970150987,36.77692507521987,0
2024-01-01 14:46:00,5,70.56505257407858,97.66919647590923,36.970051841401094,0
2024-01-01 14:47:00,5,67.50721494038646,97.56250239637662,36.95297646312479,0
2024-01-01 14:48:00,5,68.55052038502544,97.17931632786956,36.846420709113865,0
2024-01-01 14:49:00,5,72.55603696681138,97.14435610741683,36.847108446477435,0
2024-01-01 14:50:00,5,68.46766999444868,97.42113542380187,36.94606904321632,0
2024-01-01 14:51:00,5,68.04045209426755,97.50302637093164,36.957080775367174,0
2024-01-01 14:52:00,5,68.44015512190323,97.12536639357207,36.788117462735386,0
2024-01-01 14:53:00,5,67.46797375342955,97.49326354173435,36.9145517429041,0
2024-01-01 14:54:00,5,66.09410510757283,97.62968672343641,36.75333527127382,0
2024-01-01 14:55:00,5,72.18358772237761,97.48779518291418,36.81176402149462,0
2024-01-01 14:56:00,5,67.22125016544234,97.55880816335723,36.91188708655205,0
2024-01-01 14:57:00,5,64.95768341038858,97.61745597789911,36.78847815526978,0
2024-01-01 14:58:00,5,67.66069939451921,97.17971033025918,36.82055550908036,0
2024-01-01 14:59:00,5,68.6542663364081,97.63051368315635,36.69201204468419,0
2024-01-01 15:00:00,5,67.49407058726229,97.35328580380052,36.9048232737865,0
2024-01-01 15:01:00,5,67.7814508627719,97.45232840867583,36.77336472514687,0
2024-01-01 15:02:00,5,67.52054626545473,97.36765026568271,36.78141086490619,0
2024-01-01 15:03:00,5,68.66897504383255,97.71452677736195,37.00097441032795,0
2024-01-01 15:04:00,5,69.4255434741585,97.26510832937669,36.798666966321235,0
2024-01-01 15:05:00,5,67.37248355603887,97.77566594455232,36.944621835968185,0
2024-01-01 15:06:00,5,72.90666614450288,97.97752899995515,36.981290998351106,0
2024-01-01 15:07:00,5,69.77925727333592,97.18866794028767,36.96511506774416,0
2024-01-01 15:08:00,5,67.65680050243456,97.3813717358236,36.85050820415148,0
2024-01-01 15:09:00,5,65.00122403452585,97.62072438565603,36.83476457839215,0
2024-01-01 15:10:00,5,67.8371585224678,97.29915930883142,36.78823368822413,0
2024-01-01 15:11:00,5,69.20704532279149,97.44305078161965,36.70551642844928,0
2024-01-01 15:12:00,5,69.19317667083374,97.53213973758548,36.96101212283632,0
2024-01-01 15:13:00,5,63.81570000864328,97.35390072106053,36.95365079680259,0
2024-01-01 15:14:00,5,67.7228307279235,97.51232433031326,36.935790555312,0
2024-01-01 15:15:00,5,66.5021642410867,97.68509991666495,36.60646096299691,0
2024-01-01 15:16:00,5,70.4291037143744,97.47907682346334,36.874752225845945,0
2024-01-01 15:17:00,5,67.6535878956125,97.28635841782292,36.9576453785582,0
2024-01-01 15:18:00,5,62.80947348648172,97.72637840211553,37.02558324683305,0
2024-01-01 15:19:00,5,68.08635416989978,97.77048216075353,36.929073284817775,0
2024-01-01 15:20:00,5,63.42189160862585,97.56562774334765,36.92084226349171,0
2024-01-01 15:21:00,5,68.1939860837454,97.29475239841065,36.83585685435686,0
2024-01-01 15:22:00,5,72.44039811598854,97.31472702861052,36.943901281283836,0
2024-01-01 15:23:00,5,69.95908861770756,97.01570981903099,36.884683147486015,0
2024-01-01 15:24:00,5,67.72859474684137,97.37005811467992,36.837766378348576,0
2024-01-01 15:25:00,5,65.86470935420982,97.70064915054188,36.7973121626777,0
2024-01-01 15:26:00,5,69.70480084292198,97.34975207090724,36.820849797045554,0
2024-01-01 15:27:00,5,68.40124078879528,97.29433457911078,36.95029466171344,0
2024-01-01 15:28:00,5,66.56891866535177,97.68903632978274,36.78141016597847,0
2024-01-01 15:29:00,5,65.99837082183562,97.71361678261505,36.89319614105326,0
2024-01-01 15:30:00,5,65.23585354341638,97.37499914953145,37.055810136302924,0
2024-01-01 15:31:00,5,67.7722923498102,97.58294293887066,36.78405251255317,0
2024-01-01 15:32:00,5,66.16314295260959,97.30629381051398,36.9748377227472,0
2024-01-01 15:33:00,5,67.30626282303345,97.41007228011159,36.987089515989226,0
2024-01-01 15:34:00,5,68.8001536581453,97.11329463459515,36.90571361387918,0
2024-01-01 15:35:00,5,66.03540543572758,97.54801871276412,36.99953871571893,0
2024-01-01 15:36:00,5,68.18338009891787,97.45406086547843,36.921014604040245,0
2024-01-01 15:37:00,5,69.3123518835313,97.33886719819392,37.0218495211382,0
2024-01-01 15:38:00,5,67.63272268013925,97.4534196579455,36.83802687737972,0
2024-01-01 15:39:00,5,68.2163181648733,97.42735249342452,37.136263037166984,0
2024-01-01 15:40:00,5,67.59744343058634,97.30341462365128,37.09361500554907,0
2024-01-01 15:41:00,5,66.79982448672762,97.54703938456662,36.72945876246897,0
2024-01-01 15:42:00,5,68.41687003183688,97.40616915055293,37.07222155513352,0
2024-01-01 15:43:00,5,69.93647201241292,97.43729717173287,36.899833421854005,0
2024-01-01 15:44:00,5,68.40363480006711,97.17037979378276,37.103350059351406,0
2024-01-01 15:45:00,5,66.2821797054718,97.43571212173437,37.0635565241861,0
2024-01-01 15:46:00,5,66.31041868500793,97.42325807175713,36.85652974914731,0
2024-01-01 15:47:00,5,66.36131650975948,97.2922546639008,37.02533787168905,0
2024-01-01 15:48:00,5,68.49252839272422,97.56190476419683,36.90033342695828,0
2024-01-01 15:49:00,5,65.52159855542426,97.03221810266591,37.026815022588856,0
2024-01-01 15:50:00,5,64.50189947329015,97.35548931812612,36.980212858715774,0
2024-01-01 15:51:00,5,67.46521637617562,97.51203460159255,36.90526254317166,0
2024-01-01 15:52:00,5,66.5475434217595,97.86782594238689,36.84711944127204,0
2024-01-01 15:53:00,5,69.44394041544079,97.17303575998547,37.006434144086455,0
2024-01-01 15:54:00,5,61.94523358805099,97.46190804321374,37.03244626653471,0
2024-01-01 15:55:00,5,66.8520645481318,97.55174143968448,36.972868915857475,0
2024-01-01 15:56:00,5,65.60597856813715,97.45277507795937,36.91385756702535,0
2024-01-01 15:57:00,5,68.01169359104455,97.19154782297502,36.9455666452134,0
2024-01-01 15:58:00,5,65.80901545805706,97.33915966744912,36.88688418340395,0
2024-01-01 15:59:00,5,65.19493146961283,96.94540887471841,37.07273701904035,0
2024-01-01 16:00:00,5,68.1969883014246,97.4323231071828,36.785813411434354,0
2024-01-01 16:01:00,5,68.86156213629863,97.14614979091367,37.09953849297623,0
2024-01-01 16:02:00,5,66.08675485868052,97.51820620415772,36.999390984171875,0
2024-01-01 16:03:00,5,66.10381059393684,97.29410264929659,37.06176643001038,0
2024-01-01 16:04:00,5,68.78083038168691,97.27296487526672,37.07419379460213,0
2024-01-01 16:05:00,5,68.53638026737617,97.45342638911586,37.02656116591679,0
2024-01-01 16:06:00,5,68.26074152668141,97.46978410998123,36.97844031246285,0
2024-01-01 16:07:00,5,40.371790404055204,87.58957426109603,37.63066478972033,1
2024-01-01 16:08:00,5,39.83984507444029,87.36059794882134,37.35112438183743,1
2024-01-01 16:09:00,5,44.40976864055047,87.38923548527686,37.655436516496415,1
2024-01-01 16:10:00,5,42.335770498072335,87.13061711179469,37.415521298484855,1
2024-01-01 16:11:00,5,39.61342979022977,87.69502085732456,37.4978848667567,1
2024-01-01 16:12:00,5,65.86387706543712,97.2158810147925,37.176163510852625,0
2024-01-01 16:13:00,5,66.22691421906794,97.54513346438127,37.25855964026714,0
2024-01-01 16:14:00,5,65.82622586897826,97.54397088499158,37.05638510095894,0
2024-01-01 16:15:00,5,65.43371998418564,97.47485054349593,36.905295711737296,0
2024-01-01 16:16:00,5,68.46032923606697,97.34469841112792,37.128709967654444,0
2024-01-01 16:17:00,5,67.03699519091249,97.31690589835735,37.04196843557084,0
2024-01-01 16:18:00,5,70.46804400264537,97.37388465501645,36.94221366356286,0
2024-01-01 16:19:00,5,68.51359336994159,97.00313958896406,37.07287201095965,0
2024-01-01 16:20:00,5,66.19702703447624,97.37588558748703,36.922509955778075,0
2024-01-01 16:21:00,5,68.74036927170026,97.67541461909039,37.07550835348547,0
2024-01-01 16:22:00,5,66.59373288966871,97.3302243234427,36.966489424523374,0
2024-01-01 16:23:00,5,70.70676165833326,97.36594815042243,36.86421512193201,0
2024-01-01 16:24:00,5,65.2225633797913,97.16474583191534,36.89733109229957,0
2024-01-01 16:25:00,5,66.74098701682138,97.4037517744654,37.005222460764095,0
2024-01-01 16:26:00,5,64.61611042672531,97.20803749488448,37.11863640957879,0
2024-01-01 16:27:00,5,65.03818977001977,97.53059191243311,37.1963122083626,0
2024-01-01 16:28:00,5,65.10049849911422,97.58584804830413,37.21610540347566,0
2024-01-01 16:29:00,5,68.23890834798377,97.6264362353164,36.92457994360211,0
2024-01-01 16:30:00,5,66.16582265586877,97.06271582184394,37.055744415979234,0
2024-01-01 16:31:00,5,60.81534750510755,97.49284716872806,37.019578536506714,0
2024-01-01 16:32:00,5,65.90425325212875,97.4745571758383,37.072360632347845,0
2024-01-01 16:33:00,5,63.753020860493216,97.25897286137968,37.226415324729196,0
2024-01-01 16:34:00,5,64.80348191092978,97.57732420491989,37.10384611057644,0
2024-01-01 16:35:00,5,67.97027689581593,97.4184536698307,37.17685432393567,0
2024-01-01 16:36:00,5,62.96649849465388,97.60693803845909,37.31355588370813,0
2024-01-01 16:37:00,5,63.181672688719765,97.07551578021773,36.9382384740404,0
2024-01-01 16:38:00,5,62.301780632199446,97.18292860907478,37.049529319157664,0
2024-01-01 16:39:00,5,64.83280006383815,97.34115939775333,37.15642856451709,0
2024-01-01 16:40:00,5,62.21353266118269,97.55358322259546,37.128226558078566,0
2024-01-01 16:41:00,5,62.36659233295976,97.40665110277264,37.208685353405414,0
2024-01-01 16:42:00,5,65.10388835862688,97.12262563646523,37.067669351841914,0
2024-01-01 16:43:00,5,66.17654779158164,97.6641399008667,37.128861131109495,0
2024-01-01 16:44:00,5,63.712695691370534,97.24648465413479,37.03483298304091,0
2024-01-01 16:45:00,5,66.24315801183485,97.11869054805426,37.219015996994315,0
2024-01-01 16:46:00,5,65.72847179064017,97.14344630289581,37.118994097461666,0
2024-01-01 16:47:00,5,66.57379497396163,97.02850324398867,37.25729732841029,0
2024-01-01 16:48:00,5,63.39871145168052,96.84195380965895,37.26014282539766,0
2024-01-01 16:49:00,5,69.43466690240469,97.26453660247695,36.992968887222155,0
2024-01-01 16:50:00,5,63.17497012850941,96.97335349290091,37.27970068322517,0
2024-01-01 16:51:00,5,64.18993595818071,97.34340495482272,37.218366640165506,0
2024-01-01 16:52:00,5,66.45797481018812,97.47390376628272,37.111633863717536,0
2024-01-01 16:53:00,5,65.65109544854478,97.3487259389812,37.213422050590395,0
2024-01-01 16:54:00,5,67.0969533153464,97.27853331175363,37.080498142434315,0
2024-01-01 16:55:00,5,64.7711066825546,96.95787788946913,37.26935643298798,0
2024-01-01 16:56:00,5,62.92533912035031,97.43155190195054,37.145112502193356,0
2024-01-01 16:57:00,5,62.31700195588176,97.64792779521925,37.22590841990545,0
2024-01-01 16:58:00,5,68.91471550081582,97.53652208301624,37.07592300284283,0
2024-01-01 16:59:00,5,64.73806093450962,96.98499503028451,37.169050816906505,0
2024-01-01 17:00:00,5,64.99799254035278,97.23172328219218,37.23132186105379,0
2024-01-01 17:01:00,5,68.92448765647904,97.18696656908307,37.17532540689038,0
2024-01-01 17:02:00,5,64.3266251433568,97.16008249214308,37.20248834609107,0
2024-01-01 17:03:00,5,65.34858558300809,97.24126438350301,37.072146853607336,0
2024-01-01 17:04:00,5,63.224479863555146,97.66500619613423,37.180322814686846,0
2024-01-01 17:05:00,5,62.654620015845154,97.24958450147825,37.07613159705716,0
2024-01-01 17:06:00,5,69.04863908809757,97.13535029916689,37.151450640934065,0
2024-01-01 17:07:00,5,69.06638572561707,97.27988839128638,37.10566307417416,0
2024-01-01 17:08:00,5,67.29142618069,96.95371829227689,37.13613672123211,0
2024-01-01 17:09:00,5,67.214764347405,97.06922001651868,36.983052811867246,0
2024-01-01 17:10:00,5,66.73906464951703,97.40572090028375,37.1624510502565,0
2024-01-01 17:11:00,5,63.74250875079403,97.24216674130078,37.15061300324135,0
2024-01-01 17:12:00,5,65.79352337445967,97.62085168905145,37.011361036429605,0
2024-01-01 17:13:00,5,64.19565383890271,97.25003426566717,37.19853233782476,0
2024-01-01 17:14:00,5,60.01504598372743,96.94331078395221,37.24848573053054,0
2024-01-01 17:15:00,5,67.4246122984392,96.87142665151927,37.19886007749564,0
2024-01-01 17:16:00,5,66.28708274767418,97.3847160940913,37.24732161607007,0
2024-01-01 17:17:00,5,62.535241021845145,96.972016087009,37.117446629800945,0
2024-01-01 17:18:00,5,64.44118875096781,96.9500173822321,37.150228876921,0
2024-01-01 17:19:00,5,67.25841662638481,97.06915239361338,37.18025762215726,0
2024-01-01 17:20:00,5,65.41037596897239,97.36729500368216,37.18874239555684,0
2024-01-01 17:21:00,5,61.741584365028714,97.09037987710445,36.940449581014725,0
2024-01-01 17:22:00,5,,,,1
2024-01-01 17:23:00,5,68.83957047333467,97.39817144014633,37.27810749455768,0
2024-01-01 17:24:00,5,65.2499345024207,97.35988472765456,37.10082220946334,0
2024-01-01 17:25:00,5,67.22864745900858,97.48074114500436,37.155515419847596,0
2024-01-01 17:26:00,5,68.78188009480698,97.41341595601087,37.17611524463774,0
2024-01-01 17:27:00,5,64.18126932899469,97.35074406845328,37.04838272248182,0
2024-01-01 17:28:00,5,65.79704978631554,96.98451293468496,37.34149269721881,0
2024-01-01 17:29:00,5,61.15382399627821,97.26235714483978,37.181372241918,0
2024-01-01 17:30:00,5,63.867326979014,97.36925865923807,37.099852408586,0
2024-01-01 17:31:00,5,66.22747756981113,97.49326180380773,37.25130760262055,0
2024-01-01 17:32:00,5,64.68653104772655,97.15208831969295,37.15772101138989,0
2024-01-01 17:33:00,5,65.96937369103586,97.01522372673983,37.19417031390783,0
2024-01-01 17:34:00,5,66.92046848766053,96.9325329002743,37.33004524791511,0
2024-01-01 17:35:00,5,66.17652459935883,97.30098055030427,37.13587491051984,0
2024-01-01 17:36:00,5,65.71313049056657,96.96747556339598,37.3050746999508,0
2024-01-01 17:37:00,5,65.42887548727205,97.11798992620895,37.15734569170844,0
2024-01-01 17:38:00,5,63.90660330682441,96.9162003104506,37.19912709705804,0
2024-01-01 17:39:00,5,63.19165935775189,97.05617425321354,37.22331802490737,0
2024-01-01 17:40:00,5,67.74653194249373,97.17145417782312,37.15921390781624,0
2024-01-01 17:41:00,5,66.61655955456258,97.13319919772042,37.09263866731883,0
2024-01-01 17:42:00,5,63.45006818593406,97.22262487269658,37.24023322982906,0
2024-01-01 17:43:00,5,65.15334768249818,96.79589687765785,37.30763485483779,0
2024-01-01 17:44:00,5,62.23837543855342,97.04308158907716,37.25870345609166,0
2024-01-01 17:45:00,5,64.0635630803898,96.96802001107493,37.256318554324636,0
2024-01-01 17:46:00,5,66.08813718861357,50.0,37.15123626555952,1
2024-01-01 17:47:00,5,65.5347089205699,96.90348313929475,37.26626672573373,0
2024-01-01 17:48:00,5,65.24361067390969,96.87022614795914,37.23364656556218,0
2024-01-01 17:49:00,5,63.24277962674993,97.11468157026455,37.28448959129897,0
2024-01-01 17:50:00,5,62.83525481348065,97.12037265807547,37.20840165922799,0
2024-01-01 17:51:00,5,66.90645821103936,97.21111612126506,37.258510040117145,0
2024-01-01 17:52:00,5,68.3922235314261,97.0972475059438,37.150775736211145,0
2024-01-01 17:53:00,5,66.10364406338476,97.05903696007427,37.26886676685013,0
2024-01-01 17:54:00,5,64.6580258561504,97.03869356330895,37.0735632758133,0
2024-01-01 17:55:00,5,67.45178848727042,97.15368432439861,37.16622379658377,0
2024-01-01 17:56:00,5,63.31669143776689,96.59281760423838,37.130084316806226,0
2024-01-01 17:57:00,5,67.10660705993058,96.99799745727259,37.55050028146816,0
2024-01-01 17:58:00,5,63.806910347809655,97.06889828319159,37.26518654144491,0
2024-01-01 17:59:00,5,63.90496678301752,97.3590177272911,37.09161797645869,0
2024-01-01 18:00:00,5,64.33447044798227,96.77441017379932,37.063217337462994,0
2024-01-01 18:01:00,5,64.79790489775708,96.7629872412192,37.02537739394074,0
2024-01-01 18:02:00,5,66.83059733862783,96.5338006211627,37.08589774555863,0
2024-01-01 18:03:00,5,62.39267698417302,96.70547297327772,37.11488236892698,0
2024-01-01 18:04:00,5,63.79332488235452,96.949004845537,37.10207765620479,0
2024-01-01 18:05:00,5,65.42245029392657,96.83009738578998,37.152719175102575,0
2024-01-01 18:06:00,5,66.1199934588164,96.8214678495746,37.28266887878398,0
2024-01-01 18:07:00,5,61.596037768466005,96.97077236754141,37.179057201448764,0
2024-01-01 18:08:00,5,63.42649648964169,97.07829276813914,37.26997787214839,0
2024-01-01 18:09:00,5,61.51160840210208,96.95998045754077,37.091862392608455,0
2024-01-01 18:10:00,5,63.61209456180464,96.95847027491888,37.15976570757888,0
2024-01-01 18:11:00,5,64.13848474708054,97.02950714852648,37.10383667302556,0
2024-01-01 18:12:00,5,66.0209947775763,96.57790210749278,37.24148927960619,0
2024-01-01 18:13:00,5,60.4360541488183,96.96590569715752,37.178649292329595,0
2024-01-01 18:14:00,5,66.32726924909416,96.92078767842918,37.373586341583476,0
2024-01-01 18:15:00,5,64.00492344056798,96.93002649839721,37.128716023632364,0
2024-01-01 18:16:00,5,64.34493492961488,96.81031212511107,37.09124492839859,0
2024-01-01 18:17:00,5,66.97260959257642,96.88171262352915,37.22429227007193,0
2024-01-01 18:18:00,5,67.72327028845389,96.99902545331423,37.17637671833044,0
2024-01-01 18:19:00,5,63.726928632570555,97.23600093474435,37.24359550639957,0
2024-01-01 18:20:00,5,63.717305239687924,96.57161896484888,37.18649033202032,0
2024-01-01 18:21:00,5,64.33661634411469,97.01995853075927,37.17786862249215,0
2024-01-01 18:22:00,5,63.715736646390916,97.14489027779327,37.12438796427043,0
2024-01-01 18:23:00,5,62.1835409993463,96.64292902098562,37.163440349525644,0
2024-01-01 18:24:00,5,64.99549209423004,96.85688961158876,37.03661415147082,0
2024-01-01 18:25:00,5,63.74318260779749,96.9436666020924,37.3084971408531,0
2024-01-01 18:26:00,5,65.26384600220518,97.28604867868133,37.314814918819465,0
2024-01-01 18:27:00,5,68.4906997458923,97.31468161558014,37.28068229585386,0
2024-01-01 18:28:00,5,64.86738961621268,96.62164128010134,37.140199989851254,0
2024-01-01 18:29:00,5,63.572844267540425,96.81111078927115,37.12217847944962,0
2024-01-01 18:30:00,5,64.54555392776598,96.90724058597434,37.2339032352656,0
2024-01-01 18:31:00,5,65.35332085684759,96.97442852585252,37.08778755995295,0
2024-01-01 18:32:00,5,64.77114087653987,96.89910288423893,37.29554268581523,0
2024-01-01 18:33:00,5,63.982726812189995,96.66513694084396,36.94266160585586,0
2024-01-01 18:34:00,5,61.801413668066374,96.65212521128397,37.134441609968185,0
2024-01-01 18:35:00,5,66.38892038418905,96.53817586206041,37.07200887174981,0
2024-01-01 18:36:00,5,63.342001192248134,96.43815785512034,37.3019615690056,0
2024-01-01 18:37:00,5,68.06048965076202,96.52532900564744,37.28338966049403,0
2024-01-01 18:38:00,5,64.40493056096186,97.0663187819713,37.2312211462644,0
2024-01-01 18:39:00,5,64.11720432797507,96.97195774246774,37.36505806740408,0
2024-01-01 18:40:00,5,64.21489383349846,96.93645828245108,37.17317849137301,0
2024-01-01 18:41:00,5,65.4660799878622,96.77717353439462,37.23395539837694,0
2024-01-01 18:42:00,5,63.440864544124956,96.80934272754314,37.00969381137537,0
2024-01-01 18:43:00,5,63.831511054143306,96.75984596406141,37.13603333882694,0
2024-01-01 18:44:00,5,66.43499988034182,96.49215401407693,37.177616033713534,0
2024-01-01 18:45:00,5,63.1634264765206,96.93504855319684,37.07347688329673,0
2024-01-01 18:46:00,5,66.30407240962876,96.97203197501645,37.18920854497615,0
2024-01-01 18:47:00,5,66.87148960484666,96.56743020916257,36.96526248201923,0
2024-01-01 18:48:00,5,66.560972172043,96.56326233332622,37.210601822064675,0
2024-01-01 18:49:00,5,65.70226050198954,96.85989659290766,37.11555061839807,0
2024-01-01 18:50:00,5,61.63616794897404,96.85418025650132,37.07867589153536,0
2024-01-01 18:51:00,5,62.8327711511236,96.9281893866788,37.230117743848645,0
2024-01-01 18:52:00,5,62.553326277645574,97.06044916541023,37.30050872883457,0
2024-01-01 18:53:00,5,64.51738380848825,96.56224973862923,37.24162340106839,0
2024-01-01 18:54:00,5,65.3468675393635,96.75354748757916,37.069589539065284,0
2024-01-01 18:55:00,5,62.912653193974066,96.56597462582012,37.21581393650777,0
2024-01-01 18:56:00,5,64.96007877681446,96.57653018673103,37.12164295480423,0
2024-01-01 18:57:00,5,66.68464368585137,96.67243721664549,37.25839576282467,0
2024-01-01 18:58:00,5,63.32976905607779,97.04265418327667,37.16575361643253,0
2024-01-01 18:59:00,5,63.70147602072113,96.97175184627683,36.994349058544316,0
2024-01-01 19:00:00,5,67.71166501768563,96.73204772067173,37.11574154183272,0
2024-01-01 19:01:00,5,63.50668422512202,96.31203556136435,37.055535649782826,0
2024-01-01 19:02:00,5,66.05755733527153,96.8180746338203,37.05843432944024,0
2024-01-01 19:03:00,5,67.86342364755025,96.80973637270196,37.101732558470516,0
2024-01-01 19:04:00,5,63.03401372566162,96.54538631475516,37.15969348035719,0
2024-01-01 19:05:00,5,63.1959105167608,96.89456783862362,37.22110071554511,0
2024-01-01 19:06:00,5,64.9587676043293,96.5342080002463,37.075754779959624,0
2024-01-01 19:07:00,5,65.56956812299241,96.88668581373193,37.24754406594727,0
2024-01-01 19:08:00,5,64.16397778452595,96.76573758467376,36.95399376453417,0
2024-01-01 19:09:00,5,69.40275504641843,96.42196955024195,37.038380800019794,0
2024-01-01 19:10:00,5,66.55062729121721,96.63806707347658,37.32491206208451,0
2024-01-01 19:11:00,5,63.87811537888768,96.73574459118065,37.00371925971119,0
2024-01-01 19:12:00,5,,,,1
2024-01-01 19:13:00,5,65.38801022510916,96.90642095099454,37.11111171583781,0
2024-01-01 19:14:00,5,66.40560104722687,96.92786012153073,37.10445887726673,0
2024-01-01 19:15:00,5,69.22292318759975,96.64512334850393,37.20288692834232,0
2024-01-01 19:16:00,5,65.70791369889453,96.80127907867684,37.186674563375846,0
2024-01-01 19:17:00,5,65.08495630113525,97.00759197135322,37.23831194444655,0
2024-01-01 19:18:00,5,63.63221910158691,96.47888595143057,37.077992101862876,0
2024-01-01 19:19:00,5,66.34093865795637,96.55766499904098,37.11473993124431,0
2024-01-01 19:20:00,5,67.64854563834041,96.34489273651236,37.07314746383452,0
2024-01-01 19:21:00,5,62.05559621540527,96.5463206870981,36.98468726566869,0
2024-01-01 19:22:00,5,65.79505801993913,96.71047579121593,37.11063147218514,0
2024-01-01 19:23:00,5,63.62090111596166,96.24282784376221,37.07475650341755,0
2024-01-01 19:24:00,5,62.96178845585535,96.75022914528608,40.0,1
2024-01-01 19:25:00,5,69.08075183233476,96.5651400407221,37.197491237559035,0
2024-01-01 19:26:00,5,67.4834330682339,96.64388888740262,37.09899306091497,0
2024-01-01 19:27:00,5,64.51262992059264,96.4194901707354,37.01177626675665,0
2024-01-01 19:28:00,5,65.41854100504149,96.62967977832659,37.112644055598246,0
2024-01-01 19:29:00,5,65.12350494249573,96.98286591847602,37.024579269068106,0
2024-01-01 19:30:00,5,63.52358488280302,96.56398611990312,37.09471527231728,0
2024-01-01 19:31:00,5,64.71017793416408,96.19830767702915,37.21084909504328,0
2024-01-01 19:32:00,5,67.37683573569949,96.88062503387532,37.10955397882139,0
2024-01-01 19:33:00,5,64.69457115507815,96.7433632686199,37.0185107846145,0
2024-01-01 19:34:00,5,66.77170904925973,96.65071322304162,36.961649450484714,0
2024-01-01 19:35:00,5,64.74517370964935,96.74257413253069,36.99082616364802,0
2024-01-01 19:36:00,5,63.51071152611649,96.64255426737945,37.140969004935315,0
2024-01-01 19:37:00,5,68.28590834542004,96.9518201296274,37.051602924768424,0
2024-01-01 19:38:00,5,61.65453228319319,96.77071137337758,37.110720237439764,0
2024-01-01 19:39:00,5,69.50355866544528,96.52620006212723,37.024255357095754,0
2024-01-01 19:40:00,5,67.94799005745416,96.9130787084269,36.95634841402462,0
2024-01-01 19:41:00,5,66.33620831710154,96.97591678827614,37.10704519798465,0
2024-01-01 19:42:00,5,65.09787615429615,96.79125429589854,36.96370567368986,0
2024-01-01 19:43:00,5,65.27278317497434,96.68785891725224,37.00124461067927,0
2024-01-01 19:44:00,5,66.43278108796284,96.43297512700633,36.917081449598996,0
2024-01-01 19:45:00,5,66.41676966415777,96.73827802448791,36.94338133874602,0
2024-01-01 19:46:00,5,64.14840942981719,96.67613359714571,37.12389572215982,0
2024-01-01 19:47:00,5,66.22203227723521,96.59058055145152,37.13652601345822,0
2024-01-01 19:48:00,5,66.62376669463143,96.7332383008472,37.13829794640199,0
2024-01-01 19:49:00,5,65.5250860792506,96.6082707576013,37.1360486903042,0
2024-01-01 19:50:00,5,70.62498181594673,96.69812162918497,36.988554111292096,0
2024-01-01 19:51:00,5,65.89904857058565,96.79306794295161,37.08789365446429,0
2024-01-01 19:52:00,5,62.66084705178925,96.31725203067398,37.12403651336319,0
2024-01-01 19:53:00,5,,,,1
2024-01-01 19:54:00,5,67.63621735367022,96.3962595282887,37.03290260037987,0
2024-01-01 19:55:00,5,64.80536644073185,96.96437036106818,36.99815151898546,0
2024-01-01 19:56:00,5,64.28386080429115,96.70076031582128,36.82115869332177,0
2024-01-01 19:57:00,5,69.08355417153132,96.71711858379166,37.038240232290256,0
2024-01-01 19:58:00,5,66.65396357516813,96.79544437752585,36.931599183871256,0
2024-01-01 19:59:00,5,65.13367247048265,96.35802073569165,37.105559073210166,0
2024-01-01 20:00:00,5,60.820483100428376,96.15752338424497,36.92158162852863,0
2024-01-01 20:01:00,5,67.62072508406705,96.550468037676,37.02810861576261,0
2024-01-01 20:02:00,5,66.433228831516,96.74044918970688,37.003796877905046,0
2024-01-01 20:03:00,5,69.02612759903104,96.51934401596755,36.81766320342998,0
2024-01-01 20:04:00,5,64.25797658180194,96.2828363986414,36.95531186346567,0
2024-01-01 20:05:00,5,65.72340588946858,96.37377374129774,37.02046046454945,0
2024-01-01 20:06:00,5,67.09000110249012,96.31699690473486,37.08447258327347,0
2024-01-01 20:07:00,5,69.02768525363481,96.42843891441771,36.98136786140547,0
2024-01-01 20:08:00,5,67.05592535537012,96.3171332559634,37.067518844955345,0
2024-01-01 20:09:00,5,65.14746028391512,96.57649708539044,37.02804633382818,0
2024-01-01 20:10:00,5,69.18138824256468,96.4357914731729,37.028795120666146,0
2024-01-01 20:11:00,5,65.98496475151532,96.67019534624733,37.030675737021326,0
2024-01-01 20:12:00,5,66.99342505324026,96.34644927003565,36.939079910748696,0
2024-01-01 20:13:00,5,68.15870591112787,96.59108514136612,36.865042778584474,0
2024-01-01 20:14:00,5,69.8079117797132,96.53080191621592,37.11835896566088,0
2024-01-01 20:15:00,5,67.4435990913821,96.6158687260762,37.03564918103468,0
2024-01-01 20:16:00,5,71.90486397283466,96.64238217889617,36.94940861927336,0
2024-01-01 20:17:00,5,66.57583100676251,96.66218036901856,37.015419717892364,0
2024-01-01 20:18:00,5,67.3668451039145,96.6980504390594,36.99089801386103,0
2024-01-01 20:19:00,5,65.56735989328868,96.63884046804104,36.86320947577555,0
2024-01-01 20:20:00,5,67.47493558583712,96.58847453562285,36.912313100429074,0
2024-01-01 20:21:00,5,67.44930787790759,96.39411159480119,37.07622137709898,0
2024-01-01 20:22:00,5,68.97182344336963,96.69619477447992,36.940538960924826,0
2024-01-01 20:23:00,5,67.79501025813799,96.38529770090302,36.976093585078246,0
2024-01-01 20:24:00,5,65.87722365425944,96.464955301971,37.06204442281397,0
2024-01-01 20:25:00,5,67.47037989362265,96.34970709880145,36.93277413988495,0
2024-01-01 20:26:00,5,65.63886149545017,96.34427769267901,36.83800558192198,0
2024-01-01 20:27:00,5,68.10876574279854,96.45614644184009,36.94001767801668,0
2024-01-01 20:28:00,5,65.91778028319841,96.47175034615685,36.87041059510726,0
2024-01-01 20:29:00,5,64.26658726505936,96.35449115368324,36.78465880358266,0
2024-01-01 20:30:00,5,64.82901495037812,96.52047789450641,37.00170543776773,0
2024-01-01 20:31:00,5,64.76601578199298,96.54635724158588,36.893366378292825,0
2024-01-01 20:32:00,5,66.08681838660533,96.40498617115648,36.61808391754433,0
2024-01-01 20:33:00,5,65.47544045452594,96.9708836869872,36.939588349507076,0
2024-01-01 20:34:00,5,67.15305535452282,96.57852656766241,36.938459965254545,0
2024-01-01 20:35:00,5,66.44071626481424,96.53470816104206,37.104611314895855,0
2024-01-01 20:36:00,5,68.28454522949424,96.37496954797764,36.90678755735851,0
2024-01-01 20:37:00,5,68.0453139863154,96.53687202009975,37.011652447557225,0
2024-01-01 20:38:00,5,66.65989002476392,96.55664450600192,36.96725108114606,0
2024-01-01 20:39:00,5,69.82029660302823,96.50700693094257,36.84137305759615,0
2024-01-01 20:40:00,5,65.51090014179023,96.79068735032408,36.932882010043436,0
2024-01-01 20:41:00,5,69.40493057818264,96.16595581711172,36.879365716686515,0
2024-01-01 20:42:00,5,67.73276596376954,96.42950485290419,36.824805874735574,0
2024-01-01 20:43:00,5,41.660220305531766,86.64771610588038,37.339714665619915,1
2024-01-01 20:44:00,5,44.73654845652207,86.32502256352463,37.323951625973855,1
2024-01-01 20:45:00,5,43.62085174731915,86.19446442310891,37.38604097595137,1
2024-01-01 20:46:00,5,40.384314206507426,86.39950268643656,37.38438522774255,1
2024-01-01 20:47:00,5,43.292618663220495,86.71158747791918,37.3277461841273,1
2024-01-01 20:48:00,5,68.31989476381672,96.32776575809817,36.859795103307334,0
2024-01-01 20:49:00,5,69.63810392608792,96.43066785379082,36.69092558459121,0
2024-01-01 20:50:00,5,68.82360449245338,96.58588303754344,36.77560625226046,0
2024-01-01 20:51:00,5,68.99638527277371,96.38539748259761,36.84515752105183,0
2024-01-01 20:52:00,5,66.82964533233235,96.4129773063069,37.03954161427353,0
2024-01-01 20:53:00,5,67.32296376629627,96.37030501939847,36.93369155071443,0
2024-01-01 20:54:00,5,67.2682045382896,96.38694479645427,36.7706530945717,0
2024-01-01 20:55:00,5,64.60532920502166,96.26773726417512,37.027905557699015,0
2024-01-01 20:56:00,5,70.40641997342712,96.44872944292568,36.864323836789445,0
2024-01-01 20:57:00,5,65.62530489669926,96.71293285106238,36.749106289133096,0
2024-01-01 20:58:00,5,68.43172628216153,96.81658598328823,36.852786518180444,0
2024-01-01 20:59:00,5,67.26288926996308,96.74996335546348,36.957319185003726,0
2024-01-01 21:00:00,5,67.47912170220866,96.52755372218941,36.743595125287705,0
2024-01-01 21:01:00,5,69.34214356432629,96.83183703350332,36.751534539322066,0
2024-01-01 21:02:00,5,66.45761750812716,96.96072946298258,37.033986134304975,0
2024-01-01 21:03:00,5,68.96273805763111,96.53654180624561,36.88122821610647,0
2024-01-01 21:04:00,5,69.01328054953032,96.30234015474838,36.802676238026834,0
2024-01-01 21:05:00,5,66.56143859194457,96.76304521343286,36.837503268706634,0
2024-01-01 21:06:00,5,69.96667598651698,96.26020378475422,36.87498539769818,0
2024-01-01 21:07:00,5,70.91106219627237,96.32388011766658,36.82542258291785,0
2024-01-01 21:08:00,5,72.25763480225791,96.08499409326203,36.978112407625964,0
2024-01-01 21:09:00,5,67.71623326565731,96.64734065977758,36.85141082458406,0
2024-01-01 21:10:00,5,68.6547853520416,96.03916418187191,36.90630423949448,0
2024-01-01 21:11:00,5,68.80928648125537,96.70125627912054,36.84670800195811,0
2024-01-01 21:12:00,5,69.66894846057517,96.86504546785004,36.833112456920766,0
2024-01-01 21:13:00,5,71.86711002589324,96.84922104097443,36.92464160206438,0
2024-01-01 21:14:00,5,69.37643638921469,96.25104831240459,36.92526515314286,0
2024-01-01 21:15:00,5,69.46377686822859,96.1320577313446,36.6690714498898,0
2024-01-01 21:16:00,5,66.27931847724146,96.37692221368381,36.82908500809044,0
2024-01-01 21:17:00,5,72.59907271075241,96.6819176623699,37.03459707286683,0
2024-01-01 21:18:00,5,67.5843499190623,96.74753459223167,36.78365248839444,0
2024-01-01 21:19:00,5,63.249160014717944,96.64041200669602,36.87234746843006,0
2024-01-01 21:20:00,5,94.05051033369243,86.613885973317,37.95036841030151,1
2024-01-01 21:21:00,5,99.28567526674598,86.9812962070386,37.71355962682025,1
2024-01-01 21:22:00,5,96.1230335802045,86.41433412569876,37.78580791504251,1
2024-01-01 21:23:00,5,98.81069097543516,86.35523302529278,37.66473918033053,1
2024-01-01 21:24:00,5,95.74760634811955,86.2739243274223,37.83119627115907,1
2024-01-01 21:25:00,5,69.38128236097192,96.59930332101689,36.85808703872147,0
2024-01-01 21:26:00,5,69.93396831100048,96.47779673007845,36.88283340839305,0
2024-01-01 21:27:00,5,69.19142704697374,96.6797366557572,36.97478111857923,0
2024-01-01 21:28:00,5,67.48153969394053,96.4257018594619,36.82270131154323,0
2024-01-01 21:29:00,5,70.6659021365338,96.64267598829352,36.70006658251389,0
2024-01-01 21:30:00,5,68.14473744572952,96.4412929908522,36.726244908426516,0
2024-01-01 21:31:00,5,68.60155393061235,96.48670468125401,36.73715284089143,0
2024-01-01 21:32:00,5,67.99379020549556,96.50686568345958,36.83322357822626,0
2024-01-01 21:33:00,5,68.51238167913903,96.18165806008625,37.04655798240269,0
2024-01-01 21:34:00,5,72.82585624803177,96.49501253448221,36.80349473451947,0
2024-01-01 21:35:00,5,69.10871303491338,96.63676555996743,36.94727535201779,0
2024-01-01 21:36:00,5,66.61473135714087,96.32807845097408,36.797668083422124,0
2024-01-01 21:37:00,5,67.27096524053586,96.90912524590725,36.692153704445545,0
2024-01-01 21:38:00,5,68.67268959289241,96.52951385952541,36.72594038654068,0
2024-01-01 21:39:00,5,67.6714782487602,96.40464823358292,36.73397251890623,0
2024-01-01 21:40:00,5,71.19588856468874,96.40006566356557,36.79399145025759,0
2024-01-01 21:41:00,5,66.4986066829266,96.80716230575065,36.84613971717852,0
2024-01-01 21:42:00,5,69.13038390286339,96.36967776995061,36.739132410448775,0
2024-01-01 21:43:00,5,71.42592612713561,96.59587318448646,36.88348356022123,0
2024-01-01 21:44:00,5,68.18070680223731,96.7145109730558,36.908612445482056,0
2024-01-01 21:45:00,5,70.35535973264017,96.65043211349469,36.77705836471587,0
2024-01-01 21:46:00,5,69.43303247679789,96.42877384436385,36.89474399874265,0
2024-01-01 21:47:00,5,69.48714331373675,96.71090896973638,36.60827655864071,0
2024-01-01 21:48:00,5,70.61070145258205,96.57601007610242,36.5662802419508,0
2024-01-01 21:49:00,5,65.90595620468835,96.2026912738837,36.88502092444639,0
2024-01-01 21:50:00,5,72.06727112935442,96.79319222154514,36.7592224563577,0
2024-01-01 21:51:00,5,65.90354168759909,96.42771580698468,37.02148577682279,0
2024-01-01 21:52:00,5,72.0064184054909,96.51724037543184,36.791574857393904,0
2024-01-01 21:53:00,5,70.63978160315575,96.61621649345634,36.70060656142599,0
2024-01-01 21:54:00,5,70.75530928162803,96.44994131002743,36.96911229127912,0
2024-01-01 21:55:00,5,73.07552625856715,96.70973135539305,36.865864592951674,0
2024-01-01 21:56:00,5,72.25076831134812,96.33964551982373,36.95504063316606,0
2024-01-01 21:57:00,5,71.5497795227306,96.44763481998497,36.74142152402322,0
2024-01-01 21:58:00,5,69.3700325914152,96.80978624177935,36.83646536677593,0
2024-01-01 21:59:00,5,69.27542174647603,96.57186088394032,36.71244117090011,0
2024-01-01 22:00:00,5,71.71765559697013,96.35763956036587,36.62542647664832,0
2024-01-01 22:01:00,5,70.97834508825525,96.58697782292423,36.87430671946977,0
2024-01-01 22:02:00,5,70.71303845594633,96.65382541370013,36.75446185737874,0
2024-01-01 22:03:00,5,70.03493613177585,96.25858581497225,36.70068320709706,0
2024-01-01 22:04:00,5,69.37144149457647,96.90897387311105,36.66160115548153,0
2024-01-01 22:05:00,5,67.44537657805385,96.93835726385005,36.818873447740934,0
2024-01-01 22:06:00,5,71.55090019716819,96.60686822113604,36.80723436907536,0
2024-01-01 22:07:00,5,69.93892038308044,96.54527507249234,36.75272784870907,0
2024-01-01 22:08:00,5,69.84751069783101,96.59233517949185,36.733943251994866,0
2024-01-01 22:09:00,5,66.75443729383244,96.76884295475129,36.87829307876573,0
2024-01-01 22:10:00,5,70.60372555532459,96.68327227223511,36.553816496785515,0
2024-01-01 22:11:00,5,67.73042806365412,96.64314474375574,36.86552878503676,0
2024-01-01 22:12:00,5,69.62685904011614,96.87434468342657,36.849377322992694,0
2024-01-01 22:13:00,5,72.12055156991703,96.82667665527504,36.68027564505981,0
2024-01-01 22:14:00,5,70.70081189773173,96.41114685576879,36.61037391202794,0
2024-01-01 22:15:00,5,70.40269493316013,96.78327972041356,36.863187134604,0
2024-01-01 22:16:00,5,69.19950121606371,96.8388256981955,36.68750846123229,0
2024-01-01 22:17:00,5,69.59701489760157,96.66688439493426,36.9628218421585,0
2024-01-01 22:18:00,5,73.90226963968742,96.73379966435695,37.01791540527336,0
2024-01-01 22:19:00,5,72.33054123383513,96.5552953271729,36.84944352638349,0
2024-01-01 22:20:00,5,69.88648134822265,96.3787180834136,36.797318753682866,0
2024-01-01 22:21:00,5,70.63930504608005,96.99990603793448,36.78628295454338,0
2024-01-01 22:22:00,5,71.38479717948788,96.35743491712833,36.63834972876092,0
2024-01-01 22:23:00,5,71.80614106208185,96.9644846247327,36.781162433568184,0
2024-01-01 22:24:00,5,70.92126452955812,96.61811697230839,36.76469066339667,0
2024-01-01 22:25:00,5,67.46913856679926,96.8836167471104,36.74779728521229,0
2024-01-01 22:26:00,5,70.98701209564967,96.64170195816432,36.85148247935016,0
2024-01-01 22:27:00,5,70.90514090917219,96.82761852872396,36.826354939096944,0
2024-01-01 22:28:00,5,75.24494436185532,96.73295231904727,36.892795648591374,0
2024-01-01 22:29:00,5,76.55415116917447,96.51237837296729,36.77080501742261,0
2024-01-01 22:30:00,5,72.49534562432915,96.67617685518321,36.876440024952565,0
2024-01-01 22:31:00,5,69.8972043467202,96.62389283908995,36.818021053943085,0
2024-01-01 22:32:00,5,72.65000770046558,96.78422749731318,36.877945170750635,0
2024-01-01 22:33:00,5,67.93557645861534,96.68711839655555,36.81164408544909,0
2024-01-01 22:34:00,5,70.30785500159408,96.7192462947614,36.99836088628702,0
2024-01-01 22:35:00,5,68.16117300455434,96.46007115391373,36.577563331138975,0
2024-01-01 22:36:00,5,72.55584215581831,96.41287515079428,36.88549395689025,0
2024-01-01 22:37:00,5,69.0742552351978,96.6859084410638,36.909811510794,0
2024-01-01 22:38:00,5,70.96254543056054,96.7113996758297,36.69875294086946,0
2024-01-01 22:39:00,5,,,,1
2024-01-01 22:40:00,5,71.56072031396354,96.79608740322652,36.83027982741255,0
2024-01-01 22:41:00,5,70.71396072703877,96.80816495657864,36.81692872496961,0
2024-01-01 22:42:00,5,72.37432145220959,96.71978670010895,36.86790952503331,0
2024-01-01 22:43:00,5,69.23366455778448,96.69513541664071,36.92094101993527,0
2024-01-01 22:44:00,5,75.26201086075109,96.44193951387746,36.84685197872805,0
2024-01-01 22:45:00,5,69.75669565457004,96.44206063718777,36.84516651883177,0
2024-01-01 22:46:00,5,71.9456551436515,96.78135249161284,36.92037890269467,0
2024-01-01 22:47:00,5,73.15767995015669,96.54032651913059,36.935004207873185,0
2024-01-01 22:48:00,5,73.31473887147084,96.55792066165235,36.87332956404588,0
2024-01-01 22:49:00,5,73.54163878065128,96.76879536752192,36.68649077742272,0
2024-01-01 22:50:00,5,68.84705322309104,97.12415498118673,36.74100439878063,0
2024-01-01 22:51:00,5,70.23952724918387,96.6407444146903,36.95295975703428,0
2024-01-01 22:52:00,5,72.38780770582055,97.13399785521042,36.81834769790306,0
2024-01-01 22:53:00,5,73.12026059210447,96.71226140641872,36.787979136194934,0
2024-01-01 22:54:00,5,74.71407434500959,96.84395463164718,36.89355056272715,0
2024-01-01 22:55:00,5,71.21372323864064,96.92681905099609,36.882889053894885,0
2024-01-01 22:56:00,5,70.47376900447371,96.94509135316908,36.831244187220456,0
2024-01-01 22:57:00,5,71.23214528892973,96.81013277854306,36.92920266349824,0
2024-01-01 22:58:00,5,76.88676766464773,96.70013432216123,36.729860730833465,0
2024-01-01 22:59:00,5,75.41090832821565,96.91545585619346,36.685258289415025,0
2024-01-01 23:00:00,5,72.11326657885515,96.83843401538384,37.01062331567853,0
2024-01-01 23:01:00,5,75.06410474485166,96.67026823084981,36.74997196175025,0
2024-01-01 23:02:00,5,71.39182232413798,97.0430863105707,36.71660904155795,0
2024-01-01 23:03:00,5,74.48817071433228,96.85659403282209,36.833481642485154,0
2024-01-01 23:04:00,5,69.8636837778715,96.61913980668567,36.86509547454891,0
2024-01-01 23:05:00,5,73.37693483409268,96.59962719708379,36.82219818927339,0
2024-01-01 23:06:00,5,74.74537169026965,97.1685406083469,36.849194129737825,0
2024-01-01 23:07:00,5,72.09568635296284,96.68214971438455,36.73192493340985,0
2024-01-01 23:08:00,5,74.01834879423434,96.93519389503065,36.94748544949352,0
2024-01-01 23:09:00,5,71.71100869787371,96.86392425090439,36.725213140632974,0
2024-01-01 23:10:00,5,73.48385865160328,96.93630810357907,36.88251439780085,0
2024-01-01 23:11:00,5,71.95637095146625,97.17886144292304,36.905764010869824,0
2024-01-01 23:12:00,5,74.60046287048388,96.9999579969048,36.949391023224834,0
2024-01-01 23:13:00,5,70.47621855614746,96.97166019537875,36.90938437302144,0
2024-01-01 23:14:00,5,71.01732365195704,96.76915767983901,36.7799877277688,0
2024-01-01 23:15:00,5,75.70201821787785,96.67965836565448,36.84988198528678,0
2024-01-01 23:16:00,5,68.21452923304625,97.3005212175477,36.82281314399374,0
2024-01-01 23:17:00,5,71.89437547769606,96.81232989973532,36.73813270066392,0
2024-01-01 23:18:00,5,72.93518069662639,96.80344205751562,36.94123468342561,0
2024-01-01 23:19:00,5,73.96833941121282,96.88663453129934,36.8242709545672,0
2024-01-01 23:20:00,5,72.34972655113542,96.87127612477724,36.917086622099866,0
2024-01-01 23:21:00,5,71.09686604203534,97.15566222423125,36.89339663091654,0
2024-01-01 23:22:00,5,75.84402785908946,96.94916264934882,36.793230987348075,0
2024-01-01 23:23:00,5,75.5410927986867,96.58340282623526,36.78887440985326,0
2024-01-01 23:24:00,5,72.71913760412285,96.71761827790652,36.877978329965465,0
2024-01-01 23:25:00,5,69.93954425137402,96.8558574428734,36.78249161448286,0
2024-01-01 23:26:00,5,74.17641971676926,97.06302460810461,37.015091126576145,0
2024-01-01 23:27:00,5,73.97080922019143,96.55800208292231,37.053094177622654,0
2024-01-01 23:28:00,5,72.31644186180677,96.96506677419947,36.99930234243524,0
2024-01-01 23:29:00,5,69.78371012264431,97.01676516991645,36.958319936625635,0
2024-01-01 23:30:00,5,73.19402958286535,97.05119815210395,36.931967315276424,0
2024-01-01 23:31:00,5,75.3135754771416,96.8629390258366,36.82349213434584,0
2024-01-01 23:32:00,5,75.65814768401177,97.09304568691796,37.0134866087406,0
2024-01-01 23:33:00,5,73.77881536952982,96.7244451692729,37.07027799937284,0
2024-01-01 23:34:00,5,72.66363087820898,97.08080465211334,36.901726150637415,0
2024-01-01 23:35:00,5,75.4229185614138,96.88364378799898,36.93452198212841,0
2024-01-01 23:36:00,5,71.72340475005034,96.90882481326777,36.85986741402194,0
2024-01-01 23:37:00,5,71.33130143130691,96.91088446575964,36.91003484108436,0
2024-01-01 23:38:00,5,73.90742883462066,97.03884395116467,36.819920279586675,0
2024-01-01 23:39:00,5,77.22073247499782,96.69215493752795,36.91927533598557,0
2024-01-01 23:40:00,5,77.33924812193845,97.09447747917855,36.99400493836081,0
2024-01-01 23:41:00,5,71.5793092561181,97.09590127825389,36.9857950275799,0
2024-01-01 23:42:00,5,73.38388527754213,96.86574766454225,36.980899205582006,0
2024-01-01 23:43:00,5,79.16974285469816,96.93085893944813,36.71426033102748,0
2024-01-01 23:44:00,5,72.96867820965261,96.76280266663728,36.96575601945195,0
2024-01-01 23:45:00,5,77.6285690549936,96.70694814413896,37.02484310165783,0
2024-01-01 23:46:00,5,76.38469970271801,96.98284219656075,36.96523006162676,0
2024-01-01 23:47:00,5,76.85799329297772,96.98847408703709,37.08223265273296,0
2024-01-01 23:48:00,5,73.62817396046607,96.88463136672426,36.96131276082197,0
2024-01-01 23:49:00,5,73.73098266892579,96.70643611302975,37.01359276822642,0
2024-01-01 23:50:00,5,72.78589676033269,97.0521547259403,36.87620527482566,0
2024-01-01 23:51:00,5,76.24842547409935,96.89283673518923,37.037702100100844,0
2024-01-01 23:52:00,5,71.42138536437346,96.81958625442093,37.06036420660986,0
2024-01-01 23:53:00,5,74.41124774634046,97.2290002508539,36.91293883942833,0
2024-01-01 23:54:00,5,78.05064337281334,96.78314420999402,36.843964327037874,0
2024-01-01 23:55:00,5,76.01443468130279,97.09492165217262,36.94444320036499,0
2024-01-01 23:56:00,5,76.87429015094179,96.68699476259711,36.892326553040846,0
2024-01-01 23:57:00,5,71.62458273119339,96.70402457260886,37.0546503073139,0
2024-01-01 23:58:00,5,72.96817059653227,97.09216938179433,36.94849183825771,0
2024-01-01 23:59:00,5,77.36831295864465,96.93277265215012,37.0718408476427,0
